configuration_id,configuration,track,instance_id,family,params,reference_type,reference,valid,objective,relative_quality,source_file,source_sha256,source_line,source_pointer,source_configuration
qwen4,Qwen3.5-4B high,tool-free,capset-e561943a0230,capset,"{""d"": 10}",published,2432,True,1024,0.42105263157894735,bench/results/Qwen_Qwen3.5-4B-think-high@128k#A3.jsonl,b6b6ce6129972039fa8db633de394013731aa3288186a8d44cdd7775f98bffbe,2,,think-high@128k#A3
qwen4,Qwen3.5-4B high,tool-free,capset-fb287354fb10,capset,"{""d"": 11}",published,5504,True,2048,0.37209302325581395,bench/results/Qwen_Qwen3.5-4B-think-high@128k#A3.jsonl,b6b6ce6129972039fa8db633de394013731aa3288186a8d44cdd7775f98bffbe,3,,think-high@128k#A3
qwen4,Qwen3.5-4B high,tool-free,labs-8e3bca55269d,labs,"{""N"": 280}",construction,5.577689243027889,False,0,0.0,bench/results/Qwen_Qwen3.5-4B-think-high@128k#A3.jsonl,b6b6ce6129972039fa8db633de394013731aa3288186a8d44cdd7775f98bffbe,6,,think-high@128k#A3
qwen4,Qwen3.5-4B high,tool-free,labs-0b0c9e75a95d,labs,"{""N"": 375}",construction,5.919058843336981,False,0,0.0,bench/results/Qwen_Qwen3.5-4B-think-high@128k#A3.jsonl,b6b6ce6129972039fa8db633de394013731aa3288186a8d44cdd7775f98bffbe,7,,think-high@128k#A3
qwen4,Qwen3.5-4B high,tool-free,labs-69bcd35b5eda,labs,"{""N"": 357}",construction,5.862419503219871,False,0,0.0,bench/results/Qwen_Qwen3.5-4B-think-high@128k#A3.jsonl,b6b6ce6129972039fa8db633de394013731aa3288186a8d44cdd7775f98bffbe,8,,think-high@128k#A3
qwen4,Qwen3.5-4B high,tool-free,labs-112648954874,labs,"{""N"": 281}",construction,5.65299255441008,False,0,0.0,bench/results/Qwen_Qwen3.5-4B-think-high@128k#A3.jsonl,b6b6ce6129972039fa8db633de394013731aa3288186a8d44cdd7775f98bffbe,11,,think-high@128k#A3
qwen4,Qwen3.5-4B high,tool-free,labs-824c59888322,labs,"{""N"": 240}",construction,5.858421480878763,False,0,0.0,bench/results/Qwen_Qwen3.5-4B-think-high@128k#A3.jsonl,b6b6ce6129972039fa8db633de394013731aa3288186a8d44cdd7775f98bffbe,9,,think-high@128k#A3
qwen4,Qwen3.5-4B high,tool-free,heilbronn-c4d41ce5a93d,heilbronn,"{""n"": 46}",construction,0.00047375,False,0,0.0,bench/results/Qwen_Qwen3.5-4B-think-high@128k#A3.jsonl,b6b6ce6129972039fa8db633de394013731aa3288186a8d44cdd7775f98bffbe,10,,think-high@128k#A3
qwen4,Qwen3.5-4B high,tool-free,heilbronn-0c621382b805,heilbronn,"{""n"": 26}",construction,0.002620975,True,0.0,0.0,bench/results/Qwen_Qwen3.5-4B-think-high@128k#A3.jsonl,b6b6ce6129972039fa8db633de394013731aa3288186a8d44cdd7775f98bffbe,12,,think-high@128k#A3
qwen4,Qwen3.5-4B high,tool-free,heilbronn-a5c5c8aa2e3f,heilbronn,"{""n"": 40}",construction,0.0006907,False,0,0.0,bench/results/Qwen_Qwen3.5-4B-think-high@128k#A3.jsonl,b6b6ce6129972039fa8db633de394013731aa3288186a8d44cdd7775f98bffbe,15,,think-high@128k#A3
qwen4,Qwen3.5-4B high,tool-free,heilbronn-d9588eea537f,heilbronn,"{""n"": 50}",construction,0.0002857,False,0,0.0,bench/results/Qwen_Qwen3.5-4B-think-high@128k#A3.jsonl,b6b6ce6129972039fa8db633de394013731aa3288186a8d44cdd7775f98bffbe,13,,think-high@128k#A3
qwen4,Qwen3.5-4B high,tool-free,heilbronn-ce0964a3b547,heilbronn,"{""n"": 48}",construction,0.00037548,False,0,0.0,bench/results/Qwen_Qwen3.5-4B-think-high@128k#A3.jsonl,b6b6ce6129972039fa8db633de394013731aa3288186a8d44cdd7775f98bffbe,14,,think-high@128k#A3
qwen4,Qwen3.5-4B high,tool-free,kissing-7c7466431087,kissing,"{""d"": 14}",published,1932,False,0,0.0,bench/results/Qwen_Qwen3.5-4B-think-high@128k#A3.jsonl,b6b6ce6129972039fa8db633de394013731aa3288186a8d44cdd7775f98bffbe,16,,think-high@128k#A3
qwen4,Qwen3.5-4B high,tool-free,kissing-0e2702baa0cb,kissing,"{""d"": 15}",published,2564,True,420,0.16380655226209048,bench/results/Qwen_Qwen3.5-4B-think-high@128k#A3.jsonl,b6b6ce6129972039fa8db633de394013731aa3288186a8d44cdd7775f98bffbe,18,,think-high@128k#A3
qwen4,Qwen3.5-4B high,tool-free,corners-5c0a651526bb,corners,"{""n"": 138}",construction,3120,True,1088,0.3487179487179487,bench/results/Qwen_Qwen3.5-4B-think-high@128k#A3.jsonl,b6b6ce6129972039fa8db633de394013731aa3288186a8d44cdd7775f98bffbe,21,,think-high@128k#A3
qwen4,Qwen3.5-4B high,tool-free,corners-df38f45e8b38,corners,"{""n"": 183}",construction,4698,True,1068,0.227330779054917,bench/results/Qwen_Qwen3.5-4B-think-high@128k#A3.jsonl,b6b6ce6129972039fa8db633de394013731aa3288186a8d44cdd7775f98bffbe,22,,think-high@128k#A3
qwen4,Qwen3.5-4B high,tool-free,corners-dce415bc82c9,corners,"{""n"": 150}",construction,3504,True,152,0.04337899543378995,bench/results/Qwen_Qwen3.5-4B-think-high@128k#A3.jsonl,b6b6ce6129972039fa8db633de394013731aa3288186a8d44cdd7775f98bffbe,23,,think-high@128k#A3
qwen4,Qwen3.5-4B high,tool-free,corners-299b1caf450c,corners,"{""n"": 162}",construction,3888,True,640,0.1646090534979424,bench/results/Qwen_Qwen3.5-4B-think-high@128k#A3.jsonl,b6b6ce6129972039fa8db633de394013731aa3288186a8d44cdd7775f98bffbe,24,,think-high@128k#A3
qwen4,Qwen3.5-4B high,tool-free,corners-b92c953c9648,corners,"{""n"": 185}",construction,4786,False,0,0.0,bench/results/Qwen_Qwen3.5-4B-think-high@128k#A3.jsonl,b6b6ce6129972039fa8db633de394013731aa3288186a8d44cdd7775f98bffbe,26,,think-high@128k#A3
qwen4,Qwen3.5-4B high,tool-free,kissing_theta-48ea4a32bea2,kissing_theta,"{""cos100"": 24, ""d"": 12}",construction,28,True,24,0.8571428571428571,bench/results/Qwen_Qwen3.5-4B-think-high@128k#A3.jsonl,b6b6ce6129972039fa8db633de394013731aa3288186a8d44cdd7775f98bffbe,25,,think-high@128k#A3
qwen4,Qwen3.5-4B high,tool-free,kissing_theta-88cc99fc7fbd,kissing_theta,"{""cos100"": 39, ""d"": 12}",construction,152,True,16,0.10526315789473684,bench/results/Qwen_Qwen3.5-4B-think-high@128k#A3.jsonl,b6b6ce6129972039fa8db633de394013731aa3288186a8d44cdd7775f98bffbe,27,,think-high@128k#A3
qwen4,Qwen3.5-4B high,tool-free,kissing_theta-18c29aeaf14f,kissing_theta,"{""cos100"": 36, ""d"": 14}",construction,124,True,18,0.14516129032258066,bench/results/Qwen_Qwen3.5-4B-think-high@128k#A3.jsonl,b6b6ce6129972039fa8db633de394013731aa3288186a8d44cdd7775f98bffbe,28,,think-high@128k#A3
qwen4,Qwen3.5-4B high,tool-free,kissing_theta-6cdc8634ec21,kissing_theta,"{""cos100"": 39, ""d"": 14}",construction,132,True,16,0.12121212121212122,bench/results/Qwen_Qwen3.5-4B-think-high@128k#A3.jsonl,b6b6ce6129972039fa8db633de394013731aa3288186a8d44cdd7775f98bffbe,29,,think-high@128k#A3
qwen4,Qwen3.5-4B high,tool-free,kissing_theta-5c1803b86d2d,kissing_theta,"{""cos100"": 36, ""d"": 12}",construction,152,True,14,0.09210526315789473,bench/results/Qwen_Qwen3.5-4B-think-high@128k#A3.jsonl,b6b6ce6129972039fa8db633de394013731aa3288186a8d44cdd7775f98bffbe,30,,think-high@128k#A3
qwen4,Qwen3.5-4B high,tool-free,heilbronn_shape-170f6064b3d7,heilbronn_shape,"{""T"": [[9026, 8197], [1769, 9178], [7298, 1276]], ""n"": 32}",construction,0.0014884960025223,False,0,0.0,bench/results/Qwen_Qwen3.5-4B-think-high@128k#A3.jsonl,b6b6ce6129972039fa8db633de394013731aa3288186a8d44cdd7775f98bffbe,31,,think-high@128k#A3
qwen4,Qwen3.5-4B high,tool-free,heilbronn_shape-0cef36bc9728,heilbronn_shape,"{""T"": [[578, 9933], [8598, 7337], [2075, 588]], ""n"": 34}",construction,0.0010042824240598402,False,0,0.0,bench/results/Qwen_Qwen3.5-4B-think-high@128k#A3.jsonl,b6b6ce6129972039fa8db633de394013731aa3288186a8d44cdd7775f98bffbe,33,,think-high@128k#A3
qwen4,Qwen3.5-4B high,tool-free,heilbronn_shape-0e86da8665f2,heilbronn_shape,"{""T"": [[411, 7999], [9004, 9890], [3031, 713]], ""n"": 31}",construction,0.0016863811501138092,False,0,0.0,bench/results/Qwen_Qwen3.5-4B-think-high@128k#A3.jsonl,b6b6ce6129972039fa8db633de394013731aa3288186a8d44cdd7775f98bffbe,36,,think-high@128k#A3
qwen4,Qwen3.5-4B high,tool-free,heilbronn_shape-4efe4b6d2f48,heilbronn_shape,"{""T"": [[7922, 8793], [9917, 1548], [1510, 3942]], ""n"": 40}",construction,0.0005937004438679532,False,0,0.0,bench/results/Qwen_Qwen3.5-4B-think-high@128k#A3.jsonl,b6b6ce6129972039fa8db633de394013731aa3288186a8d44cdd7775f98bffbe,32,,think-high@128k#A3
qwen4,Qwen3.5-4B high,tool-free,heilbronn_shape-7654620d3ab8,heilbronn_shape,"{""T"": [[526, 8526], [8696, 8279], [8084, 1688]], ""n"": 26}",construction,0.003982656623191187,False,0,0.0,bench/results/Qwen_Qwen3.5-4B-think-high@128k#A3.jsonl,b6b6ce6129972039fa8db633de394013731aa3288186a8d44cdd7775f98bffbe,37,,think-high@128k#A3
qwen4,Qwen3.5-4B high,tool-free,matmul-ffd9b6a99452,matmul,"{""m"": 4, ""n"": 4, ""p"": 5}",published,61,False,0,0.0,bench/results/Qwen_Qwen3.5-4B-think-high@128k#A3.jsonl,b6b6ce6129972039fa8db633de394013731aa3288186a8d44cdd7775f98bffbe,34,,think-high@128k#A3
qwen4,Qwen3.5-4B high,tool-free,matmul-7c87a93e97c3,matmul,"{""m"": 5, ""n"": 5, ""p"": 5}",published,93,False,0,0.0,bench/results/Qwen_Qwen3.5-4B-think-high@128k#A3.jsonl,b6b6ce6129972039fa8db633de394013731aa3288186a8d44cdd7775f98bffbe,38,,think-high@128k#A3
qwen4,Qwen3.5-4B high,tool-free,degdiam-698a36ec659c,degdiam,"{""d"": 4, ""k"": 5}",published,364,False,0,0.0,bench/results/Qwen_Qwen3.5-4B-think-high@128k#A3.jsonl,b6b6ce6129972039fa8db633de394013731aa3288186a8d44cdd7775f98bffbe,39,,think-high@128k#A3
qwen4,Qwen3.5-4B high,tool-free,degdiam-550afae4f1d9,degdiam,"{""d"": 7, ""k"": 3}",published,168,True,36,0.21428571428571427,bench/results/Qwen_Qwen3.5-4B-think-high@128k#A3.jsonl,b6b6ce6129972039fa8db633de394013731aa3288186a8d44cdd7775f98bffbe,40,,think-high@128k#A3
qwen4,Qwen3.5-4B high,tool-free,degdiam-1bb88a3f7ec5,degdiam,"{""d"": 4, ""k"": 4}",published,104,False,0,0.0,bench/results/Qwen_Qwen3.5-4B-think-high@128k#A3.jsonl,b6b6ce6129972039fa8db633de394013731aa3288186a8d44cdd7775f98bffbe,42,,think-high@128k#A3
qwen4,Qwen3.5-4B high,tool-free,degdiam-69fe33ce30ae,degdiam,"{""d"": 3, ""k"": 7}",published,196,False,0,0.0,bench/results/Qwen_Qwen3.5-4B-think-high@128k#A3.jsonl,b6b6ce6129972039fa8db633de394013731aa3288186a8d44cdd7775f98bffbe,43,,think-high@128k#A3
qwen4,Qwen3.5-4B high,tool-free,lineq-dbd7ed2a31a1,lineq,"{""a"": 3, ""b"": 4, ""n"": 19044}",construction,630,False,0,0.0,bench/results/Qwen_Qwen3.5-4B-think-high@128k#A3.jsonl,b6b6ce6129972039fa8db633de394013731aa3288186a8d44cdd7775f98bffbe,46,,think-high@128k#A3
qwen4,Qwen3.5-4B high,tool-free,lineq-8e24e186040f,lineq,"{""a"": 2, ""b"": 5, ""n"": 18883}",construction,609,True,47,0.07717569786535304,bench/results/Qwen_Qwen3.5-4B-think-high@128k#A3.jsonl,b6b6ce6129972039fa8db633de394013731aa3288186a8d44cdd7775f98bffbe,47,,think-high@128k#A3
qwen4,Qwen3.5-4B high,tool-free,lineq-9920caf37ad6,lineq,"{""a"": 2, ""b"": 3, ""n"": 17965}",construction,523,False,0,0.0,bench/results/Qwen_Qwen3.5-4B-think-high@128k#A3.jsonl,b6b6ce6129972039fa8db633de394013731aa3288186a8d44cdd7775f98bffbe,51,,think-high@128k#A3
qwen4,Qwen3.5-4B high,tool-free,lineq-3e1492fbf38e,lineq,"{""a"": 3, ""b"": 4, ""n"": 13312}",construction,512,False,0,0.0,bench/results/Qwen_Qwen3.5-4B-think-high@128k#A3.jsonl,b6b6ce6129972039fa8db633de394013731aa3288186a8d44cdd7775f98bffbe,48,,think-high@128k#A3
qwen4,Qwen3.5-4B high,tool-free,lineq-4cf345605795,lineq,"{""a"": 3, ""b"": 4, ""n"": 6248}",construction,349,True,3,0.008595988538681949,bench/results/Qwen_Qwen3.5-4B-think-high@128k#A3.jsonl,b6b6ce6129972039fa8db633de394013731aa3288186a8d44cdd7775f98bffbe,49,,think-high@128k#A3
qwen4,Qwen3.5-4B high,tool-free,apfree_q-01c7215e28dc,apfree_q,"{""n"": 6, ""q"": 5}",published,649,True,64,0.09861325115562404,bench/results/Qwen_Qwen3.5-4B-think-high@128k#A3.jsonl,b6b6ce6129972039fa8db633de394013731aa3288186a8d44cdd7775f98bffbe,54,,think-high@128k#A3
qwen4,Qwen3.5-4B high,tool-free,apfree_q-ea15a8323290,apfree_q,"{""n"": 5, ""q"": 5}",published,194,False,0,0.0,bench/results/Qwen_Qwen3.5-4B-think-high@128k#A3.jsonl,b6b6ce6129972039fa8db633de394013731aa3288186a8d44cdd7775f98bffbe,55,,think-high@128k#A3
qwen4,Qwen3.5-4B high,tool-free,mols-9f35e847148f,mols,"{""n"": 14}",published,4,False,0,0.0,bench/results/Qwen_Qwen3.5-4B-think-high@128k#A3.jsonl,b6b6ce6129972039fa8db633de394013731aa3288186a8d44cdd7775f98bffbe,62,,think-high@128k#A3
qwen4,Qwen3.5-4B high,tool-free,mols-7c78ac4f7920,mols,"{""n"": 10}",published,2,False,0,0.0,bench/results/Qwen_Qwen3.5-4B-think-high@128k#A3.jsonl,b6b6ce6129972039fa8db633de394013731aa3288186a8d44cdd7775f98bffbe,63,,think-high@128k#A3
qwen4,Qwen3.5-4B high,tool-free,mols-934e5656a894,mols,"{""n"": 18}",published,5,False,0,0.0,bench/results/Qwen_Qwen3.5-4B-think-high@128k#A3.jsonl,b6b6ce6129972039fa8db633de394013731aa3288186a8d44cdd7775f98bffbe,66,,think-high@128k#A3
qwen4,Qwen3.5-4B high,tool-free,capset-253c1b38c406,capset,"{""d"": 9}",published,1082,False,0,0.0,bench/results/Qwen_Qwen3.5-4B-think-high@128k#A3.jsonl,b6b6ce6129972039fa8db633de394013731aa3288186a8d44cdd7775f98bffbe,65,,think-high@128k#A3
qwen4,Qwen3.5-4B high,tool-free,kissing-a4c5596cf65f,kissing,"{""d"": 13, ""representation"": ""quadratic""}",published,1154,True,312,0.2703639514731369,bench/results/Qwen_Qwen3.5-4B-think-high@128k.kissing-q3.once#A3.jsonl,78c8a480e90c4df66559642d0826802740ee79144c4e6426a109ce550aa3a6ac,1,,think-high@128k.kissing-q3.once#A3
qwen4,Qwen3.5-4B high,tool-free,matmul-857618e58878,matmul,"{""m"": 5, ""n"": 4, ""p"": 5}",published,76,False,0,0.0,bench/results/Qwen_Qwen3.5-4B-think-high@128k#A3.jsonl,b6b6ce6129972039fa8db633de394013731aa3288186a8d44cdd7775f98bffbe,74,,think-high@128k#A3
qwen4,Qwen3.5-4B high,tool-free,degdiam-b8f67d96ee68,degdiam,"{""d"": 6, ""k"": 3}",published,111,True,27,0.24324324324324326,bench/results/Qwen_Qwen3.5-4B-think-high@128k#A3.jsonl,b6b6ce6129972039fa8db633de394013731aa3288186a8d44cdd7775f98bffbe,67,,think-high@128k#A3
qwen4,Qwen3.5-4B high,tool-free,degdiam-708cd938b766,degdiam,"{""d"": 5, ""k"": 4}",published,212,True,15,0.07075471698113207,bench/results/Qwen_Qwen3.5-4B-think-high@128k#A3.jsonl,b6b6ce6129972039fa8db633de394013731aa3288186a8d44cdd7775f98bffbe,68,,think-high@128k#A3
qwen4,Qwen3.5-4B high,tool-free,degdiam-71d28a377ba1,degdiam,"{""d"": 3, ""k"": 6}",published,132,True,22,0.16666666666666666,bench/results/Qwen_Qwen3.5-4B-think-high@128k#A3.jsonl,b6b6ce6129972039fa8db633de394013731aa3288186a8d44cdd7775f98bffbe,70,,think-high@128k#A3
qwen4,Qwen3.5-4B high,tool-free,apfree_q-84ab372c1270,apfree_q,"{""n"": 4, ""q"": 7}",construction,103,True,81,0.7864077669902912,bench/results/Qwen_Qwen3.5-4B-think-high@128k#A3.jsonl,b6b6ce6129972039fa8db633de394013731aa3288186a8d44cdd7775f98bffbe,72,,think-high@128k#A3
qwen4,Qwen3.5-4B high,tool-free,mols-dfb4c3a55793,mols,"{""n"": 15}",published,4,False,0,0.0,bench/results/Qwen_Qwen3.5-4B-think-high@128k#A3.jsonl,b6b6ce6129972039fa8db633de394013731aa3288186a8d44cdd7775f98bffbe,71,,think-high@128k#A3
qwen4,Qwen3.5-4B high,tool-free,mols-5e98497ace6a,mols,"{""n"": 12}",published,5,False,0,0.0,bench/results/Qwen_Qwen3.5-4B-think-high@128k#A3.jsonl,b6b6ce6129972039fa8db633de394013731aa3288186a8d44cdd7775f98bffbe,73,,think-high@128k#A3
qwen4,Qwen3.5-4B high,tool-free,mols-0e29c62754e2,mols,"{""n"": 20}",published,4,False,0,0.0,bench/results/Qwen_Qwen3.5-4B-think-high@128k#A3.jsonl,b6b6ce6129972039fa8db633de394013731aa3288186a8d44cdd7775f98bffbe,75,,think-high@128k#A3
qwen4,Qwen3.5-4B high,tool-free,schur-133b39146db2,schur,"{""k"": 7}",published,1696,False,0,0.0,bench/results/Qwen_Qwen3.5-4B-think-high@128k#A3.jsonl,b6b6ce6129972039fa8db633de394013731aa3288186a8d44cdd7775f98bffbe,76,,think-high@128k#A3
qwen4,Qwen3.5-4B high,tool-free,schur-4f4fcef4287a,schur,"{""k"": 6}",published,536,False,0,0.0,bench/results/Qwen_Qwen3.5-4B-think-high@128k#A3.jsonl,b6b6ce6129972039fa8db633de394013731aa3288186a8d44cdd7775f98bffbe,77,,think-high@128k#A3
qwen4,Qwen3.5-4B high,tool-free,schur-16d4130a2932,schur,"{""k"": 8}",published,5362,False,0,0.0,bench/results/Qwen_Qwen3.5-4B-think-high@128k#A3.jsonl,b6b6ce6129972039fa8db633de394013731aa3288186a8d44cdd7775f98bffbe,80,,think-high@128k#A3
qwen4,Qwen3.5-4B high,tool-free,covering-96b61f7899e7,covering,"{""k"": 7, ""t"": 4, ""v"": 18}",published,126,False,0,0.0,bench/results/Qwen_Qwen3.5-4B-think-high@128k#A3.jsonl,b6b6ce6129972039fa8db633de394013731aa3288186a8d44cdd7775f98bffbe,81,,think-high@128k#A3
qwen4,Qwen3.5-4B high,tool-free,covering-551581f999ca,covering,"{""k"": 6, ""t"": 3, ""v"": 30}",published,225,False,0,0.0,bench/results/Qwen_Qwen3.5-4B-think-high@128k#A3.jsonl,b6b6ce6129972039fa8db633de394013731aa3288186a8d44cdd7775f98bffbe,78,,think-high@128k#A3
qwen4,Qwen3.5-4B high,tool-free,covering-e208a41ac8b5,covering,"{""k"": 6, ""t"": 3, ""v"": 24}",published,116,False,0,0.0,bench/results/Qwen_Qwen3.5-4B-think-high@128k#A3.jsonl,b6b6ce6129972039fa8db633de394013731aa3288186a8d44cdd7775f98bffbe,79,,think-high@128k#A3
qwen4,Qwen3.5-4B high,tool-free,shannon-4d7467466a4c,shannon,"{""d"": 24, ""q"": 7}",construction,1941100559147,True,282429536481,0.14549969353731537,bench/results/Qwen_Qwen3.5-4B-think-high@128k#A3.jsonl,b6b6ce6129972039fa8db633de394013731aa3288186a8d44cdd7775f98bffbe,82,,think-high@128k#A3
qwen4,Qwen3.5-4B high,tool-free,shannon-dbd709082fa3,shannon,"{""d"": 40, ""q"": 7}",construction,329100478707380211841,True,12157665459056928801,0.03694210809661848,bench/results/Qwen_Qwen3.5-4B-think-high@128k#A3.jsonl,b6b6ce6129972039fa8db633de394013731aa3288186a8d44cdd7775f98bffbe,83,,think-high@128k#A3
qwen4,Qwen3.5-4B high,tool-free,shannon-3ba3fb861c12,shannon,"{""d"": 48, ""q"": 9}",construction,3433683820292512484657849089281,True,79228162514264337593543950336,0.02307380838213431,bench/results/Qwen_Qwen3.5-4B-think-high@128k#A3.jsonl,b6b6ce6129972039fa8db633de394013731aa3288186a8d44cdd7775f98bffbe,84,,think-high@128k#A3
qwen4,Qwen3.5-4B high,tool-free,shannon-feb50364a0a8,shannon,"{""d"": 64, ""q"": 9}",construction,47890060730248079154410960106868188422724,True,340282366920938463463374607431768211456,0.00710549040306418,bench/results/Qwen_Qwen3.5-4B-think-high@128k#A3.jsonl,b6b6ce6129972039fa8db633de394013731aa3288186a8d44cdd7775f98bffbe,85,,think-high@128k#A3
qwen4,Qwen3.5-4B high,tool-free,trifference-f9a51728af9d,trifference,"{""m"": 1, ""n"": 64, ""representation"": ""certified""}",construction,19683,False,0,0.0,bench/results/Qwen_Qwen3.5-4B-think-high@128k#T1.jsonl,d2791ae7276825b6baa32e96e8f4ac1a372da10957d4065fc930d08331386c54,1,,think-high@128k#T1
qwen4,Qwen3.5-4B high,tool-free,trifference-0809543b57d9,trifference,"{""m"": 1, ""n"": 96, ""representation"": ""certified""}",construction,531441,False,0,0.0,bench/results/Qwen_Qwen3.5-4B-think-high@128k#T2.jsonl,531d5205bd881a44f67a228daf0c4bd14d914f658588055a3d40bdf927c94ed1,1,,think-high@128k#T2
qwen4,Qwen3.5-4B high,tool-free,trifference-144e830d3cd7,trifference,"{""m"": 1, ""n"": 144, ""representation"": ""certified""}",construction,387420489,False,0,0.0,bench/results/Qwen_Qwen3.5-4B-think-high@128k#T3.jsonl,7ed88c09bd739c67b9b530e84cbdc7bdc43214f1cf5507d673f2d8ca575125fa,1,,think-high@128k#T3
qwen4,Qwen3.5-4B high,tool-free,trifference-2878b90f82e4,trifference,"{""m"": 1, ""n"": 192, ""representation"": ""certified""}",construction,10460353203,False,0,0.0,bench/results/Qwen_Qwen3.5-4B-think-high@128k#T4.jsonl,54e362a1a8f5153e056375d9a0407ce72ae7ac40835b7aa8d6f249adaa29843f,1,,think-high@128k#T4
qwen9,Qwen3.5-9B high,tool-free,capset-e561943a0230,capset,"{""d"": 10}",published,2432,True,1024,0.42105263157894735,bench/results/Qwen_Qwen3.5-9B-think-high@128k#A3.jsonl,aafcaf4b40589e012ababf92769316e81eafa023d68a4759553dd60633082593,4,,think-high@128k#A3
qwen9,Qwen3.5-9B high,tool-free,capset-fb287354fb10,capset,"{""d"": 11}",published,5504,True,2048,0.37209302325581395,bench/results/Qwen_Qwen3.5-9B-think-high@128k#A3.jsonl,aafcaf4b40589e012ababf92769316e81eafa023d68a4759553dd60633082593,1,,think-high@128k#A3
qwen9,Qwen3.5-9B high,tool-free,labs-8e3bca55269d,labs,"{""N"": 280}",construction,5.577689243027889,False,0,0.0,bench/results/Qwen_Qwen3.5-9B-think-high@128k#A3.jsonl,aafcaf4b40589e012ababf92769316e81eafa023d68a4759553dd60633082593,11,,think-high@128k#A3
qwen9,Qwen3.5-9B high,tool-free,labs-0b0c9e75a95d,labs,"{""N"": 375}",construction,5.919058843336981,False,0,0.0,bench/results/Qwen_Qwen3.5-9B-think-high@128k#A3.jsonl,aafcaf4b40589e012ababf92769316e81eafa023d68a4759553dd60633082593,6,,think-high@128k#A3
qwen9,Qwen3.5-9B high,tool-free,labs-69bcd35b5eda,labs,"{""N"": 357}",construction,5.862419503219871,False,0,0.0,bench/results/Qwen_Qwen3.5-9B-think-high@128k#A3.jsonl,aafcaf4b40589e012ababf92769316e81eafa023d68a4759553dd60633082593,12,,think-high@128k#A3
qwen9,Qwen3.5-9B high,tool-free,labs-112648954874,labs,"{""N"": 281}",construction,5.65299255441008,False,0,0.0,bench/results/Qwen_Qwen3.5-9B-think-high@128k#A3.jsonl,aafcaf4b40589e012ababf92769316e81eafa023d68a4759553dd60633082593,7,,think-high@128k#A3
qwen9,Qwen3.5-9B high,tool-free,labs-824c59888322,labs,"{""N"": 240}",construction,5.858421480878763,False,0,0.0,bench/results/Qwen_Qwen3.5-9B-think-high@128k#A3.jsonl,aafcaf4b40589e012ababf92769316e81eafa023d68a4759553dd60633082593,8,,think-high@128k#A3
qwen9,Qwen3.5-9B high,tool-free,heilbronn-c4d41ce5a93d,heilbronn,"{""n"": 46}",construction,0.00047375,False,0,0.0,bench/results/Qwen_Qwen3.5-9B-think-high@128k#A3.jsonl,aafcaf4b40589e012ababf92769316e81eafa023d68a4759553dd60633082593,9,,think-high@128k#A3
qwen9,Qwen3.5-9B high,tool-free,heilbronn-0c621382b805,heilbronn,"{""n"": 26}",construction,0.002620975,False,0,0.0,bench/results/Qwen_Qwen3.5-9B-think-high@128k#A3.jsonl,aafcaf4b40589e012ababf92769316e81eafa023d68a4759553dd60633082593,10,,think-high@128k#A3
qwen9,Qwen3.5-9B high,tool-free,heilbronn-a5c5c8aa2e3f,heilbronn,"{""n"": 40}",construction,0.0006907,True,0.00047738,0.6911539018387143,bench/results/Qwen_Qwen3.5-9B-think-high@128k#A3.jsonl,aafcaf4b40589e012ababf92769316e81eafa023d68a4759553dd60633082593,15,,think-high@128k#A3
qwen9,Qwen3.5-9B high,tool-free,heilbronn-d9588eea537f,heilbronn,"{""n"": 50}",construction,0.0002857,False,0,0.0,bench/results/Qwen_Qwen3.5-9B-think-high@128k#A3.jsonl,aafcaf4b40589e012ababf92769316e81eafa023d68a4759553dd60633082593,14,,think-high@128k#A3
qwen9,Qwen3.5-9B high,tool-free,heilbronn-ce0964a3b547,heilbronn,"{""n"": 48}",construction,0.00037548,True,2.527e-05,0.06730052199850858,bench/results/Qwen_Qwen3.5-9B-think-high@128k#A3.jsonl,aafcaf4b40589e012ababf92769316e81eafa023d68a4759553dd60633082593,16,,think-high@128k#A3
qwen9,Qwen3.5-9B high,tool-free,kissing-7c7466431087,kissing,"{""d"": 14}",published,1932,True,364,0.18840579710144928,bench/results/Qwen_Qwen3.5-9B-think-high@128k#A3.jsonl,aafcaf4b40589e012ababf92769316e81eafa023d68a4759553dd60633082593,13,,think-high@128k#A3
qwen9,Qwen3.5-9B high,tool-free,kissing-0e2702baa0cb,kissing,"{""d"": 15}",published,2564,True,420,0.16380655226209048,bench/results/Qwen_Qwen3.5-9B-think-high@128k#A3.jsonl,aafcaf4b40589e012ababf92769316e81eafa023d68a4759553dd60633082593,17,,think-high@128k#A3
qwen9,Qwen3.5-9B high,tool-free,corners-5c0a651526bb,corners,"{""n"": 138}",construction,3120,False,0,0.0,bench/results/Qwen_Qwen3.5-9B-think-high@128k#A3.jsonl,aafcaf4b40589e012ababf92769316e81eafa023d68a4759553dd60633082593,21,,think-high@128k#A3
qwen9,Qwen3.5-9B high,tool-free,corners-df38f45e8b38,corners,"{""n"": 183}",construction,4698,True,3936,0.8378033205619413,bench/results/Qwen_Qwen3.5-9B-think-high@128k#A3.jsonl,aafcaf4b40589e012ababf92769316e81eafa023d68a4759553dd60633082593,22,,think-high@128k#A3
qwen9,Qwen3.5-9B high,tool-free,corners-dce415bc82c9,corners,"{""n"": 150}",construction,3504,True,3504,1.0,bench/results/Qwen_Qwen3.5-9B-think-high@128k#A3.jsonl,aafcaf4b40589e012ababf92769316e81eafa023d68a4759553dd60633082593,23,,think-high@128k#A3
qwen9,Qwen3.5-9B high,tool-free,corners-299b1caf450c,corners,"{""n"": 162}",construction,3888,True,3248,0.8353909465020576,bench/results/Qwen_Qwen3.5-9B-think-high@128k#A3.jsonl,aafcaf4b40589e012ababf92769316e81eafa023d68a4759553dd60633082593,24,,think-high@128k#A3
qwen9,Qwen3.5-9B high,tool-free,corners-b92c953c9648,corners,"{""n"": 185}",construction,4786,True,3984,0.8324279147513581,bench/results/Qwen_Qwen3.5-9B-think-high@128k#A3.jsonl,aafcaf4b40589e012ababf92769316e81eafa023d68a4759553dd60633082593,26,,think-high@128k#A3
qwen9,Qwen3.5-9B high,tool-free,kissing_theta-48ea4a32bea2,kissing_theta,"{""cos100"": 24, ""d"": 12}",construction,28,True,24,0.8571428571428571,bench/results/Qwen_Qwen3.5-9B-think-high@128k#A3.jsonl,aafcaf4b40589e012ababf92769316e81eafa023d68a4759553dd60633082593,25,,think-high@128k#A3
qwen9,Qwen3.5-9B high,tool-free,kissing_theta-88cc99fc7fbd,kissing_theta,"{""cos100"": 39, ""d"": 12}",construction,152,False,0,0.0,bench/results/Qwen_Qwen3.5-9B-think-high@128k#A3.jsonl,aafcaf4b40589e012ababf92769316e81eafa023d68a4759553dd60633082593,27,,think-high@128k#A3
qwen9,Qwen3.5-9B high,tool-free,kissing_theta-18c29aeaf14f,kissing_theta,"{""cos100"": 36, ""d"": 14}",construction,124,False,0,0.0,bench/results/Qwen_Qwen3.5-9B-think-high@128k#A3.jsonl,aafcaf4b40589e012ababf92769316e81eafa023d68a4759553dd60633082593,29,,think-high@128k#A3
qwen9,Qwen3.5-9B high,tool-free,kissing_theta-6cdc8634ec21,kissing_theta,"{""cos100"": 39, ""d"": 14}",construction,132,True,26,0.19696969696969696,bench/results/Qwen_Qwen3.5-9B-think-high@128k#A3.jsonl,aafcaf4b40589e012ababf92769316e81eafa023d68a4759553dd60633082593,28,,think-high@128k#A3
qwen9,Qwen3.5-9B high,tool-free,kissing_theta-5c1803b86d2d,kissing_theta,"{""cos100"": 36, ""d"": 12}",construction,152,False,0,0.0,bench/results/Qwen_Qwen3.5-9B-think-high@128k#A3.jsonl,aafcaf4b40589e012ababf92769316e81eafa023d68a4759553dd60633082593,30,,think-high@128k#A3
qwen9,Qwen3.5-9B high,tool-free,heilbronn_shape-170f6064b3d7,heilbronn_shape,"{""T"": [[9026, 8197], [1769, 9178], [7298, 1276]], ""n"": 32}",construction,0.0014884960025223,False,0,0.0,bench/results/Qwen_Qwen3.5-9B-think-high@128k#A3.jsonl,aafcaf4b40589e012ababf92769316e81eafa023d68a4759553dd60633082593,31,,think-high@128k#A3
qwen9,Qwen3.5-9B high,tool-free,heilbronn_shape-0cef36bc9728,heilbronn_shape,"{""T"": [[578, 9933], [8598, 7337], [2075, 588]], ""n"": 34}",construction,0.0010042824240598402,False,0,0.0,bench/results/Qwen_Qwen3.5-9B-think-high@128k#A3.jsonl,aafcaf4b40589e012ababf92769316e81eafa023d68a4759553dd60633082593,33,,think-high@128k#A3
qwen9,Qwen3.5-9B high,tool-free,heilbronn_shape-0e86da8665f2,heilbronn_shape,"{""T"": [[411, 7999], [9004, 9890], [3031, 713]], ""n"": 31}",construction,0.0016863811501138092,False,0,0.0,bench/results/Qwen_Qwen3.5-9B-think-high@128k#A3.jsonl,aafcaf4b40589e012ababf92769316e81eafa023d68a4759553dd60633082593,34,,think-high@128k#A3
qwen9,Qwen3.5-9B high,tool-free,heilbronn_shape-4efe4b6d2f48,heilbronn_shape,"{""T"": [[7922, 8793], [9917, 1548], [1510, 3942]], ""n"": 40}",construction,0.0005937004438679532,False,0,0.0,bench/results/Qwen_Qwen3.5-9B-think-high@128k#A3.jsonl,aafcaf4b40589e012ababf92769316e81eafa023d68a4759553dd60633082593,32,,think-high@128k#A3
qwen9,Qwen3.5-9B high,tool-free,heilbronn_shape-7654620d3ab8,heilbronn_shape,"{""T"": [[526, 8526], [8696, 8279], [8084, 1688]], ""n"": 26}",construction,0.003982656623191187,False,0,0.0,bench/results/Qwen_Qwen3.5-9B-think-high@128k#A3.jsonl,aafcaf4b40589e012ababf92769316e81eafa023d68a4759553dd60633082593,36,,think-high@128k#A3
qwen9,Qwen3.5-9B high,tool-free,matmul-ffd9b6a99452,matmul,"{""m"": 4, ""n"": 4, ""p"": 5}",published,61,False,0,0.0,bench/results/Qwen_Qwen3.5-9B-think-high@128k#A3.jsonl,aafcaf4b40589e012ababf92769316e81eafa023d68a4759553dd60633082593,41,,think-high@128k#A3
qwen9,Qwen3.5-9B high,tool-free,matmul-7c87a93e97c3,matmul,"{""m"": 5, ""n"": 5, ""p"": 5}",published,93,False,0,0.0,bench/results/Qwen_Qwen3.5-9B-think-high@128k#A3.jsonl,aafcaf4b40589e012ababf92769316e81eafa023d68a4759553dd60633082593,37,,think-high@128k#A3
qwen9,Qwen3.5-9B high,tool-free,degdiam-698a36ec659c,degdiam,"{""d"": 4, ""k"": 5}",published,364,True,52,0.14285714285714285,bench/results/Qwen_Qwen3.5-9B-think-high@128k#A3.jsonl,aafcaf4b40589e012ababf92769316e81eafa023d68a4759553dd60633082593,40,,think-high@128k#A3
qwen9,Qwen3.5-9B high,tool-free,degdiam-550afae4f1d9,degdiam,"{""d"": 7, ""k"": 3}",published,168,True,27,0.16071428571428573,bench/results/Qwen_Qwen3.5-9B-think-high@128k#A3.jsonl,aafcaf4b40589e012ababf92769316e81eafa023d68a4759553dd60633082593,39,,think-high@128k#A3
qwen9,Qwen3.5-9B high,tool-free,degdiam-1bb88a3f7ec5,degdiam,"{""d"": 4, ""k"": 4}",published,104,True,25,0.2403846153846154,bench/results/Qwen_Qwen3.5-9B-think-high@128k#A3.jsonl,aafcaf4b40589e012ababf92769316e81eafa023d68a4759553dd60633082593,43,,think-high@128k#A3
qwen9,Qwen3.5-9B high,tool-free,degdiam-69fe33ce30ae,degdiam,"{""d"": 3, ""k"": 7}",published,196,False,0,0.0,bench/results/Qwen_Qwen3.5-9B-think-high@128k#A3.jsonl,aafcaf4b40589e012ababf92769316e81eafa023d68a4759553dd60633082593,45,,think-high@128k#A3
qwen9,Qwen3.5-9B high,tool-free,lineq-dbd7ed2a31a1,lineq,"{""a"": 3, ""b"": 4, ""n"": 19044}",construction,630,True,5,0.007936507936507936,bench/results/Qwen_Qwen3.5-9B-think-high@128k#A3.jsonl,aafcaf4b40589e012ababf92769316e81eafa023d68a4759553dd60633082593,47,,think-high@128k#A3
qwen9,Qwen3.5-9B high,tool-free,lineq-8e24e186040f,lineq,"{""a"": 2, ""b"": 5, ""n"": 18883}",construction,609,False,0,0.0,bench/results/Qwen_Qwen3.5-9B-think-high@128k#A3.jsonl,aafcaf4b40589e012ababf92769316e81eafa023d68a4759553dd60633082593,46,,think-high@128k#A3
qwen9,Qwen3.5-9B high,tool-free,lineq-9920caf37ad6,lineq,"{""a"": 2, ""b"": 3, ""n"": 17965}",construction,523,False,0,0.0,bench/results/Qwen_Qwen3.5-9B-think-high@128k#A3.jsonl,aafcaf4b40589e012ababf92769316e81eafa023d68a4759553dd60633082593,48,,think-high@128k#A3
qwen9,Qwen3.5-9B high,tool-free,lineq-3e1492fbf38e,lineq,"{""a"": 3, ""b"": 4, ""n"": 13312}",construction,512,True,32,0.0625,bench/results/Qwen_Qwen3.5-9B-think-high@128k#A3.jsonl,aafcaf4b40589e012ababf92769316e81eafa023d68a4759553dd60633082593,49,,think-high@128k#A3
qwen9,Qwen3.5-9B high,tool-free,lineq-4cf345605795,lineq,"{""a"": 3, ""b"": 4, ""n"": 6248}",construction,349,True,31,0.08882521489971347,bench/results/Qwen_Qwen3.5-9B-think-high@128k#A3.jsonl,aafcaf4b40589e012ababf92769316e81eafa023d68a4759553dd60633082593,50,,think-high@128k#A3
qwen9,Qwen3.5-9B high,tool-free,apfree_q-01c7215e28dc,apfree_q,"{""n"": 6, ""q"": 5}",published,649,True,64,0.09861325115562404,bench/results/Qwen_Qwen3.5-9B-think-high@128k#A3.jsonl,aafcaf4b40589e012ababf92769316e81eafa023d68a4759553dd60633082593,54,,think-high@128k#A3
qwen9,Qwen3.5-9B high,tool-free,apfree_q-ea15a8323290,apfree_q,"{""n"": 5, ""q"": 5}",published,194,True,32,0.16494845360824742,bench/results/Qwen_Qwen3.5-9B-think-high@128k#A3.jsonl,aafcaf4b40589e012ababf92769316e81eafa023d68a4759553dd60633082593,56,,think-high@128k#A3
qwen9,Qwen3.5-9B high,tool-free,mols-9f35e847148f,mols,"{""n"": 14}",published,4,False,0,0.0,bench/results/Qwen_Qwen3.5-9B-think-high@128k#A3.jsonl,aafcaf4b40589e012ababf92769316e81eafa023d68a4759553dd60633082593,61,,think-high@128k#A3
qwen9,Qwen3.5-9B high,tool-free,mols-7c78ac4f7920,mols,"{""n"": 10}",published,2,False,0,0.0,bench/results/Qwen_Qwen3.5-9B-think-high@128k#A3.jsonl,aafcaf4b40589e012ababf92769316e81eafa023d68a4759553dd60633082593,66,,think-high@128k#A3
qwen9,Qwen3.5-9B high,tool-free,mols-934e5656a894,mols,"{""n"": 18}",published,5,True,1,0.2,bench/results/Qwen_Qwen3.5-9B-think-high@128k#A3.jsonl,aafcaf4b40589e012ababf92769316e81eafa023d68a4759553dd60633082593,62,,think-high@128k#A3
qwen9,Qwen3.5-9B high,tool-free,capset-253c1b38c406,capset,"{""d"": 9}",published,1082,True,512,0.4731977818853974,bench/results/Qwen_Qwen3.5-9B-think-high@128k#A3.jsonl,aafcaf4b40589e012ababf92769316e81eafa023d68a4759553dd60633082593,65,,think-high@128k#A3
qwen9,Qwen3.5-9B high,tool-free,kissing-a4c5596cf65f,kissing,"{""d"": 13, ""representation"": ""quadratic""}",published,1154,True,312,0.2703639514731369,bench/results/Qwen_Qwen3.5-9B-think-high@128k.kissing-q3.once#A3.jsonl,8317650f7f241323975c3d8bbb4d700a4f76a3453fb37f5316a5305d04c6a523,1,,think-high@128k.kissing-q3.once#A3
qwen9,Qwen3.5-9B high,tool-free,matmul-857618e58878,matmul,"{""m"": 5, ""n"": 4, ""p"": 5}",published,76,False,0,0.0,bench/results/Qwen_Qwen3.5-9B-think-high@128k#A3.jsonl,aafcaf4b40589e012ababf92769316e81eafa023d68a4759553dd60633082593,67,,think-high@128k#A3
qwen9,Qwen3.5-9B high,tool-free,degdiam-b8f67d96ee68,degdiam,"{""d"": 6, ""k"": 3}",published,111,True,27,0.24324324324324326,bench/results/Qwen_Qwen3.5-9B-think-high@128k#A3.jsonl,aafcaf4b40589e012ababf92769316e81eafa023d68a4759553dd60633082593,69,,think-high@128k#A3
qwen9,Qwen3.5-9B high,tool-free,degdiam-708cd938b766,degdiam,"{""d"": 5, ""k"": 4}",published,212,False,0,0.0,bench/results/Qwen_Qwen3.5-9B-think-high@128k#A3.jsonl,aafcaf4b40589e012ababf92769316e81eafa023d68a4759553dd60633082593,70,,think-high@128k#A3
qwen9,Qwen3.5-9B high,tool-free,degdiam-71d28a377ba1,degdiam,"{""d"": 3, ""k"": 6}",published,132,False,0,0.0,bench/results/Qwen_Qwen3.5-9B-think-high@128k#A3.jsonl,aafcaf4b40589e012ababf92769316e81eafa023d68a4759553dd60633082593,71,,think-high@128k#A3
qwen9,Qwen3.5-9B high,tool-free,apfree_q-84ab372c1270,apfree_q,"{""n"": 4, ""q"": 7}",construction,103,True,81,0.7864077669902912,bench/results/Qwen_Qwen3.5-9B-think-high@128k#A3.jsonl,aafcaf4b40589e012ababf92769316e81eafa023d68a4759553dd60633082593,72,,think-high@128k#A3
qwen9,Qwen3.5-9B high,tool-free,mols-dfb4c3a55793,mols,"{""n"": 15}",published,4,False,0,0.0,bench/results/Qwen_Qwen3.5-9B-think-high@128k#A3.jsonl,aafcaf4b40589e012ababf92769316e81eafa023d68a4759553dd60633082593,73,,think-high@128k#A3
qwen9,Qwen3.5-9B high,tool-free,mols-5e98497ace6a,mols,"{""n"": 12}",published,5,True,2,0.4,bench/results/Qwen_Qwen3.5-9B-think-high@128k#A3.jsonl,aafcaf4b40589e012ababf92769316e81eafa023d68a4759553dd60633082593,74,,think-high@128k#A3
qwen9,Qwen3.5-9B high,tool-free,mols-0e29c62754e2,mols,"{""n"": 20}",published,4,False,0,0.0,bench/results/Qwen_Qwen3.5-9B-think-high@128k#A3.jsonl,aafcaf4b40589e012ababf92769316e81eafa023d68a4759553dd60633082593,78,,think-high@128k#A3
qwen9,Qwen3.5-9B high,tool-free,schur-133b39146db2,schur,"{""k"": 7}",published,1696,False,0,0.0,bench/results/Qwen_Qwen3.5-9B-think-high@128k#A3.jsonl,aafcaf4b40589e012ababf92769316e81eafa023d68a4759553dd60633082593,75,,think-high@128k#A3
qwen9,Qwen3.5-9B high,tool-free,schur-4f4fcef4287a,schur,"{""k"": 6}",published,536,False,0,0.0,bench/results/Qwen_Qwen3.5-9B-think-high@128k#A3.jsonl,aafcaf4b40589e012ababf92769316e81eafa023d68a4759553dd60633082593,76,,think-high@128k#A3
qwen9,Qwen3.5-9B high,tool-free,schur-16d4130a2932,schur,"{""k"": 8}",published,5362,False,0,0.0,bench/results/Qwen_Qwen3.5-9B-think-high@128k#A3.jsonl,aafcaf4b40589e012ababf92769316e81eafa023d68a4759553dd60633082593,77,,think-high@128k#A3
qwen9,Qwen3.5-9B high,tool-free,covering-96b61f7899e7,covering,"{""k"": 7, ""t"": 4, ""v"": 18}",published,126,False,0,0.0,bench/results/Qwen_Qwen3.5-9B-think-high@128k#A3.jsonl,aafcaf4b40589e012ababf92769316e81eafa023d68a4759553dd60633082593,80,,think-high@128k#A3
qwen9,Qwen3.5-9B high,tool-free,covering-551581f999ca,covering,"{""k"": 6, ""t"": 3, ""v"": 30}",published,225,False,0,0.0,bench/results/Qwen_Qwen3.5-9B-think-high@128k#A3.jsonl,aafcaf4b40589e012ababf92769316e81eafa023d68a4759553dd60633082593,81,,think-high@128k#A3
qwen9,Qwen3.5-9B high,tool-free,covering-e208a41ac8b5,covering,"{""k"": 6, ""t"": 3, ""v"": 24}",published,116,False,0,0.0,bench/results/Qwen_Qwen3.5-9B-think-high@128k#A3.jsonl,aafcaf4b40589e012ababf92769316e81eafa023d68a4759553dd60633082593,79,,think-high@128k#A3
qwen9,Qwen3.5-9B high,tool-free,shannon-4d7467466a4c,shannon,"{""d"": 24, ""q"": 7}",construction,1941100559147,True,282429536481,0.14549969353731537,bench/results/Qwen_Qwen3.5-9B-think-high@128k#A3.jsonl,aafcaf4b40589e012ababf92769316e81eafa023d68a4759553dd60633082593,82,,think-high@128k#A3
qwen9,Qwen3.5-9B high,tool-free,shannon-dbd709082fa3,shannon,"{""d"": 40, ""q"": 7}",construction,329100478707380211841,True,12157665459056928801,0.03694210809661848,bench/results/Qwen_Qwen3.5-9B-think-high@128k#A3.jsonl,aafcaf4b40589e012ababf92769316e81eafa023d68a4759553dd60633082593,83,,think-high@128k#A3
qwen9,Qwen3.5-9B high,tool-free,shannon-3ba3fb861c12,shannon,"{""d"": 48, ""q"": 9}",construction,3433683820292512484657849089281,True,79228162514264337593543950336,0.02307380838213431,bench/results/Qwen_Qwen3.5-9B-think-high@128k#A3.jsonl,aafcaf4b40589e012ababf92769316e81eafa023d68a4759553dd60633082593,84,,think-high@128k#A3
qwen9,Qwen3.5-9B high,tool-free,shannon-feb50364a0a8,shannon,"{""d"": 64, ""q"": 9}",construction,47890060730248079154410960106868188422724,True,340282366920938463463374607431768211456,0.00710549040306418,bench/results/Qwen_Qwen3.5-9B-think-high@128k#A3.jsonl,aafcaf4b40589e012ababf92769316e81eafa023d68a4759553dd60633082593,85,,think-high@128k#A3
qwen9,Qwen3.5-9B high,tool-free,trifference-f9a51728af9d,trifference,"{""m"": 1, ""n"": 64, ""representation"": ""certified""}",construction,19683,False,0,0.0,bench/results/Qwen_Qwen3.5-9B-think-high@128k#T1.jsonl,74461bbab2ab9e83af1c0d7886d6bc3e49e6ddffe14019f05ae9c842ec2bbc76,1,,think-high@128k#T1
qwen9,Qwen3.5-9B high,tool-free,trifference-0809543b57d9,trifference,"{""m"": 1, ""n"": 96, ""representation"": ""certified""}",construction,531441,False,0,0.0,bench/results/Qwen_Qwen3.5-9B-think-high@128k#T2.jsonl,f6e7a8a77e76f331e4a441920a9ba079a0efabd1e1067ae713e5b4ee995177e6,1,,think-high@128k#T2
qwen9,Qwen3.5-9B high,tool-free,trifference-144e830d3cd7,trifference,"{""m"": 1, ""n"": 144, ""representation"": ""certified""}",construction,387420489,False,0,0.0,bench/results/Qwen_Qwen3.5-9B-think-high@128k#T3.jsonl,812f760e334ef02a9488d39c9a779d492959170a3280f85c22f3927a023feac8,1,,think-high@128k#T3
qwen9,Qwen3.5-9B high,tool-free,trifference-2878b90f82e4,trifference,"{""m"": 1, ""n"": 192, ""representation"": ""certified""}",construction,10460353203,False,0,0.0,bench/results/Qwen_Qwen3.5-9B-think-high@128k#T4.jsonl,38a4bfe6090fb72ae46044eb3338562e17e648355a4f29bd235261f1baffea5b,1,,think-high@128k#T4
qwen35,Qwen3.5-27B high,tool-free,capset-e561943a0230,capset,"{""d"": 10}",published,2432,True,1024,0.42105263157894735,bench/results/Qwen_Qwen3.5-27B-FP8-think-high@128k#A3.jsonl,7349620e0df7e5ee968f85435bc512ce7339c353ff93a790e14cf5a1513c5b6f,3,,think-high@128k#A3
qwen35,Qwen3.5-27B high,tool-free,capset-fb287354fb10,capset,"{""d"": 11}",published,5504,True,2048,0.37209302325581395,bench/results/Qwen_Qwen3.5-27B-FP8-think-high@128k#A3.jsonl,7349620e0df7e5ee968f85435bc512ce7339c353ff93a790e14cf5a1513c5b6f,1,,think-high@128k#A3
qwen35,Qwen3.5-27B high,tool-free,labs-8e3bca55269d,labs,"{""N"": 280}",construction,5.577689243027889,False,0,0.0,bench/results/Qwen_Qwen3.5-27B-FP8-think-high@128k#A3.jsonl,7349620e0df7e5ee968f85435bc512ce7339c353ff93a790e14cf5a1513c5b6f,13,,think-high@128k#A3
qwen35,Qwen3.5-27B high,tool-free,labs-0b0c9e75a95d,labs,"{""N"": 375}",construction,5.919058843336981,False,0,0.0,bench/results/Qwen_Qwen3.5-27B-FP8-think-high@128k#A3.jsonl,7349620e0df7e5ee968f85435bc512ce7339c353ff93a790e14cf5a1513c5b6f,6,,think-high@128k#A3
qwen35,Qwen3.5-27B high,tool-free,labs-69bcd35b5eda,labs,"{""N"": 357}",construction,5.862419503219871,False,0,0.0,bench/results/Qwen_Qwen3.5-27B-FP8-think-high@128k#A3.jsonl,7349620e0df7e5ee968f85435bc512ce7339c353ff93a790e14cf5a1513c5b6f,7,,think-high@128k#A3
qwen35,Qwen3.5-27B high,tool-free,labs-112648954874,labs,"{""N"": 281}",construction,5.65299255441008,False,0,0.0,bench/results/Qwen_Qwen3.5-27B-FP8-think-high@128k#A3.jsonl,7349620e0df7e5ee968f85435bc512ce7339c353ff93a790e14cf5a1513c5b6f,9,,think-high@128k#A3
qwen35,Qwen3.5-27B high,tool-free,labs-824c59888322,labs,"{""N"": 240}",construction,5.858421480878763,False,0,0.0,bench/results/Qwen_Qwen3.5-27B-FP8-think-high@128k#A3.jsonl,7349620e0df7e5ee968f85435bc512ce7339c353ff93a790e14cf5a1513c5b6f,10,,think-high@128k#A3
qwen35,Qwen3.5-27B high,tool-free,heilbronn-c4d41ce5a93d,heilbronn,"{""n"": 46}",construction,0.00047375,True,0.0,0.0,bench/results/Qwen_Qwen3.5-27B-FP8-think-high@128k#A3.jsonl,7349620e0df7e5ee968f85435bc512ce7339c353ff93a790e14cf5a1513c5b6f,8,,think-high@128k#A3
qwen35,Qwen3.5-27B high,tool-free,heilbronn-0c621382b805,heilbronn,"{""n"": 26}",construction,0.002620975,True,0.0,0.0,bench/results/Qwen_Qwen3.5-27B-FP8-think-high@128k#A3.jsonl,7349620e0df7e5ee968f85435bc512ce7339c353ff93a790e14cf5a1513c5b6f,12,,think-high@128k#A3
qwen35,Qwen3.5-27B high,tool-free,heilbronn-a5c5c8aa2e3f,heilbronn,"{""n"": 40}",construction,0.0006907,True,1.121e-05,0.01622991168379904,bench/results/Qwen_Qwen3.5-27B-FP8-think-high@128k#A3.jsonl,7349620e0df7e5ee968f85435bc512ce7339c353ff93a790e14cf5a1513c5b6f,11,,think-high@128k#A3
qwen35,Qwen3.5-27B high,tool-free,heilbronn-d9588eea537f,heilbronn,"{""n"": 50}",construction,0.0002857,True,8e-06,0.0280014000700035,bench/results/Qwen_Qwen3.5-27B-FP8-think-high@128k#A3.jsonl,7349620e0df7e5ee968f85435bc512ce7339c353ff93a790e14cf5a1513c5b6f,14,,think-high@128k#A3
qwen35,Qwen3.5-27B high,tool-free,heilbronn-ce0964a3b547,heilbronn,"{""n"": 48}",construction,0.00037548,True,1e-08,2.663257696814744e-05,bench/results/Qwen_Qwen3.5-27B-FP8-think-high@128k#A3.jsonl,7349620e0df7e5ee968f85435bc512ce7339c353ff93a790e14cf5a1513c5b6f,17,,think-high@128k#A3
qwen35,Qwen3.5-27B high,tool-free,kissing-7c7466431087,kissing,"{""d"": 14}",published,1932,True,364,0.18840579710144928,bench/results/Qwen_Qwen3.5-27B-FP8-think-high@128k#A3.jsonl,7349620e0df7e5ee968f85435bc512ce7339c353ff93a790e14cf5a1513c5b6f,15,,think-high@128k#A3
qwen35,Qwen3.5-27B high,tool-free,kissing-0e2702baa0cb,kissing,"{""d"": 15}",published,2564,False,0,0.0,bench/results/Qwen_Qwen3.5-27B-FP8-think-high@128k#A3.jsonl,7349620e0df7e5ee968f85435bc512ce7339c353ff93a790e14cf5a1513c5b6f,16,,think-high@128k#A3
qwen35,Qwen3.5-27B high,tool-free,corners-5c0a651526bb,corners,"{""n"": 138}",construction,3120,True,2184,0.7,bench/results/Qwen_Qwen3.5-27B-FP8-think-high@128k#A3.jsonl,7349620e0df7e5ee968f85435bc512ce7339c353ff93a790e14cf5a1513c5b6f,20,,think-high@128k#A3
qwen35,Qwen3.5-27B high,tool-free,corners-df38f45e8b38,corners,"{""n"": 183}",construction,4698,True,3936,0.8378033205619413,bench/results/Qwen_Qwen3.5-27B-FP8-think-high@128k#A3.jsonl,7349620e0df7e5ee968f85435bc512ce7339c353ff93a790e14cf5a1513c5b6f,22,,think-high@128k#A3
qwen35,Qwen3.5-27B high,tool-free,corners-dce415bc82c9,corners,"{""n"": 150}",construction,3504,True,90,0.025684931506849314,bench/results/Qwen_Qwen3.5-27B-FP8-think-high@128k#A3.jsonl,7349620e0df7e5ee968f85435bc512ce7339c353ff93a790e14cf5a1513c5b6f,23,,think-high@128k#A3
qwen35,Qwen3.5-27B high,tool-free,corners-299b1caf450c,corners,"{""n"": 162}",construction,3888,True,3552,0.9135802469135802,bench/results/Qwen_Qwen3.5-27B-FP8-think-high@128k#A3.jsonl,7349620e0df7e5ee968f85435bc512ce7339c353ff93a790e14cf5a1513c5b6f,24,,think-high@128k#A3
qwen35,Qwen3.5-27B high,tool-free,corners-b92c953c9648,corners,"{""n"": 185}",construction,4786,True,3984,0.8324279147513581,bench/results/Qwen_Qwen3.5-27B-FP8-think-high@128k#A3.jsonl,7349620e0df7e5ee968f85435bc512ce7339c353ff93a790e14cf5a1513c5b6f,25,,think-high@128k#A3
qwen35,Qwen3.5-27B high,tool-free,kissing_theta-48ea4a32bea2,kissing_theta,"{""cos100"": 24, ""d"": 12}",construction,28,False,0,0.0,bench/results/Qwen_Qwen3.5-27B-FP8-think-high@128k#A3.jsonl,7349620e0df7e5ee968f85435bc512ce7339c353ff93a790e14cf5a1513c5b6f,26,,think-high@128k#A3
qwen35,Qwen3.5-27B high,tool-free,kissing_theta-88cc99fc7fbd,kissing_theta,"{""cos100"": 39, ""d"": 12}",construction,152,False,0,0.0,bench/results/Qwen_Qwen3.5-27B-FP8-think-high@128k#A3.jsonl,7349620e0df7e5ee968f85435bc512ce7339c353ff93a790e14cf5a1513c5b6f,28,,think-high@128k#A3
qwen35,Qwen3.5-27B high,tool-free,kissing_theta-18c29aeaf14f,kissing_theta,"{""cos100"": 36, ""d"": 14}",construction,124,False,0,0.0,bench/results/Qwen_Qwen3.5-27B-FP8-think-high@128k#A3.jsonl,7349620e0df7e5ee968f85435bc512ce7339c353ff93a790e14cf5a1513c5b6f,27,,think-high@128k#A3
qwen35,Qwen3.5-27B high,tool-free,kissing_theta-6cdc8634ec21,kissing_theta,"{""cos100"": 39, ""d"": 14}",construction,132,True,36,0.2727272727272727,bench/results/Qwen_Qwen3.5-27B-FP8-think-high@128k#A3.jsonl,7349620e0df7e5ee968f85435bc512ce7339c353ff93a790e14cf5a1513c5b6f,29,,think-high@128k#A3
qwen35,Qwen3.5-27B high,tool-free,kissing_theta-5c1803b86d2d,kissing_theta,"{""cos100"": 36, ""d"": 12}",construction,152,False,0,0.0,bench/results/Qwen_Qwen3.5-27B-FP8-think-high@128k#A3.jsonl,7349620e0df7e5ee968f85435bc512ce7339c353ff93a790e14cf5a1513c5b6f,30,,think-high@128k#A3
qwen35,Qwen3.5-27B high,tool-free,heilbronn_shape-170f6064b3d7,heilbronn_shape,"{""T"": [[9026, 8197], [1769, 9178], [7298, 1276]], ""n"": 32}",construction,0.0014884960025223,True,0.0005159390160391203,0.3466176698928627,bench/results/Qwen_Qwen3.5-27B-FP8-think-high@128k#A3.jsonl,7349620e0df7e5ee968f85435bc512ce7339c353ff93a790e14cf5a1513c5b6f,32,,think-high@128k#A3
qwen35,Qwen3.5-27B high,tool-free,heilbronn_shape-0cef36bc9728,heilbronn_shape,"{""T"": [[578, 9933], [8598, 7337], [2075, 588]], ""n"": 34}",construction,0.0010042824240598402,False,0,0.0,bench/results/Qwen_Qwen3.5-27B-FP8-think-high@128k#A3.jsonl,7349620e0df7e5ee968f85435bc512ce7339c353ff93a790e14cf5a1513c5b6f,31,,think-high@128k#A3
qwen35,Qwen3.5-27B high,tool-free,heilbronn_shape-0e86da8665f2,heilbronn_shape,"{""T"": [[411, 7999], [9004, 9890], [3031, 713]], ""n"": 31}",construction,0.0016863811501138092,True,0.0,0.0,bench/results/Qwen_Qwen3.5-27B-FP8-think-high@128k#A3.jsonl,7349620e0df7e5ee968f85435bc512ce7339c353ff93a790e14cf5a1513c5b6f,33,,think-high@128k#A3
qwen35,Qwen3.5-27B high,tool-free,heilbronn_shape-4efe4b6d2f48,heilbronn_shape,"{""T"": [[7922, 8793], [9917, 1548], [1510, 3942]], ""n"": 40}",construction,0.0005937004438679532,False,0,0.0,bench/results/Qwen_Qwen3.5-27B-FP8-think-high@128k#A3.jsonl,7349620e0df7e5ee968f85435bc512ce7339c353ff93a790e14cf5a1513c5b6f,34,,think-high@128k#A3
qwen35,Qwen3.5-27B high,tool-free,heilbronn_shape-7654620d3ab8,heilbronn_shape,"{""T"": [[526, 8526], [8696, 8279], [8084, 1688]], ""n"": 26}",construction,0.003982656623191187,False,0,0.0,bench/results/Qwen_Qwen3.5-27B-FP8-think-high@128k#A3.jsonl,7349620e0df7e5ee968f85435bc512ce7339c353ff93a790e14cf5a1513c5b6f,36,,think-high@128k#A3
qwen35,Qwen3.5-27B high,tool-free,matmul-ffd9b6a99452,matmul,"{""m"": 4, ""n"": 4, ""p"": 5}",published,61,False,0,0.0,bench/results/Qwen_Qwen3.5-27B-FP8-think-high@128k#A3.jsonl,7349620e0df7e5ee968f85435bc512ce7339c353ff93a790e14cf5a1513c5b6f,35,,think-high@128k#A3
qwen35,Qwen3.5-27B high,tool-free,matmul-7c87a93e97c3,matmul,"{""m"": 5, ""n"": 5, ""p"": 5}",published,93,False,0,0.0,bench/results/Qwen_Qwen3.5-27B-FP8-think-high@128k#A3.jsonl,7349620e0df7e5ee968f85435bc512ce7339c353ff93a790e14cf5a1513c5b6f,43,,think-high@128k#A3
qwen35,Qwen3.5-27B high,tool-free,degdiam-698a36ec659c,degdiam,"{""d"": 4, ""k"": 5}",published,364,True,35,0.09615384615384616,bench/results/Qwen_Qwen3.5-27B-FP8-think-high@128k#A3.jsonl,7349620e0df7e5ee968f85435bc512ce7339c353ff93a790e14cf5a1513c5b6f,39,,think-high@128k#A3
qwen35,Qwen3.5-27B high,tool-free,degdiam-550afae4f1d9,degdiam,"{""d"": 7, ""k"": 3}",published,168,False,0,0.0,bench/results/Qwen_Qwen3.5-27B-FP8-think-high@128k#A3.jsonl,7349620e0df7e5ee968f85435bc512ce7339c353ff93a790e14cf5a1513c5b6f,40,,think-high@128k#A3
qwen35,Qwen3.5-27B high,tool-free,degdiam-1bb88a3f7ec5,degdiam,"{""d"": 4, ""k"": 4}",published,104,True,29,0.27884615384615385,bench/results/Qwen_Qwen3.5-27B-FP8-think-high@128k#A3.jsonl,7349620e0df7e5ee968f85435bc512ce7339c353ff93a790e14cf5a1513c5b6f,44,,think-high@128k#A3
qwen35,Qwen3.5-27B high,tool-free,degdiam-69fe33ce30ae,degdiam,"{""d"": 3, ""k"": 7}",published,196,False,0,0.0,bench/results/Qwen_Qwen3.5-27B-FP8-think-high@128k#A3.jsonl,7349620e0df7e5ee968f85435bc512ce7339c353ff93a790e14cf5a1513c5b6f,47,,think-high@128k#A3
qwen35,Qwen3.5-27B high,tool-free,lineq-dbd7ed2a31a1,lineq,"{""a"": 3, ""b"": 4, ""n"": 19044}",construction,630,True,47,0.0746031746031746,bench/results/Qwen_Qwen3.5-27B-FP8-think-high@128k#A3.jsonl,7349620e0df7e5ee968f85435bc512ce7339c353ff93a790e14cf5a1513c5b6f,45,,think-high@128k#A3
qwen35,Qwen3.5-27B high,tool-free,lineq-8e24e186040f,lineq,"{""a"": 2, ""b"": 5, ""n"": 18883}",construction,609,True,511,0.8390804597701149,bench/results/Qwen_Qwen3.5-27B-FP8-think-high@128k#A3.jsonl,7349620e0df7e5ee968f85435bc512ce7339c353ff93a790e14cf5a1513c5b6f,46,,think-high@128k#A3
qwen35,Qwen3.5-27B high,tool-free,lineq-9920caf37ad6,lineq,"{""a"": 2, ""b"": 3, ""n"": 17965}",construction,523,True,95,0.18164435946462715,bench/results/Qwen_Qwen3.5-27B-FP8-think-high@128k#A3.jsonl,7349620e0df7e5ee968f85435bc512ce7339c353ff93a790e14cf5a1513c5b6f,48,,think-high@128k#A3
qwen35,Qwen3.5-27B high,tool-free,lineq-3e1492fbf38e,lineq,"{""a"": 3, ""b"": 4, ""n"": 13312}",construction,512,False,0,0.0,bench/results/Qwen_Qwen3.5-27B-FP8-think-high@128k#A3.jsonl,7349620e0df7e5ee968f85435bc512ce7339c353ff93a790e14cf5a1513c5b6f,49,,think-high@128k#A3
qwen35,Qwen3.5-27B high,tool-free,lineq-4cf345605795,lineq,"{""a"": 3, ""b"": 4, ""n"": 6248}",construction,349,True,32,0.09169054441260745,bench/results/Qwen_Qwen3.5-27B-FP8-think-high@128k#A3.jsonl,7349620e0df7e5ee968f85435bc512ce7339c353ff93a790e14cf5a1513c5b6f,50,,think-high@128k#A3
qwen35,Qwen3.5-27B high,tool-free,apfree_q-01c7215e28dc,apfree_q,"{""n"": 6, ""q"": 5}",published,649,True,625,0.963020030816641,bench/results/Qwen_Qwen3.5-27B-FP8-think-high@128k#A3.jsonl,7349620e0df7e5ee968f85435bc512ce7339c353ff93a790e14cf5a1513c5b6f,56,,think-high@128k#A3
qwen35,Qwen3.5-27B high,tool-free,apfree_q-ea15a8323290,apfree_q,"{""n"": 5, ""q"": 5}",published,194,False,0,0.0,bench/results/Qwen_Qwen3.5-27B-FP8-think-high@128k#A3.jsonl,7349620e0df7e5ee968f85435bc512ce7339c353ff93a790e14cf5a1513c5b6f,58,,think-high@128k#A3
qwen35,Qwen3.5-27B high,tool-free,mols-9f35e847148f,mols,"{""n"": 14}",published,4,False,0,0.0,bench/results/Qwen_Qwen3.5-27B-FP8-think-high@128k#A3.jsonl,7349620e0df7e5ee968f85435bc512ce7339c353ff93a790e14cf5a1513c5b6f,62,,think-high@128k#A3
qwen35,Qwen3.5-27B high,tool-free,mols-7c78ac4f7920,mols,"{""n"": 10}",published,2,False,0,0.0,bench/results/Qwen_Qwen3.5-27B-FP8-think-high@128k#A3.jsonl,7349620e0df7e5ee968f85435bc512ce7339c353ff93a790e14cf5a1513c5b6f,68,,think-high@128k#A3
qwen35,Qwen3.5-27B high,tool-free,mols-934e5656a894,mols,"{""n"": 18}",published,5,True,1,0.2,bench/results/Qwen_Qwen3.5-27B-FP8-think-high@128k#A3.jsonl,7349620e0df7e5ee968f85435bc512ce7339c353ff93a790e14cf5a1513c5b6f,63,,think-high@128k#A3
qwen35,Qwen3.5-27B high,tool-free,capset-253c1b38c406,capset,"{""d"": 9}",published,1082,True,512,0.4731977818853974,bench/results/Qwen_Qwen3.5-27B-FP8-think-high@128k#A3.jsonl,7349620e0df7e5ee968f85435bc512ce7339c353ff93a790e14cf5a1513c5b6f,64,,think-high@128k#A3
qwen35,Qwen3.5-27B high,tool-free,kissing-a4c5596cf65f,kissing,"{""d"": 13, ""representation"": ""quadratic""}",published,1154,True,312,0.2703639514731369,bench/results/Qwen_Qwen3.5-27B-FP8-think-high@128k.kissing-q3.once#A3.jsonl,c1805a3b9f99ed5a132c8bf71cb1fa86686188ee86d3748ea064e5a0dcc29524,1,,think-high@128k.kissing-q3.once#A3
qwen35,Qwen3.5-27B high,tool-free,matmul-857618e58878,matmul,"{""m"": 5, ""n"": 4, ""p"": 5}",published,76,False,0,0.0,bench/results/Qwen_Qwen3.5-27B-FP8-think-high@128k#A3.jsonl,7349620e0df7e5ee968f85435bc512ce7339c353ff93a790e14cf5a1513c5b6f,67,,think-high@128k#A3
qwen35,Qwen3.5-27B high,tool-free,degdiam-b8f67d96ee68,degdiam,"{""d"": 6, ""k"": 3}",published,111,False,0,0.0,bench/results/Qwen_Qwen3.5-27B-FP8-think-high@128k#A3.jsonl,7349620e0df7e5ee968f85435bc512ce7339c353ff93a790e14cf5a1513c5b6f,73,,think-high@128k#A3
qwen35,Qwen3.5-27B high,tool-free,degdiam-708cd938b766,degdiam,"{""d"": 5, ""k"": 4}",published,212,True,30,0.14150943396226415,bench/results/Qwen_Qwen3.5-27B-FP8-think-high@128k#A3.jsonl,7349620e0df7e5ee968f85435bc512ce7339c353ff93a790e14cf5a1513c5b6f,69,,think-high@128k#A3
qwen35,Qwen3.5-27B high,tool-free,degdiam-71d28a377ba1,degdiam,"{""d"": 3, ""k"": 6}",published,132,False,0,0.0,bench/results/Qwen_Qwen3.5-27B-FP8-think-high@128k#A3.jsonl,7349620e0df7e5ee968f85435bc512ce7339c353ff93a790e14cf5a1513c5b6f,71,,think-high@128k#A3
qwen35,Qwen3.5-27B high,tool-free,apfree_q-84ab372c1270,apfree_q,"{""n"": 4, ""q"": 7}",construction,103,True,81,0.7864077669902912,bench/results/Qwen_Qwen3.5-27B-FP8-think-high@128k#A3.jsonl,7349620e0df7e5ee968f85435bc512ce7339c353ff93a790e14cf5a1513c5b6f,70,,think-high@128k#A3
qwen35,Qwen3.5-27B high,tool-free,mols-dfb4c3a55793,mols,"{""n"": 15}",published,4,True,2,0.5,bench/results/Qwen_Qwen3.5-27B-FP8-think-high@128k#A3.jsonl,7349620e0df7e5ee968f85435bc512ce7339c353ff93a790e14cf5a1513c5b6f,72,,think-high@128k#A3
qwen35,Qwen3.5-27B high,tool-free,mols-5e98497ace6a,mols,"{""n"": 12}",published,5,False,0,0.0,bench/results/Qwen_Qwen3.5-27B-FP8-think-high@128k#A3.jsonl,7349620e0df7e5ee968f85435bc512ce7339c353ff93a790e14cf5a1513c5b6f,75,,think-high@128k#A3
qwen35,Qwen3.5-27B high,tool-free,mols-0e29c62754e2,mols,"{""n"": 20}",published,4,False,0,0.0,bench/results/Qwen_Qwen3.5-27B-FP8-think-high@128k#A3.jsonl,7349620e0df7e5ee968f85435bc512ce7339c353ff93a790e14cf5a1513c5b6f,76,,think-high@128k#A3
qwen35,Qwen3.5-27B high,tool-free,schur-133b39146db2,schur,"{""k"": 7}",published,1696,False,0,0.0,bench/results/Qwen_Qwen3.5-27B-FP8-think-high@128k#A3.jsonl,7349620e0df7e5ee968f85435bc512ce7339c353ff93a790e14cf5a1513c5b6f,74,,think-high@128k#A3
qwen35,Qwen3.5-27B high,tool-free,schur-4f4fcef4287a,schur,"{""k"": 6}",published,536,False,0,0.0,bench/results/Qwen_Qwen3.5-27B-FP8-think-high@128k#A3.jsonl,7349620e0df7e5ee968f85435bc512ce7339c353ff93a790e14cf5a1513c5b6f,81,,think-high@128k#A3
qwen35,Qwen3.5-27B high,tool-free,schur-16d4130a2932,schur,"{""k"": 8}",published,5362,True,255,0.047556881760537115,bench/results/Qwen_Qwen3.5-27B-FP8-think-high@128k#A3.jsonl,7349620e0df7e5ee968f85435bc512ce7339c353ff93a790e14cf5a1513c5b6f,77,,think-high@128k#A3
qwen35,Qwen3.5-27B high,tool-free,covering-96b61f7899e7,covering,"{""k"": 7, ""t"": 4, ""v"": 18}",published,126,False,0,0.0,bench/results/Qwen_Qwen3.5-27B-FP8-think-high@128k#A3.jsonl,7349620e0df7e5ee968f85435bc512ce7339c353ff93a790e14cf5a1513c5b6f,78,,think-high@128k#A3
qwen35,Qwen3.5-27B high,tool-free,covering-551581f999ca,covering,"{""k"": 6, ""t"": 3, ""v"": 30}",published,225,False,0,0.0,bench/results/Qwen_Qwen3.5-27B-FP8-think-high@128k#A3.jsonl,7349620e0df7e5ee968f85435bc512ce7339c353ff93a790e14cf5a1513c5b6f,79,,think-high@128k#A3
qwen35,Qwen3.5-27B high,tool-free,covering-e208a41ac8b5,covering,"{""k"": 6, ""t"": 3, ""v"": 24}",published,116,False,0,0.0,bench/results/Qwen_Qwen3.5-27B-FP8-think-high@128k#A3.jsonl,7349620e0df7e5ee968f85435bc512ce7339c353ff93a790e14cf5a1513c5b6f,80,,think-high@128k#A3
qwen35,Qwen3.5-27B high,tool-free,shannon-4d7467466a4c,shannon,"{""d"": 24, ""q"": 7}",construction,1941100559147,True,282429536481,0.14549969353731537,bench/results/Qwen_Qwen3.5-27B-FP8-think-high@128k#A3.jsonl,7349620e0df7e5ee968f85435bc512ce7339c353ff93a790e14cf5a1513c5b6f,82,,think-high@128k#A3
qwen35,Qwen3.5-27B high,tool-free,shannon-dbd709082fa3,shannon,"{""d"": 40, ""q"": 7}",construction,329100478707380211841,True,12157665459056928801,0.03694210809661848,bench/results/Qwen_Qwen3.5-27B-FP8-think-high@128k#A3.jsonl,7349620e0df7e5ee968f85435bc512ce7339c353ff93a790e14cf5a1513c5b6f,83,,think-high@128k#A3
qwen35,Qwen3.5-27B high,tool-free,shannon-3ba3fb861c12,shannon,"{""d"": 48, ""q"": 9}",construction,3433683820292512484657849089281,True,3433683820292512484657849089281,1.0,bench/results/Qwen_Qwen3.5-27B-FP8-think-high@128k#A3.jsonl,7349620e0df7e5ee968f85435bc512ce7339c353ff93a790e14cf5a1513c5b6f,84,,think-high@128k#A3
qwen35,Qwen3.5-27B high,tool-free,shannon-feb50364a0a8,shannon,"{""d"": 64, ""q"": 9}",construction,47890060730248079154410960106868188422724,True,340282366920938463463374607431768211456,0.00710549040306418,bench/results/Qwen_Qwen3.5-27B-FP8-think-high@128k#A3.jsonl,7349620e0df7e5ee968f85435bc512ce7339c353ff93a790e14cf5a1513c5b6f,85,,think-high@128k#A3
qwen35,Qwen3.5-27B high,tool-free,trifference-f9a51728af9d,trifference,"{""m"": 1, ""n"": 64, ""representation"": ""certified""}",construction,19683,True,729,0.037037037037037035,bench/results/Qwen_Qwen3.5-27B-FP8-think-high@128k#T1.jsonl,d4dcf6c81f1fed424ffcd1e7b99a3d5dc92c5dc09d54adbfc1e479e8ab13e3cb,1,,think-high@128k#T1
qwen35,Qwen3.5-27B high,tool-free,trifference-0809543b57d9,trifference,"{""m"": 1, ""n"": 96, ""representation"": ""certified""}",construction,531441,True,19683,0.037037037037037035,bench/results/Qwen_Qwen3.5-27B-FP8-think-high@128k#T2.jsonl,fae7cb4ba7b6ff13fc8190cf2522a67481e4fd7338beeb90bdb369285107d2a0,1,,think-high@128k#T2
qwen35,Qwen3.5-27B high,tool-free,trifference-144e830d3cd7,trifference,"{""m"": 1, ""n"": 144, ""representation"": ""certified""}",construction,387420489,False,0,0.0,bench/results/Qwen_Qwen3.5-27B-FP8-think-high@128k#T3.jsonl,6cbb4065540454669ff25a807acf8ed1e722e7bac3964237443506eeb3c57415,1,,think-high@128k#T3
qwen35,Qwen3.5-27B high,tool-free,trifference-2878b90f82e4,trifference,"{""m"": 1, ""n"": 192, ""representation"": ""certified""}",construction,10460353203,False,0,0.0,bench/results/Qwen_Qwen3.5-27B-FP8-think-high@128k#T4.jsonl,8af4c014acef415402dfe32f8ca79f47175282c16b97037044425cdbc101ea02,1,,think-high@128k#T4
qwen38,Qwen3.8-27B high,tool-free,capset-e561943a0230,capset,"{""d"": 10}",published,2432,True,1620,0.6661184210526315,bench/results/Qwen_Qwen3.8-27B-FP8-think-high@128k#A3.jsonl,c4532b92c3a27a7adda7062263b7a1c6bce266933e8b4a333aa873b887fe28fb,1,,think-high@128k#A3
qwen38,Qwen3.8-27B high,tool-free,capset-fb287354fb10,capset,"{""d"": 11}",published,5504,True,3640,0.6613372093023255,bench/results/Qwen_Qwen3.8-27B-FP8-think-high@128k#A3.jsonl,c4532b92c3a27a7adda7062263b7a1c6bce266933e8b4a333aa873b887fe28fb,22,,think-high@128k#A3
qwen38,Qwen3.8-27B high,tool-free,labs-8e3bca55269d,labs,"{""N"": 280}",construction,5.577689243027889,True,1.4973262032085561,0.26844919786096255,bench/results/Qwen_Qwen3.8-27B-FP8-think-high@128k#A3.jsonl,c4532b92c3a27a7adda7062263b7a1c6bce266933e8b4a333aa873b887fe28fb,12,,think-high@128k#A3
qwen38,Qwen3.8-27B high,tool-free,labs-0b0c9e75a95d,labs,"{""N"": 375}",construction,5.919058843336981,False,0,0.0,bench/results/Qwen_Qwen3.8-27B-FP8-think-high@128k#A3.jsonl,c4532b92c3a27a7adda7062263b7a1c6bce266933e8b4a333aa873b887fe28fb,5,,think-high@128k#A3
qwen38,Qwen3.8-27B high,tool-free,labs-69bcd35b5eda,labs,"{""N"": 357}",construction,5.862419503219871,True,1.3517563955708285,0.2305799499384837,bench/results/Qwen_Qwen3.8-27B-FP8-think-high@128k#A3.jsonl,c4532b92c3a27a7adda7062263b7a1c6bce266933e8b4a333aa873b887fe28fb,14,,think-high@128k#A3
qwen38,Qwen3.8-27B high,tool-free,labs-112648954874,labs,"{""N"": 281}",construction,5.65299255441008,True,1.49208238851096,0.26394557823129255,bench/results/Qwen_Qwen3.8-27B-FP8-think-high@128k#A3.jsonl,c4532b92c3a27a7adda7062263b7a1c6bce266933e8b4a333aa873b887fe28fb,49,,think-high@128k#A3
qwen38,Qwen3.8-27B high,tool-free,labs-824c59888322,labs,"{""N"": 240}",construction,5.858421480878763,True,2.498265093684941,0.426439972241499,bench/results/Qwen_Qwen3.8-27B-FP8-think-high@128k#A3.jsonl,c4532b92c3a27a7adda7062263b7a1c6bce266933e8b4a333aa873b887fe28fb,53,,think-high@128k#A3
qwen38,Qwen3.8-27B high,tool-free,heilbronn-c4d41ce5a93d,heilbronn,"{""n"": 46}",construction,0.00047375,True,0.00026973,0.5693509234828495,bench/results/Qwen_Qwen3.8-27B-FP8-think-high@128k#A3.jsonl,c4532b92c3a27a7adda7062263b7a1c6bce266933e8b4a333aa873b887fe28fb,8,,think-high@128k#A3
qwen38,Qwen3.8-27B high,tool-free,heilbronn-0c621382b805,heilbronn,"{""n"": 26}",construction,0.002620975,False,0,0.0,bench/results/Qwen_Qwen3.8-27B-FP8-think-high@128k#A3.jsonl,c4532b92c3a27a7adda7062263b7a1c6bce266933e8b4a333aa873b887fe28fb,11,,think-high@128k#A3
qwen38,Qwen3.8-27B high,tool-free,heilbronn-a5c5c8aa2e3f,heilbronn,"{""n"": 40}",construction,0.0006907,True,0.00032,0.46329810337338934,bench/results/Qwen_Qwen3.8-27B-FP8-think-high@128k#A3.jsonl,c4532b92c3a27a7adda7062263b7a1c6bce266933e8b4a333aa873b887fe28fb,25,,think-high@128k#A3
qwen38,Qwen3.8-27B high,tool-free,heilbronn-d9588eea537f,heilbronn,"{""n"": 50}",construction,0.0002857,True,0.00022134,0.7747287364368218,bench/results/Qwen_Qwen3.8-27B-FP8-think-high@128k#A3.jsonl,c4532b92c3a27a7adda7062263b7a1c6bce266933e8b4a333aa873b887fe28fb,58,,think-high@128k#A3
qwen38,Qwen3.8-27B high,tool-free,heilbronn-ce0964a3b547,heilbronn,"{""n"": 48}",construction,0.00037548,True,0.00025228,0.6718866517524237,bench/results/Qwen_Qwen3.8-27B-FP8-think-high@128k#A3.jsonl,c4532b92c3a27a7adda7062263b7a1c6bce266933e8b4a333aa873b887fe28fb,55,,think-high@128k#A3
qwen38,Qwen3.8-27B high,tool-free,kissing-7c7466431087,kissing,"{""d"": 14}",published,1932,False,0,0.0,bench/results/Qwen_Qwen3.8-27B-FP8-think-high@128k#A3.jsonl,c4532b92c3a27a7adda7062263b7a1c6bce266933e8b4a333aa873b887fe28fb,7,,think-high@128k#A3
qwen38,Qwen3.8-27B high,tool-free,kissing-0e2702baa0cb,kissing,"{""d"": 15}",published,2564,True,420,0.16380655226209048,bench/results/Qwen_Qwen3.8-27B-FP8-think-high@128k#A3.jsonl,c4532b92c3a27a7adda7062263b7a1c6bce266933e8b4a333aa873b887fe28fb,13,,think-high@128k#A3
qwen38,Qwen3.8-27B high,tool-free,corners-5c0a651526bb,corners,"{""n"": 138}",construction,3120,False,0,0.0,bench/results/Qwen_Qwen3.8-27B-FP8-think-high@128k#A3.jsonl,c4532b92c3a27a7adda7062263b7a1c6bce266933e8b4a333aa873b887fe28fb,9,,think-high@128k#A3
qwen38,Qwen3.8-27B high,tool-free,corners-df38f45e8b38,corners,"{""n"": 183}",construction,4698,True,4561,0.9708386547467007,bench/results/Qwen_Qwen3.8-27B-FP8-think-high@128k#A3.jsonl,c4532b92c3a27a7adda7062263b7a1c6bce266933e8b4a333aa873b887fe28fb,15,,think-high@128k#A3
qwen38,Qwen3.8-27B high,tool-free,corners-dce415bc82c9,corners,"{""n"": 150}",construction,3504,True,3504,1.0,bench/results/Qwen_Qwen3.8-27B-FP8-think-high@128k#A3.jsonl,c4532b92c3a27a7adda7062263b7a1c6bce266933e8b4a333aa873b887fe28fb,24,,think-high@128k#A3
qwen38,Qwen3.8-27B high,tool-free,corners-299b1caf450c,corners,"{""n"": 162}",construction,3888,True,3888,1.0,bench/results/Qwen_Qwen3.8-27B-FP8-think-high@128k#A3.jsonl,c4532b92c3a27a7adda7062263b7a1c6bce266933e8b4a333aa873b887fe28fb,61,,think-high@128k#A3
qwen38,Qwen3.8-27B high,tool-free,corners-b92c953c9648,corners,"{""n"": 185}",construction,4786,False,0,0.0,bench/results/Qwen_Qwen3.8-27B-FP8-think-high@128k#A3.jsonl,c4532b92c3a27a7adda7062263b7a1c6bce266933e8b4a333aa873b887fe28fb,50,,think-high@128k#A3
qwen38,Qwen3.8-27B high,tool-free,kissing_theta-48ea4a32bea2,kissing_theta,"{""cos100"": 24, ""d"": 12}",construction,28,True,24,0.8571428571428571,bench/results/Qwen_Qwen3.8-27B-FP8-think-high@128k#A3.jsonl,c4532b92c3a27a7adda7062263b7a1c6bce266933e8b4a333aa873b887fe28fb,21,,think-high@128k#A3
qwen38,Qwen3.8-27B high,tool-free,kissing_theta-88cc99fc7fbd,kissing_theta,"{""cos100"": 39, ""d"": 12}",construction,152,False,0,0.0,bench/results/Qwen_Qwen3.8-27B-FP8-think-high@128k#A3.jsonl,c4532b92c3a27a7adda7062263b7a1c6bce266933e8b4a333aa873b887fe28fb,23,,think-high@128k#A3
qwen38,Qwen3.8-27B high,tool-free,kissing_theta-18c29aeaf14f,kissing_theta,"{""cos100"": 36, ""d"": 14}",construction,124,True,224,1.8064516129032258,bench/results/Qwen_Qwen3.8-27B-FP8-think-high@128k#A3.jsonl,c4532b92c3a27a7adda7062263b7a1c6bce266933e8b4a333aa873b887fe28fb,17,,think-high@128k#A3
qwen38,Qwen3.8-27B high,tool-free,kissing_theta-6cdc8634ec21,kissing_theta,"{""cos100"": 39, ""d"": 14}",construction,132,True,224,1.696969696969697,bench/results/Qwen_Qwen3.8-27B-FP8-think-high@128k#A3.jsonl,c4532b92c3a27a7adda7062263b7a1c6bce266933e8b4a333aa873b887fe28fb,69,,think-high@128k#A3
qwen38,Qwen3.8-27B high,tool-free,kissing_theta-5c1803b86d2d,kissing_theta,"{""cos100"": 36, ""d"": 12}",construction,152,True,160,1.0526315789473684,bench/results/Qwen_Qwen3.8-27B-FP8-think-high@128k#A3.jsonl,c4532b92c3a27a7adda7062263b7a1c6bce266933e8b4a333aa873b887fe28fb,60,,think-high@128k#A3
qwen38,Qwen3.8-27B high,tool-free,heilbronn_shape-170f6064b3d7,heilbronn_shape,"{""T"": [[9026, 8197], [1769, 9178], [7298, 1276]], ""n"": 32}",construction,0.0014884960025223,True,0.0004076973679078729,0.27389886651829615,bench/results/Qwen_Qwen3.8-27B-FP8-think-high@128k#A3.jsonl,c4532b92c3a27a7adda7062263b7a1c6bce266933e8b4a333aa873b887fe28fb,32,,think-high@128k#A3
qwen38,Qwen3.8-27B high,tool-free,heilbronn_shape-0cef36bc9728,heilbronn_shape,"{""T"": [[578, 9933], [8598, 7337], [2075, 588]], ""n"": 34}",construction,0.0010042824240598402,True,0.000576352427097244,0.5738947663420445,bench/results/Qwen_Qwen3.8-27B-FP8-think-high@128k#A3.jsonl,c4532b92c3a27a7adda7062263b7a1c6bce266933e8b4a333aa873b887fe28fb,26,,think-high@128k#A3
qwen38,Qwen3.8-27B high,tool-free,heilbronn_shape-0e86da8665f2,heilbronn_shape,"{""T"": [[411, 7999], [9004, 9890], [3031, 713]], ""n"": 31}",construction,0.0016863811501138092,True,9.5466428098283e-05,0.05661023197029938,bench/results/Qwen_Qwen3.8-27B-FP8-think-high@128k#A3.jsonl,c4532b92c3a27a7adda7062263b7a1c6bce266933e8b4a333aa873b887fe28fb,35,,think-high@128k#A3
qwen38,Qwen3.8-27B high,tool-free,heilbronn_shape-4efe4b6d2f48,heilbronn_shape,"{""T"": [[7922, 8793], [9917, 1548], [1510, 3942]], ""n"": 40}",construction,0.0005937004438679532,True,0.0,0.0,bench/results/Qwen_Qwen3.8-27B-FP8-think-high@128k#A3.jsonl,c4532b92c3a27a7adda7062263b7a1c6bce266933e8b4a333aa873b887fe28fb,68,,think-high@128k#A3
qwen38,Qwen3.8-27B high,tool-free,heilbronn_shape-7654620d3ab8,heilbronn_shape,"{""T"": [[526, 8526], [8696, 8279], [8084, 1688]], ""n"": 26}",construction,0.003982656623191187,False,0,0.0,bench/results/Qwen_Qwen3.8-27B-FP8-think-high@128k#A3.jsonl,c4532b92c3a27a7adda7062263b7a1c6bce266933e8b4a333aa873b887fe28fb,66,,think-high@128k#A3
qwen38,Qwen3.8-27B high,tool-free,matmul-ffd9b6a99452,matmul,"{""m"": 4, ""n"": 4, ""p"": 5}",published,61,True,80,0.7625,bench/results/Qwen_Qwen3.8-27B-FP8-think-high@128k#A3.jsonl,c4532b92c3a27a7adda7062263b7a1c6bce266933e8b4a333aa873b887fe28fb,34,,think-high@128k#A3
qwen38,Qwen3.8-27B high,tool-free,matmul-7c87a93e97c3,matmul,"{""m"": 5, ""n"": 5, ""p"": 5}",published,93,True,125,0.744,bench/results/Qwen_Qwen3.8-27B-FP8-think-high@128k#A3.jsonl,c4532b92c3a27a7adda7062263b7a1c6bce266933e8b4a333aa873b887fe28fb,64,,think-high@128k#A3
qwen38,Qwen3.8-27B high,tool-free,degdiam-698a36ec659c,degdiam,"{""d"": 4, ""k"": 5}",published,364,True,61,0.16758241758241757,bench/results/Qwen_Qwen3.8-27B-FP8-think-high@128k#A3.jsonl,c4532b92c3a27a7adda7062263b7a1c6bce266933e8b4a333aa873b887fe28fb,6,,think-high@128k#A3
qwen38,Qwen3.8-27B high,tool-free,degdiam-550afae4f1d9,degdiam,"{""d"": 7, ""k"": 3}",published,168,True,64,0.38095238095238093,bench/results/Qwen_Qwen3.8-27B-FP8-think-high@128k#A3.jsonl,c4532b92c3a27a7adda7062263b7a1c6bce266933e8b4a333aa873b887fe28fb,33,,think-high@128k#A3
qwen38,Qwen3.8-27B high,tool-free,degdiam-1bb88a3f7ec5,degdiam,"{""d"": 4, ""k"": 4}",published,104,False,0,0.0,bench/results/Qwen_Qwen3.8-27B-FP8-think-high@128k#A3.jsonl,c4532b92c3a27a7adda7062263b7a1c6bce266933e8b4a333aa873b887fe28fb,77,,think-high@128k#A3
qwen38,Qwen3.8-27B high,tool-free,degdiam-69fe33ce30ae,degdiam,"{""d"": 3, ""k"": 7}",published,196,False,0,0.0,bench/results/Qwen_Qwen3.8-27B-FP8-think-high@128k#A3.jsonl,c4532b92c3a27a7adda7062263b7a1c6bce266933e8b4a333aa873b887fe28fb,70,,think-high@128k#A3
qwen38,Qwen3.8-27B high,tool-free,lineq-dbd7ed2a31a1,lineq,"{""a"": 3, ""b"": 4, ""n"": 19044}",construction,630,False,0,0.0,bench/results/Qwen_Qwen3.8-27B-FP8-think-high@128k#A3.jsonl,c4532b92c3a27a7adda7062263b7a1c6bce266933e8b4a333aa873b887fe28fb,37,,think-high@128k#A3
qwen38,Qwen3.8-27B high,tool-free,lineq-8e24e186040f,lineq,"{""a"": 2, ""b"": 5, ""n"": 18883}",construction,609,False,0,0.0,bench/results/Qwen_Qwen3.8-27B-FP8-think-high@128k#A3.jsonl,c4532b92c3a27a7adda7062263b7a1c6bce266933e8b4a333aa873b887fe28fb,45,,think-high@128k#A3
qwen38,Qwen3.8-27B high,tool-free,lineq-9920caf37ad6,lineq,"{""a"": 2, ""b"": 3, ""n"": 17965}",construction,523,False,0,0.0,bench/results/Qwen_Qwen3.8-27B-FP8-think-high@128k#A3.jsonl,c4532b92c3a27a7adda7062263b7a1c6bce266933e8b4a333aa873b887fe28fb,41,,think-high@128k#A3
qwen38,Qwen3.8-27B high,tool-free,lineq-3e1492fbf38e,lineq,"{""a"": 3, ""b"": 4, ""n"": 13312}",construction,512,False,0,0.0,bench/results/Qwen_Qwen3.8-27B-FP8-think-high@128k#A3.jsonl,c4532b92c3a27a7adda7062263b7a1c6bce266933e8b4a333aa873b887fe28fb,78,,think-high@128k#A3
qwen38,Qwen3.8-27B high,tool-free,lineq-4cf345605795,lineq,"{""a"": 3, ""b"": 4, ""n"": 6248}",construction,349,False,0,0.0,bench/results/Qwen_Qwen3.8-27B-FP8-think-high@128k#A3.jsonl,c4532b92c3a27a7adda7062263b7a1c6bce266933e8b4a333aa873b887fe28fb,73,,think-high@128k#A3
qwen38,Qwen3.8-27B high,tool-free,apfree_q-01c7215e28dc,apfree_q,"{""n"": 6, ""q"": 5}",published,649,True,625,0.963020030816641,bench/results/Qwen_Qwen3.8-27B-FP8-think-high@128k#A3.jsonl,c4532b92c3a27a7adda7062263b7a1c6bce266933e8b4a333aa873b887fe28fb,38,,think-high@128k#A3
qwen38,Qwen3.8-27B high,tool-free,apfree_q-ea15a8323290,apfree_q,"{""n"": 5, ""q"": 5}",published,194,True,150,0.7731958762886598,bench/results/Qwen_Qwen3.8-27B-FP8-think-high@128k#A3.jsonl,c4532b92c3a27a7adda7062263b7a1c6bce266933e8b4a333aa873b887fe28fb,42,,think-high@128k#A3
qwen38,Qwen3.8-27B high,tool-free,mols-9f35e847148f,mols,"{""n"": 14}",published,4,False,0,0.0,bench/results/Qwen_Qwen3.8-27B-FP8-think-high@128k#A3.jsonl,c4532b92c3a27a7adda7062263b7a1c6bce266933e8b4a333aa873b887fe28fb,48,,think-high@128k#A3
qwen38,Qwen3.8-27B high,tool-free,mols-7c78ac4f7920,mols,"{""n"": 10}",published,2,False,0,0.0,bench/results/Qwen_Qwen3.8-27B-FP8-think-high@128k#A3.jsonl,c4532b92c3a27a7adda7062263b7a1c6bce266933e8b4a333aa873b887fe28fb,43,,think-high@128k#A3
qwen38,Qwen3.8-27B high,tool-free,mols-934e5656a894,mols,"{""n"": 18}",published,5,True,1,0.2,bench/results/Qwen_Qwen3.8-27B-FP8-think-high@128k#A3.jsonl,c4532b92c3a27a7adda7062263b7a1c6bce266933e8b4a333aa873b887fe28fb,47,,think-high@128k#A3
qwen38,Qwen3.8-27B high,tool-free,capset-253c1b38c406,capset,"{""d"": 9}",published,1082,True,800,0.7393715341959335,bench/results/Qwen_Qwen3.8-27B-FP8-think-high@128k#A3.jsonl,c4532b92c3a27a7adda7062263b7a1c6bce266933e8b4a333aa873b887fe28fb,81,,think-high@128k#A3
qwen38,Qwen3.8-27B high,tool-free,kissing-a4c5596cf65f,kissing,"{""d"": 13, ""representation"": ""quadratic""}",published,1154,True,314,0.2720970537261698,bench/results/Qwen_Qwen3.8-27B-FP8-think-high@128k.kissing-q3.once#A3.jsonl,c5632c8a73a09241b7ffae80851cd5a2c09d13a6850dbce474667083b7db2dc5,1,,think-high@128k.kissing-q3.once#A3
qwen38,Qwen3.8-27B high,tool-free,matmul-857618e58878,matmul,"{""m"": 5, ""n"": 4, ""p"": 5}",published,76,False,0,0.0,bench/results/Qwen_Qwen3.8-27B-FP8-think-high@128k#A3.jsonl,c4532b92c3a27a7adda7062263b7a1c6bce266933e8b4a333aa873b887fe28fb,83,,think-high@128k#A3
qwen38,Qwen3.8-27B high,tool-free,degdiam-b8f67d96ee68,degdiam,"{""d"": 6, ""k"": 3}",published,111,True,62,0.5585585585585585,bench/results/Qwen_Qwen3.8-27B-FP8-think-high@128k#A3.jsonl,c4532b92c3a27a7adda7062263b7a1c6bce266933e8b4a333aa873b887fe28fb,84,,think-high@128k#A3
qwen38,Qwen3.8-27B high,tool-free,degdiam-708cd938b766,degdiam,"{""d"": 5, ""k"": 4}",published,212,True,64,0.3018867924528302,bench/results/Qwen_Qwen3.8-27B-FP8-think-high@128k#A3.jsonl,c4532b92c3a27a7adda7062263b7a1c6bce266933e8b4a333aa873b887fe28fb,85,,think-high@128k#A3
qwen38,Qwen3.8-27B high,tool-free,degdiam-71d28a377ba1,degdiam,"{""d"": 3, ""k"": 6}",published,132,False,0,0.0,bench/results/Qwen_Qwen3.8-27B-FP8-think-high@128k#A3.jsonl,c4532b92c3a27a7adda7062263b7a1c6bce266933e8b4a333aa873b887fe28fb,86,,think-high@128k#A3
qwen38,Qwen3.8-27B high,tool-free,apfree_q-84ab372c1270,apfree_q,"{""n"": 4, ""q"": 7}",construction,103,False,0,0.0,bench/results/Qwen_Qwen3.8-27B-FP8-think-high@128k#A3.jsonl,c4532b92c3a27a7adda7062263b7a1c6bce266933e8b4a333aa873b887fe28fb,87,,think-high@128k#A3
qwen38,Qwen3.8-27B high,tool-free,mols-dfb4c3a55793,mols,"{""n"": 15}",published,4,False,0,0.0,bench/results/Qwen_Qwen3.8-27B-FP8-think-high@128k#A3.jsonl,c4532b92c3a27a7adda7062263b7a1c6bce266933e8b4a333aa873b887fe28fb,88,,think-high@128k#A3
qwen38,Qwen3.8-27B high,tool-free,mols-5e98497ace6a,mols,"{""n"": 12}",published,5,True,2,0.4,bench/results/Qwen_Qwen3.8-27B-FP8-think-high@128k#A3.jsonl,c4532b92c3a27a7adda7062263b7a1c6bce266933e8b4a333aa873b887fe28fb,89,,think-high@128k#A3
qwen38,Qwen3.8-27B high,tool-free,mols-0e29c62754e2,mols,"{""n"": 20}",published,4,True,3,0.75,bench/results/Qwen_Qwen3.8-27B-FP8-think-high@128k#A3.jsonl,c4532b92c3a27a7adda7062263b7a1c6bce266933e8b4a333aa873b887fe28fb,90,,think-high@128k#A3
qwen38,Qwen3.8-27B high,tool-free,schur-133b39146db2,schur,"{""k"": 7}",published,1696,False,0,0.0,bench/results/Qwen_Qwen3.8-27B-FP8-think-high@128k#A3.jsonl,c4532b92c3a27a7adda7062263b7a1c6bce266933e8b4a333aa873b887fe28fb,91,,think-high@128k#A3
qwen38,Qwen3.8-27B high,tool-free,schur-4f4fcef4287a,schur,"{""k"": 6}",published,536,False,0,0.0,bench/results/Qwen_Qwen3.8-27B-FP8-think-high@128k#A3.jsonl,c4532b92c3a27a7adda7062263b7a1c6bce266933e8b4a333aa873b887fe28fb,92,,think-high@128k#A3
qwen38,Qwen3.8-27B high,tool-free,schur-16d4130a2932,schur,"{""k"": 8}",published,5362,False,0,0.0,bench/results/Qwen_Qwen3.8-27B-FP8-think-high@128k#A3.jsonl,c4532b92c3a27a7adda7062263b7a1c6bce266933e8b4a333aa873b887fe28fb,93,,think-high@128k#A3
qwen38,Qwen3.8-27B high,tool-free,covering-96b61f7899e7,covering,"{""k"": 7, ""t"": 4, ""v"": 18}",published,126,True,280,0.45,bench/results/Qwen_Qwen3.8-27B-FP8-think-high@128k#A3.jsonl,c4532b92c3a27a7adda7062263b7a1c6bce266933e8b4a333aa873b887fe28fb,94,,think-high@128k#A3
qwen38,Qwen3.8-27B high,tool-free,covering-551581f999ca,covering,"{""k"": 6, ""t"": 3, ""v"": 30}",published,225,True,675,0.3333333333333333,bench/results/Qwen_Qwen3.8-27B-FP8-think-high@128k#A3.jsonl,c4532b92c3a27a7adda7062263b7a1c6bce266933e8b4a333aa873b887fe28fb,95,,think-high@128k#A3
qwen38,Qwen3.8-27B high,tool-free,covering-e208a41ac8b5,covering,"{""k"": 6, ""t"": 3, ""v"": 24}",published,116,False,0,0.0,bench/results/Qwen_Qwen3.8-27B-FP8-think-high@128k#A3.jsonl,c4532b92c3a27a7adda7062263b7a1c6bce266933e8b4a333aa873b887fe28fb,96,,think-high@128k#A3
qwen38,Qwen3.8-27B high,tool-free,shannon-4d7467466a4c,shannon,"{""d"": 24, ""q"": 7}",construction,1941100559147,True,1384128720100,0.7130638923252093,bench/results/Qwen_Qwen3.8-27B-FP8-think-high@128k#A3.jsonl,c4532b92c3a27a7adda7062263b7a1c6bce266933e8b4a333aa873b887fe28fb,97,,think-high@128k#A3
qwen38,Qwen3.8-27B high,tool-free,shannon-dbd709082fa3,shannon,"{""d"": 40, ""q"": 7}",construction,329100478707380211841,True,100000000000000000000,0.3038585674283234,bench/results/Qwen_Qwen3.8-27B-FP8-think-high@128k#A3.jsonl,c4532b92c3a27a7adda7062263b7a1c6bce266933e8b4a333aa873b887fe28fb,98,,think-high@128k#A3
qwen38,Qwen3.8-27B high,tool-free,shannon-3ba3fb861c12,shannon,"{""d"": 48, ""q"": 9}",construction,3433683820292512484657849089281,False,0,0.0,bench/results/Qwen_Qwen3.8-27B-FP8-think-high@128k#A3.jsonl,c4532b92c3a27a7adda7062263b7a1c6bce266933e8b4a333aa873b887fe28fb,99,,think-high@128k#A3
qwen38,Qwen3.8-27B high,tool-free,shannon-feb50364a0a8,shannon,"{""d"": 64, ""q"": 9}",construction,47890060730248079154410960106868188422724,True,47890060730248079154410960106868188422724,1.0,bench/results/Qwen_Qwen3.8-27B-FP8-think-high@128k#A3.jsonl,c4532b92c3a27a7adda7062263b7a1c6bce266933e8b4a333aa873b887fe28fb,100,,think-high@128k#A3
qwen38,Qwen3.8-27B high,tool-free,trifference-f9a51728af9d,trifference,"{""m"": 1, ""n"": 64, ""representation"": ""certified""}",construction,19683,True,19683,1.0,bench/results/Qwen_Qwen3.8-27B-FP8-think-high@128k#T1.jsonl,c7cdd16d34fe9c141011ce74d2f810c4108bd593956e5d56c062184dab1d73ac,1,,think-high@128k#T1
qwen38,Qwen3.8-27B high,tool-free,trifference-0809543b57d9,trifference,"{""m"": 1, ""n"": 96, ""representation"": ""certified""}",construction,531441,True,531441,1.0,bench/results/Qwen_Qwen3.8-27B-FP8-think-high@128k#T2.jsonl,b1be0f8c6869f144d5e4b9d4df23e9d1911fc4f4f00d1c0efc28e62627e56387,1,,think-high@128k#T2
qwen38,Qwen3.8-27B high,tool-free,trifference-144e830d3cd7,trifference,"{""m"": 1, ""n"": 144, ""representation"": ""certified""}",construction,387420489,False,0,0.0,bench/results/Qwen_Qwen3.8-27B-FP8-think-high@128k#T3.jsonl,0e48c6e5da01240b3c9a7b42ad0dea29d717010f7fa06836f217e79df12e933e,1,,think-high@128k#T3
qwen38,Qwen3.8-27B high,tool-free,trifference-2878b90f82e4,trifference,"{""m"": 1, ""n"": 192, ""representation"": ""certified""}",construction,10460353203,True,43046721,0.00411522633744856,bench/results/Qwen_Qwen3.8-27B-FP8-think-high@128k#T4.jsonl,001fa15e3554fc33964e32d33b8403f7aa041099dfd7e22c2b816e5d0fbfd8e9,1,,think-high@128k#T4
luna_medium,GPT-5.6 Luna medium,tool-free,capset-e561943a0230,capset,"{""d"": 10}",published,2432,True,1024,0.42105263157894735,bench/results/gpt-5.6-luna-codex-medium@128k.once-full#A3.jsonl,82880d34d696722fee367c7334ff1524c3efdb4993004c76704934f790d5fed0,5,,codex-medium@128k.once-full#A3
luna_medium,GPT-5.6 Luna medium,tool-free,capset-fb287354fb10,capset,"{""d"": 11}",published,5504,True,2916,0.529796511627907,bench/results/gpt-5.6-luna-codex-medium@128k.once-full#A3.jsonl,82880d34d696722fee367c7334ff1524c3efdb4993004c76704934f790d5fed0,7,,codex-medium@128k.once-full#A3
luna_medium,GPT-5.6 Luna medium,tool-free,labs-8e3bca55269d,labs,"{""N"": 280}",construction,5.577689243027889,False,0,0.0,bench/results/gpt-5.6-luna-codex-medium@128k.infra-recovery#A3.jsonl,3183caf9735630c0ee8b6f3865d511c9fd8e3d67c92278dc6ef0fa8f3a71489c,1,,codex-medium@128k.infra-recovery#A3
luna_medium,GPT-5.6 Luna medium,tool-free,labs-0b0c9e75a95d,labs,"{""N"": 375}",construction,5.919058843336981,False,0,0.0,bench/results/gpt-5.6-luna-codex-medium@128k.infra-recovery#A3.jsonl,3183caf9735630c0ee8b6f3865d511c9fd8e3d67c92278dc6ef0fa8f3a71489c,2,,codex-medium@128k.infra-recovery#A3
luna_medium,GPT-5.6 Luna medium,tool-free,labs-69bcd35b5eda,labs,"{""N"": 357}",construction,5.862419503219871,False,0,0.0,bench/results/gpt-5.6-luna-codex-medium@128k.infra-recovery#A3.jsonl,3183caf9735630c0ee8b6f3865d511c9fd8e3d67c92278dc6ef0fa8f3a71489c,3,,codex-medium@128k.infra-recovery#A3
luna_medium,GPT-5.6 Luna medium,tool-free,labs-112648954874,labs,"{""N"": 281}",construction,5.65299255441008,False,0,0.0,bench/results/gpt-5.6-luna-codex-medium@128k.infra-recovery#A3.jsonl,3183caf9735630c0ee8b6f3865d511c9fd8e3d67c92278dc6ef0fa8f3a71489c,4,,codex-medium@128k.infra-recovery#A3
luna_medium,GPT-5.6 Luna medium,tool-free,labs-824c59888322,labs,"{""N"": 240}",construction,5.858421480878763,False,0,0.0,bench/results/gpt-5.6-luna-codex-medium@128k.once-full#A3.jsonl,82880d34d696722fee367c7334ff1524c3efdb4993004c76704934f790d5fed0,14,,codex-medium@128k.once-full#A3
luna_medium,GPT-5.6 Luna medium,tool-free,heilbronn-c4d41ce5a93d,heilbronn,"{""n"": 46}",construction,0.00047375,True,0.000161,0.3398416886543536,bench/results/gpt-5.6-luna-codex-medium@128k.once-full#A3.jsonl,82880d34d696722fee367c7334ff1524c3efdb4993004c76704934f790d5fed0,15,,codex-medium@128k.once-full#A3
luna_medium,GPT-5.6 Luna medium,tool-free,heilbronn-0c621382b805,heilbronn,"{""n"": 26}",construction,0.002620975,True,6.4e-05,0.02441839391829376,bench/results/gpt-5.6-luna-codex-medium@128k.once-full#A3.jsonl,82880d34d696722fee367c7334ff1524c3efdb4993004c76704934f790d5fed0,16,,codex-medium@128k.once-full#A3
luna_medium,GPT-5.6 Luna medium,tool-free,heilbronn-a5c5c8aa2e3f,heilbronn,"{""n"": 40}",construction,0.0006907,True,0.00031872,0.4614449109598957,bench/results/gpt-5.6-luna-codex-medium@128k.once-full#A3.jsonl,82880d34d696722fee367c7334ff1524c3efdb4993004c76704934f790d5fed0,17,,codex-medium@128k.once-full#A3
luna_medium,GPT-5.6 Luna medium,tool-free,heilbronn-d9588eea537f,heilbronn,"{""n"": 50}",construction,0.0002857,True,8.16e-06,0.02856142807140357,bench/results/gpt-5.6-luna-codex-medium@128k.once-full#A3.jsonl,82880d34d696722fee367c7334ff1524c3efdb4993004c76704934f790d5fed0,18,,codex-medium@128k.once-full#A3
luna_medium,GPT-5.6 Luna medium,tool-free,heilbronn-ce0964a3b547,heilbronn,"{""n"": 48}",construction,0.00037548,True,8.48e-06,0.02258442526898903,bench/results/gpt-5.6-luna-codex-medium@128k.once-full#A3.jsonl,82880d34d696722fee367c7334ff1524c3efdb4993004c76704934f790d5fed0,19,,codex-medium@128k.once-full#A3
luna_medium,GPT-5.6 Luna medium,tool-free,kissing-7c7466431087,kissing,"{""d"": 14}",published,1932,True,364,0.18840579710144928,bench/results/gpt-5.6-luna-codex-medium@128k.once-full#A3.jsonl,82880d34d696722fee367c7334ff1524c3efdb4993004c76704934f790d5fed0,20,,codex-medium@128k.once-full#A3
luna_medium,GPT-5.6 Luna medium,tool-free,kissing-0e2702baa0cb,kissing,"{""d"": 15}",published,2564,True,420,0.16380655226209048,bench/results/gpt-5.6-luna-codex-medium@128k.once-full#A3.jsonl,82880d34d696722fee367c7334ff1524c3efdb4993004c76704934f790d5fed0,21,,codex-medium@128k.once-full#A3
luna_medium,GPT-5.6 Luna medium,tool-free,corners-5c0a651526bb,corners,"{""n"": 138}",construction,3120,True,3120,1.0,bench/results/gpt-5.6-luna-codex-medium@128k.once-full#A3.jsonl,82880d34d696722fee367c7334ff1524c3efdb4993004c76704934f790d5fed0,25,,codex-medium@128k.once-full#A3
luna_medium,GPT-5.6 Luna medium,tool-free,corners-df38f45e8b38,corners,"{""n"": 183}",construction,4698,True,2304,0.4904214559386973,bench/results/gpt-5.6-luna-codex-medium@128k.once-full#A3.jsonl,82880d34d696722fee367c7334ff1524c3efdb4993004c76704934f790d5fed0,26,,codex-medium@128k.once-full#A3
luna_medium,GPT-5.6 Luna medium,tool-free,corners-dce415bc82c9,corners,"{""n"": 150}",construction,3504,True,3504,1.0,bench/results/gpt-5.6-luna-codex-medium@128k.once-full#A3.jsonl,82880d34d696722fee367c7334ff1524c3efdb4993004c76704934f790d5fed0,27,,codex-medium@128k.once-full#A3
luna_medium,GPT-5.6 Luna medium,tool-free,corners-299b1caf450c,corners,"{""n"": 162}",construction,3888,True,3888,1.0,bench/results/gpt-5.6-luna-codex-medium@128k.once-full#A3.jsonl,82880d34d696722fee367c7334ff1524c3efdb4993004c76704934f790d5fed0,28,,codex-medium@128k.once-full#A3
luna_medium,GPT-5.6 Luna medium,tool-free,corners-b92c953c9648,corners,"{""n"": 185}",construction,4786,True,4064,0.849143334726285,bench/results/gpt-5.6-luna-codex-medium@128k.once-full#A3.jsonl,82880d34d696722fee367c7334ff1524c3efdb4993004c76704934f790d5fed0,29,,codex-medium@128k.once-full#A3
luna_medium,GPT-5.6 Luna medium,tool-free,kissing_theta-48ea4a32bea2,kissing_theta,"{""cos100"": 24, ""d"": 12}",construction,28,False,0,0.0,bench/results/gpt-5.6-luna-codex-medium@128k.once-full#A3.jsonl,82880d34d696722fee367c7334ff1524c3efdb4993004c76704934f790d5fed0,30,,codex-medium@128k.once-full#A3
luna_medium,GPT-5.6 Luna medium,tool-free,kissing_theta-88cc99fc7fbd,kissing_theta,"{""cos100"": 39, ""d"": 12}",construction,152,True,32,0.21052631578947367,bench/results/gpt-5.6-luna-codex-medium@128k.once-full#A3.jsonl,82880d34d696722fee367c7334ff1524c3efdb4993004c76704934f790d5fed0,31,,codex-medium@128k.once-full#A3
luna_medium,GPT-5.6 Luna medium,tool-free,kissing_theta-18c29aeaf14f,kissing_theta,"{""cos100"": 36, ""d"": 14}",construction,124,True,44,0.3548387096774194,bench/results/gpt-5.6-luna-codex-medium@128k.once-full#A3.jsonl,82880d34d696722fee367c7334ff1524c3efdb4993004c76704934f790d5fed0,32,,codex-medium@128k.once-full#A3
luna_medium,GPT-5.6 Luna medium,tool-free,kissing_theta-6cdc8634ec21,kissing_theta,"{""cos100"": 39, ""d"": 14}",construction,132,True,28,0.21212121212121213,bench/results/gpt-5.6-luna-codex-medium@128k.once-full#A3.jsonl,82880d34d696722fee367c7334ff1524c3efdb4993004c76704934f790d5fed0,33,,codex-medium@128k.once-full#A3
luna_medium,GPT-5.6 Luna medium,tool-free,kissing_theta-5c1803b86d2d,kissing_theta,"{""cos100"": 36, ""d"": 12}",construction,152,False,0,0.0,bench/results/gpt-5.6-luna-codex-medium@128k.once-full#A3.jsonl,82880d34d696722fee367c7334ff1524c3efdb4993004c76704934f790d5fed0,34,,codex-medium@128k.once-full#A3
luna_medium,GPT-5.6 Luna medium,tool-free,heilbronn_shape-170f6064b3d7,heilbronn_shape,"{""T"": [[9026, 8197], [1769, 9178], [7298, 1276]], ""n"": 32}",construction,0.0014884960025223,True,0.0,0.0,bench/results/gpt-5.6-luna-codex-medium@128k.once-full#A3.jsonl,82880d34d696722fee367c7334ff1524c3efdb4993004c76704934f790d5fed0,35,,codex-medium@128k.once-full#A3
luna_medium,GPT-5.6 Luna medium,tool-free,heilbronn_shape-0cef36bc9728,heilbronn_shape,"{""T"": [[578, 9933], [8598, 7337], [2075, 588]], ""n"": 34}",construction,0.0010042824240598402,False,0,0.0,bench/results/gpt-5.6-luna-codex-medium@128k.once-full#A3.jsonl,82880d34d696722fee367c7334ff1524c3efdb4993004c76704934f790d5fed0,36,,codex-medium@128k.once-full#A3
luna_medium,GPT-5.6 Luna medium,tool-free,heilbronn_shape-0e86da8665f2,heilbronn_shape,"{""T"": [[411, 7999], [9004, 9890], [3031, 713]], ""n"": 31}",construction,0.0016863811501138092,False,0,0.0,bench/results/gpt-5.6-luna-codex-medium@128k.once-full#A3.jsonl,82880d34d696722fee367c7334ff1524c3efdb4993004c76704934f790d5fed0,37,,codex-medium@128k.once-full#A3
luna_medium,GPT-5.6 Luna medium,tool-free,heilbronn_shape-4efe4b6d2f48,heilbronn_shape,"{""T"": [[7922, 8793], [9917, 1548], [1510, 3942]], ""n"": 40}",construction,0.0005937004438679532,True,5.2375901847559934e-05,0.08821940826981936,bench/results/gpt-5.6-luna-codex-medium@128k.once-full#A3.jsonl,82880d34d696722fee367c7334ff1524c3efdb4993004c76704934f790d5fed0,38,,codex-medium@128k.once-full#A3
luna_medium,GPT-5.6 Luna medium,tool-free,heilbronn_shape-7654620d3ab8,heilbronn_shape,"{""T"": [[526, 8526], [8696, 8279], [8084, 1688]], ""n"": 26}",construction,0.003982656623191187,True,0.0002753351994941299,0.0691335521849513,bench/results/gpt-5.6-luna-codex-medium@128k.once-full#A3.jsonl,82880d34d696722fee367c7334ff1524c3efdb4993004c76704934f790d5fed0,39,,codex-medium@128k.once-full#A3
luna_medium,GPT-5.6 Luna medium,tool-free,matmul-ffd9b6a99452,matmul,"{""m"": 4, ""n"": 4, ""p"": 5}",published,61,False,0,0.0,bench/results/gpt-5.6-luna-codex-medium@128k.once-full#A3.jsonl,82880d34d696722fee367c7334ff1524c3efdb4993004c76704934f790d5fed0,40,,codex-medium@128k.once-full#A3
luna_medium,GPT-5.6 Luna medium,tool-free,matmul-7c87a93e97c3,matmul,"{""m"": 5, ""n"": 5, ""p"": 5}",published,93,False,0,0.0,bench/results/gpt-5.6-luna-codex-medium@128k.once-full#A3.jsonl,82880d34d696722fee367c7334ff1524c3efdb4993004c76704934f790d5fed0,44,,codex-medium@128k.once-full#A3
luna_medium,GPT-5.6 Luna medium,tool-free,degdiam-698a36ec659c,degdiam,"{""d"": 4, ""k"": 5}",published,364,False,0,0.0,bench/results/gpt-5.6-luna-codex-medium@128k.once-full#A3.jsonl,82880d34d696722fee367c7334ff1524c3efdb4993004c76704934f790d5fed0,45,,codex-medium@128k.once-full#A3
luna_medium,GPT-5.6 Luna medium,tool-free,degdiam-550afae4f1d9,degdiam,"{""d"": 7, ""k"": 3}",published,168,True,64,0.38095238095238093,bench/results/gpt-5.6-luna-codex-medium@128k.once-full#A3.jsonl,82880d34d696722fee367c7334ff1524c3efdb4993004c76704934f790d5fed0,46,,codex-medium@128k.once-full#A3
luna_medium,GPT-5.6 Luna medium,tool-free,degdiam-1bb88a3f7ec5,degdiam,"{""d"": 4, ""k"": 4}",published,104,False,0,0.0,bench/results/gpt-5.6-luna-codex-medium@128k.once-full#A3.jsonl,82880d34d696722fee367c7334ff1524c3efdb4993004c76704934f790d5fed0,48,,codex-medium@128k.once-full#A3
luna_medium,GPT-5.6 Luna medium,tool-free,degdiam-69fe33ce30ae,degdiam,"{""d"": 3, ""k"": 7}",published,196,False,0,0.0,bench/results/gpt-5.6-luna-codex-medium@128k.once-full#A3.jsonl,82880d34d696722fee367c7334ff1524c3efdb4993004c76704934f790d5fed0,49,,codex-medium@128k.once-full#A3
luna_medium,GPT-5.6 Luna medium,tool-free,lineq-dbd7ed2a31a1,lineq,"{""a"": 3, ""b"": 4, ""n"": 19044}",construction,630,True,47,0.0746031746031746,bench/results/gpt-5.6-luna-codex-medium@128k.once-full#A3.jsonl,82880d34d696722fee367c7334ff1524c3efdb4993004c76704934f790d5fed0,50,,codex-medium@128k.once-full#A3
luna_medium,GPT-5.6 Luna medium,tool-free,lineq-8e24e186040f,lineq,"{""a"": 2, ""b"": 5, ""n"": 18883}",construction,609,True,48,0.07881773399014778,bench/results/gpt-5.6-luna-codex-medium@128k.once-full#A3.jsonl,82880d34d696722fee367c7334ff1524c3efdb4993004c76704934f790d5fed0,51,,codex-medium@128k.once-full#A3
luna_medium,GPT-5.6 Luna medium,tool-free,lineq-9920caf37ad6,lineq,"{""a"": 2, ""b"": 3, ""n"": 17965}",construction,523,True,18,0.03441682600382409,bench/results/gpt-5.6-luna-codex-medium@128k.once-full#A3.jsonl,82880d34d696722fee367c7334ff1524c3efdb4993004c76704934f790d5fed0,52,,codex-medium@128k.once-full#A3
luna_medium,GPT-5.6 Luna medium,tool-free,lineq-3e1492fbf38e,lineq,"{""a"": 3, ""b"": 4, ""n"": 13312}",construction,512,False,0,0.0,bench/results/gpt-5.6-luna-codex-medium@128k.once-full#A3.jsonl,82880d34d696722fee367c7334ff1524c3efdb4993004c76704934f790d5fed0,53,,codex-medium@128k.once-full#A3
luna_medium,GPT-5.6 Luna medium,tool-free,lineq-4cf345605795,lineq,"{""a"": 3, ""b"": 4, ""n"": 6248}",construction,349,True,32,0.09169054441260745,bench/results/gpt-5.6-luna-codex-medium@128k.once-full#A3.jsonl,82880d34d696722fee367c7334ff1524c3efdb4993004c76704934f790d5fed0,54,,codex-medium@128k.once-full#A3
luna_medium,GPT-5.6 Luna medium,tool-free,apfree_q-01c7215e28dc,apfree_q,"{""n"": 6, ""q"": 5}",published,649,True,64,0.09861325115562404,bench/results/gpt-5.6-luna-codex-medium@128k.once-full#A3.jsonl,82880d34d696722fee367c7334ff1524c3efdb4993004c76704934f790d5fed0,60,,codex-medium@128k.once-full#A3
luna_medium,GPT-5.6 Luna medium,tool-free,apfree_q-ea15a8323290,apfree_q,"{""n"": 5, ""q"": 5}",published,194,False,0,0.0,bench/results/gpt-5.6-luna-codex-medium@128k.once-full#A3.jsonl,82880d34d696722fee367c7334ff1524c3efdb4993004c76704934f790d5fed0,61,,codex-medium@128k.once-full#A3
luna_medium,GPT-5.6 Luna medium,tool-free,mols-9f35e847148f,mols,"{""n"": 14}",published,4,True,1,0.25,bench/results/gpt-5.6-luna-codex-medium@128k.once-full#A3.jsonl,82880d34d696722fee367c7334ff1524c3efdb4993004c76704934f790d5fed0,65,,codex-medium@128k.once-full#A3
luna_medium,GPT-5.6 Luna medium,tool-free,mols-7c78ac4f7920,mols,"{""n"": 10}",published,2,True,1,0.5,bench/results/gpt-5.6-luna-codex-medium@128k.once-full#A3.jsonl,82880d34d696722fee367c7334ff1524c3efdb4993004c76704934f790d5fed0,66,,codex-medium@128k.once-full#A3
luna_medium,GPT-5.6 Luna medium,tool-free,mols-934e5656a894,mols,"{""n"": 18}",published,5,True,1,0.2,bench/results/gpt-5.6-luna-codex-medium@128k.once-full#A3.jsonl,82880d34d696722fee367c7334ff1524c3efdb4993004c76704934f790d5fed0,67,,codex-medium@128k.once-full#A3
luna_medium,GPT-5.6 Luna medium,tool-free,capset-253c1b38c406,capset,"{""d"": 9}",published,1082,True,729,0.6737523105360443,bench/results/gpt-5.6-luna-codex-medium@128k.once-full#A3.jsonl,82880d34d696722fee367c7334ff1524c3efdb4993004c76704934f790d5fed0,70,,codex-medium@128k.once-full#A3
luna_medium,GPT-5.6 Luna medium,tool-free,kissing-a4c5596cf65f,kissing,"{""d"": 13, ""representation"": ""quadratic""}",published,1154,True,312,0.2703639514731369,bench/results/gpt-5.6-luna-codex-medium@128k.kissing-q3.once#A3.jsonl,eb87de0b1175f3070d444687038aef34e43eb95c8984261443b10816204df9f7,1,,codex-medium@128k.kissing-q3.once#A3
luna_medium,GPT-5.6 Luna medium,tool-free,matmul-857618e58878,matmul,"{""m"": 5, ""n"": 4, ""p"": 5}",published,76,False,0,0.0,bench/results/gpt-5.6-luna-codex-medium@128k.once-full#A3.jsonl,82880d34d696722fee367c7334ff1524c3efdb4993004c76704934f790d5fed0,72,,codex-medium@128k.once-full#A3
luna_medium,GPT-5.6 Luna medium,tool-free,degdiam-b8f67d96ee68,degdiam,"{""d"": 6, ""k"": 3}",published,111,True,62,0.5585585585585585,bench/results/gpt-5.6-luna-codex-medium@128k.once-full#A3.jsonl,82880d34d696722fee367c7334ff1524c3efdb4993004c76704934f790d5fed0,73,,codex-medium@128k.once-full#A3
luna_medium,GPT-5.6 Luna medium,tool-free,degdiam-708cd938b766,degdiam,"{""d"": 5, ""k"": 4}",published,212,True,42,0.19811320754716982,bench/results/gpt-5.6-luna-codex-medium@128k.once-full#A3.jsonl,82880d34d696722fee367c7334ff1524c3efdb4993004c76704934f790d5fed0,74,,codex-medium@128k.once-full#A3
luna_medium,GPT-5.6 Luna medium,tool-free,degdiam-71d28a377ba1,degdiam,"{""d"": 3, ""k"": 6}",published,132,True,38,0.2878787878787879,bench/results/gpt-5.6-luna-codex-medium@128k.once-full#A3.jsonl,82880d34d696722fee367c7334ff1524c3efdb4993004c76704934f790d5fed0,75,,codex-medium@128k.once-full#A3
luna_medium,GPT-5.6 Luna medium,tool-free,apfree_q-84ab372c1270,apfree_q,"{""n"": 4, ""q"": 7}",construction,103,False,0,0.0,bench/results/gpt-5.6-luna-codex-medium@128k.once-full#A3.jsonl,82880d34d696722fee367c7334ff1524c3efdb4993004c76704934f790d5fed0,76,,codex-medium@128k.once-full#A3
luna_medium,GPT-5.6 Luna medium,tool-free,mols-dfb4c3a55793,mols,"{""n"": 15}",published,4,False,0,0.0,bench/results/gpt-5.6-luna-codex-medium@128k.once-full#A3.jsonl,82880d34d696722fee367c7334ff1524c3efdb4993004c76704934f790d5fed0,77,,codex-medium@128k.once-full#A3
luna_medium,GPT-5.6 Luna medium,tool-free,mols-5e98497ace6a,mols,"{""n"": 12}",published,5,False,0,0.0,bench/results/gpt-5.6-luna-codex-medium@128k.once-full#A3.jsonl,82880d34d696722fee367c7334ff1524c3efdb4993004c76704934f790d5fed0,78,,codex-medium@128k.once-full#A3
luna_medium,GPT-5.6 Luna medium,tool-free,mols-0e29c62754e2,mols,"{""n"": 20}",published,4,False,0,0.0,bench/results/gpt-5.6-luna-codex-medium@128k.once-full#A3.jsonl,82880d34d696722fee367c7334ff1524c3efdb4993004c76704934f790d5fed0,79,,codex-medium@128k.once-full#A3
luna_medium,GPT-5.6 Luna medium,tool-free,schur-133b39146db2,schur,"{""k"": 7}",published,1696,True,127,0.07488207547169812,bench/results/gpt-5.6-luna-codex-medium@128k.once-full#A3.jsonl,82880d34d696722fee367c7334ff1524c3efdb4993004c76704934f790d5fed0,80,,codex-medium@128k.once-full#A3
luna_medium,GPT-5.6 Luna medium,tool-free,schur-4f4fcef4287a,schur,"{""k"": 6}",published,536,True,63,0.11753731343283583,bench/results/gpt-5.6-luna-codex-medium@128k.once-full#A3.jsonl,82880d34d696722fee367c7334ff1524c3efdb4993004c76704934f790d5fed0,81,,codex-medium@128k.once-full#A3
luna_medium,GPT-5.6 Luna medium,tool-free,schur-16d4130a2932,schur,"{""k"": 8}",published,5362,False,0,0.0,bench/results/gpt-5.6-luna-codex-medium@128k.once-full#A3.jsonl,82880d34d696722fee367c7334ff1524c3efdb4993004c76704934f790d5fed0,82,,codex-medium@128k.once-full#A3
luna_medium,GPT-5.6 Luna medium,tool-free,covering-96b61f7899e7,covering,"{""k"": 7, ""t"": 4, ""v"": 18}",published,126,False,0,0.0,bench/results/gpt-5.6-luna-codex-medium@128k.once-full#A3.jsonl,82880d34d696722fee367c7334ff1524c3efdb4993004c76704934f790d5fed0,83,,codex-medium@128k.once-full#A3
luna_medium,GPT-5.6 Luna medium,tool-free,covering-551581f999ca,covering,"{""k"": 6, ""t"": 3, ""v"": 30}",published,225,False,0,0.0,bench/results/gpt-5.6-luna-codex-medium@128k.once-full#A3.jsonl,82880d34d696722fee367c7334ff1524c3efdb4993004c76704934f790d5fed0,84,,codex-medium@128k.once-full#A3
luna_medium,GPT-5.6 Luna medium,tool-free,covering-e208a41ac8b5,covering,"{""k"": 6, ""t"": 3, ""v"": 24}",published,116,False,0,0.0,bench/results/gpt-5.6-luna-codex-medium@128k.once-full#A3.jsonl,82880d34d696722fee367c7334ff1524c3efdb4993004c76704934f790d5fed0,85,,codex-medium@128k.once-full#A3
luna_medium,GPT-5.6 Luna medium,tool-free,shannon-4d7467466a4c,shannon,"{""d"": 24, ""q"": 7}",construction,1941100559147,True,282429536481,0.14549969353731537,bench/results/gpt-5.6-luna-codex-medium@128k.once-full#A3.jsonl,82880d34d696722fee367c7334ff1524c3efdb4993004c76704934f790d5fed0,1,,codex-medium@128k.once-full#A3
luna_medium,GPT-5.6 Luna medium,tool-free,shannon-dbd709082fa3,shannon,"{""d"": 40, ""q"": 7}",construction,329100478707380211841,False,0,0.0,bench/results/gpt-5.6-luna-codex-medium@128k.once-full#A3.jsonl,82880d34d696722fee367c7334ff1524c3efdb4993004c76704934f790d5fed0,2,,codex-medium@128k.once-full#A3
luna_medium,GPT-5.6 Luna medium,tool-free,shannon-3ba3fb861c12,shannon,"{""d"": 48, ""q"": 9}",construction,3433683820292512484657849089281,True,79228162514264337593543950336,0.02307380838213431,bench/results/gpt-5.6-luna-codex-medium@128k.once-full#A3.jsonl,82880d34d696722fee367c7334ff1524c3efdb4993004c76704934f790d5fed0,3,,codex-medium@128k.once-full#A3
luna_medium,GPT-5.6 Luna medium,tool-free,shannon-feb50364a0a8,shannon,"{""d"": 64, ""q"": 9}",construction,47890060730248079154410960106868188422724,True,340282366920938463463374607431768211456,0.00710549040306418,bench/results/gpt-5.6-luna-codex-medium@128k.once-full#A3.jsonl,82880d34d696722fee367c7334ff1524c3efdb4993004c76704934f790d5fed0,4,,codex-medium@128k.once-full#A3
luna_medium,GPT-5.6 Luna medium,tool-free,trifference-f9a51728af9d,trifference,"{""m"": 1, ""n"": 64, ""representation"": ""certified""}",construction,19683,False,0,0.0,bench/results/gpt-5.6-luna-codex-medium@128k.once-full#T1.jsonl,b5c90f4403392bc6e8d1a24300cc89c0deef56dfd1f5b4d7e7aed578560fe9af,1,,codex-medium@128k.once-full#T1
luna_medium,GPT-5.6 Luna medium,tool-free,trifference-0809543b57d9,trifference,"{""m"": 1, ""n"": 96, ""representation"": ""certified""}",construction,531441,False,0,0.0,bench/results/gpt-5.6-luna-codex-medium@128k.once-full#T2.jsonl,79ddd33b0e25a2b1ba511ee6983c011690ec4c9a2592276229ffd8082f05acfe,1,,codex-medium@128k.once-full#T2
luna_medium,GPT-5.6 Luna medium,tool-free,trifference-144e830d3cd7,trifference,"{""m"": 1, ""n"": 144, ""representation"": ""certified""}",construction,387420489,False,0,0.0,bench/results/gpt-5.6-luna-codex-medium@128k.once-full#T3.jsonl,22622a15ad5a86f0d5532d155050b2ee3fa8ab4f7527dee50f74c57a6000dfcf,1,,codex-medium@128k.once-full#T3
luna_medium,GPT-5.6 Luna medium,tool-free,trifference-2878b90f82e4,trifference,"{""m"": 1, ""n"": 192, ""representation"": ""certified""}",construction,10460353203,False,0,0.0,bench/results/gpt-5.6-luna-codex-medium@128k.once-full#T4.jsonl,7c44c53ce8ee10dc73b7ed6d975b62ca2fa4a9f591b2a208288a894a80ff17e7,1,,codex-medium@128k.once-full#T4
luna_high,GPT-5.6 Luna high,tool-free,capset-e561943a0230,capset,"{""d"": 10}",published,2432,False,0,0.0,bench/results/gpt-5.6-luna-codex-high@128k.once-full#A3.jsonl,610935ac3004102e56e74235fda768152b7052fba9a6b7b63cd7a0110d181633,5,,codex-high@128k.once-full#A3
luna_high,GPT-5.6 Luna high,tool-free,capset-fb287354fb10,capset,"{""d"": 11}",published,5504,True,3600,0.6540697674418605,bench/results/gpt-5.6-luna-codex-high@128k.once-full#A3.jsonl,610935ac3004102e56e74235fda768152b7052fba9a6b7b63cd7a0110d181633,7,,codex-high@128k.once-full#A3
luna_high,GPT-5.6 Luna high,tool-free,labs-8e3bca55269d,labs,"{""N"": 280}",construction,5.577689243027889,False,0,0.0,bench/results/gpt-5.6-luna-codex-high@128k.infra-recovery#A3.jsonl,1d514b5312c1a3d2b8dbc7955cea185fb3b19de51d654a230efb9e234dc0ec6d,3,,codex-high@128k.infra-recovery#A3
luna_high,GPT-5.6 Luna high,tool-free,labs-0b0c9e75a95d,labs,"{""N"": 375}",construction,5.919058843336981,False,0,0.0,bench/results/gpt-5.6-luna-codex-high@128k.infra-recovery#A3.jsonl,1d514b5312c1a3d2b8dbc7955cea185fb3b19de51d654a230efb9e234dc0ec6d,4,,codex-high@128k.infra-recovery#A3
luna_high,GPT-5.6 Luna high,tool-free,labs-69bcd35b5eda,labs,"{""N"": 357}",construction,5.862419503219871,False,0,0.0,bench/results/gpt-5.6-luna-codex-high@128k.once-full#A3.jsonl,610935ac3004102e56e74235fda768152b7052fba9a6b7b63cd7a0110d181633,12,,codex-high@128k.once-full#A3
luna_high,GPT-5.6 Luna high,tool-free,labs-112648954874,labs,"{""N"": 281}",construction,5.65299255441008,False,0,0.0,bench/results/gpt-5.6-luna-codex-high@128k.once-full#A3.jsonl,610935ac3004102e56e74235fda768152b7052fba9a6b7b63cd7a0110d181633,13,,codex-high@128k.once-full#A3
luna_high,GPT-5.6 Luna high,tool-free,labs-824c59888322,labs,"{""N"": 240}",construction,5.858421480878763,False,0,0.0,bench/results/gpt-5.6-luna-codex-high@128k.once-full#A3.jsonl,610935ac3004102e56e74235fda768152b7052fba9a6b7b63cd7a0110d181633,14,,codex-high@128k.once-full#A3
luna_high,GPT-5.6 Luna high,tool-free,heilbronn-c4d41ce5a93d,heilbronn,"{""n"": 46}",construction,0.00047375,True,4.218e-05,0.08903430079155673,bench/results/gpt-5.6-luna-codex-high@128k.once-full#A3.jsonl,610935ac3004102e56e74235fda768152b7052fba9a6b7b63cd7a0110d181633,15,,codex-high@128k.once-full#A3
luna_high,GPT-5.6 Luna high,tool-free,heilbronn-0c621382b805,heilbronn,"{""n"": 26}",construction,0.002620975,True,0.0008399,0.3204532664371083,bench/results/gpt-5.6-luna-codex-high@128k.once-full#A3.jsonl,610935ac3004102e56e74235fda768152b7052fba9a6b7b63cd7a0110d181633,16,,codex-high@128k.once-full#A3
luna_high,GPT-5.6 Luna high,tool-free,heilbronn-a5c5c8aa2e3f,heilbronn,"{""n"": 40}",construction,0.0006907,True,6.656e-05,0.09636600550166498,bench/results/gpt-5.6-luna-codex-high@128k.once-full#A3.jsonl,610935ac3004102e56e74235fda768152b7052fba9a6b7b63cd7a0110d181633,17,,codex-high@128k.once-full#A3
luna_high,GPT-5.6 Luna high,tool-free,heilbronn-d9588eea537f,heilbronn,"{""n"": 50}",construction,0.0002857,True,6.798e-05,0.23794189709485472,bench/results/gpt-5.6-luna-codex-high@128k.once-full#A3.jsonl,610935ac3004102e56e74235fda768152b7052fba9a6b7b63cd7a0110d181633,18,,codex-high@128k.once-full#A3
luna_high,GPT-5.6 Luna high,tool-free,heilbronn-ce0964a3b547,heilbronn,"{""n"": 48}",construction,0.00037548,True,4.869e-05,0.1296740172579099,bench/results/gpt-5.6-luna-codex-high@128k.once-full#A3.jsonl,610935ac3004102e56e74235fda768152b7052fba9a6b7b63cd7a0110d181633,19,,codex-high@128k.once-full#A3
luna_high,GPT-5.6 Luna high,tool-free,kissing-7c7466431087,kissing,"{""d"": 14}",published,1932,True,364,0.18840579710144928,bench/results/gpt-5.6-luna-codex-high@128k.once-full#A3.jsonl,610935ac3004102e56e74235fda768152b7052fba9a6b7b63cd7a0110d181633,20,,codex-high@128k.once-full#A3
luna_high,GPT-5.6 Luna high,tool-free,kissing-0e2702baa0cb,kissing,"{""d"": 15}",published,2564,True,420,0.16380655226209048,bench/results/gpt-5.6-luna-codex-high@128k.once-full#A3.jsonl,610935ac3004102e56e74235fda768152b7052fba9a6b7b63cd7a0110d181633,21,,codex-high@128k.once-full#A3
luna_high,GPT-5.6 Luna high,tool-free,corners-5c0a651526bb,corners,"{""n"": 138}",construction,3120,True,3120,1.0,bench/results/gpt-5.6-luna-codex-high@128k.once-full#A3.jsonl,610935ac3004102e56e74235fda768152b7052fba9a6b7b63cd7a0110d181633,25,,codex-high@128k.once-full#A3
luna_high,GPT-5.6 Luna high,tool-free,corners-df38f45e8b38,corners,"{""n"": 183}",construction,4698,True,3936,0.8378033205619413,bench/results/gpt-5.6-luna-codex-high@128k.once-full#A3.jsonl,610935ac3004102e56e74235fda768152b7052fba9a6b7b63cd7a0110d181633,26,,codex-high@128k.once-full#A3
luna_high,GPT-5.6 Luna high,tool-free,corners-dce415bc82c9,corners,"{""n"": 150}",construction,3504,True,3504,1.0,bench/results/gpt-5.6-luna-codex-high@128k.once-full#A3.jsonl,610935ac3004102e56e74235fda768152b7052fba9a6b7b63cd7a0110d181633,27,,codex-high@128k.once-full#A3
luna_high,GPT-5.6 Luna high,tool-free,corners-299b1caf450c,corners,"{""n"": 162}",construction,3888,True,3888,1.0,bench/results/gpt-5.6-luna-codex-high@128k.infra-recovery#A3.jsonl,1d514b5312c1a3d2b8dbc7955cea185fb3b19de51d654a230efb9e234dc0ec6d,2,,codex-high@128k.infra-recovery#A3
luna_high,GPT-5.6 Luna high,tool-free,corners-b92c953c9648,corners,"{""n"": 185}",construction,4786,True,4624,0.9661512745507731,bench/results/gpt-5.6-luna-codex-high@128k.once-full#A3.jsonl,610935ac3004102e56e74235fda768152b7052fba9a6b7b63cd7a0110d181633,29,,codex-high@128k.once-full#A3
luna_high,GPT-5.6 Luna high,tool-free,kissing_theta-48ea4a32bea2,kissing_theta,"{""cos100"": 24, ""d"": 12}",construction,28,True,24,0.8571428571428571,bench/results/gpt-5.6-luna-codex-high@128k.once-full#A3.jsonl,610935ac3004102e56e74235fda768152b7052fba9a6b7b63cd7a0110d181633,30,,codex-high@128k.once-full#A3
luna_high,GPT-5.6 Luna high,tool-free,kissing_theta-88cc99fc7fbd,kissing_theta,"{""cos100"": 39, ""d"": 12}",construction,152,True,64,0.42105263157894735,bench/results/gpt-5.6-luna-codex-high@128k.once-full#A3.jsonl,610935ac3004102e56e74235fda768152b7052fba9a6b7b63cd7a0110d181633,31,,codex-high@128k.once-full#A3
luna_high,GPT-5.6 Luna high,tool-free,kissing_theta-18c29aeaf14f,kissing_theta,"{""cos100"": 36, ""d"": 14}",construction,124,False,0,0.0,bench/results/gpt-5.6-luna-codex-high@128k.once-full#A3.jsonl,610935ac3004102e56e74235fda768152b7052fba9a6b7b63cd7a0110d181633,32,,codex-high@128k.once-full#A3
luna_high,GPT-5.6 Luna high,tool-free,kissing_theta-6cdc8634ec21,kissing_theta,"{""cos100"": 39, ""d"": 14}",construction,132,False,0,0.0,bench/results/gpt-5.6-luna-codex-high@128k.once-full#A3.jsonl,610935ac3004102e56e74235fda768152b7052fba9a6b7b63cd7a0110d181633,33,,codex-high@128k.once-full#A3
luna_high,GPT-5.6 Luna high,tool-free,kissing_theta-5c1803b86d2d,kissing_theta,"{""cos100"": 36, ""d"": 12}",construction,152,True,56,0.3684210526315789,bench/results/gpt-5.6-luna-codex-high@128k.once-full#A3.jsonl,610935ac3004102e56e74235fda768152b7052fba9a6b7b63cd7a0110d181633,34,,codex-high@128k.once-full#A3
luna_high,GPT-5.6 Luna high,tool-free,heilbronn_shape-170f6064b3d7,heilbronn_shape,"{""T"": [[9026, 8197], [1769, 9178], [7298, 1276]], ""n"": 32}",construction,0.0014884960025223,True,0.0002674839874104563,0.17970084364163347,bench/results/gpt-5.6-luna-codex-high@128k.once-full#A3.jsonl,610935ac3004102e56e74235fda768152b7052fba9a6b7b63cd7a0110d181633,35,,codex-high@128k.once-full#A3
luna_high,GPT-5.6 Luna high,tool-free,heilbronn_shape-0cef36bc9728,heilbronn_shape,"{""T"": [[578, 9933], [8598, 7337], [2075, 588]], ""n"": 34}",construction,0.0010042824240598402,True,0.00025075749336961106,0.24968822251804107,bench/results/gpt-5.6-luna-codex-high@128k.once-full#A3.jsonl,610935ac3004102e56e74235fda768152b7052fba9a6b7b63cd7a0110d181633,36,,codex-high@128k.once-full#A3
luna_high,GPT-5.6 Luna high,tool-free,heilbronn_shape-0e86da8665f2,heilbronn_shape,"{""T"": [[411, 7999], [9004, 9890], [3031, 713]], ""n"": 31}",construction,0.0016863811501138092,True,0.00019364143857516844,0.11482661470812817,bench/results/gpt-5.6-luna-codex-high@128k.once-full#A3.jsonl,610935ac3004102e56e74235fda768152b7052fba9a6b7b63cd7a0110d181633,37,,codex-high@128k.once-full#A3
luna_high,GPT-5.6 Luna high,tool-free,heilbronn_shape-4efe4b6d2f48,heilbronn_shape,"{""T"": [[7922, 8793], [9917, 1548], [1510, 3942]], ""n"": 40}",construction,0.0005937004438679532,True,0.00023626163615725847,0.3979475484606614,bench/results/gpt-5.6-luna-codex-high@128k.once-full#A3.jsonl,610935ac3004102e56e74235fda768152b7052fba9a6b7b63cd7a0110d181633,38,,codex-high@128k.once-full#A3
luna_high,GPT-5.6 Luna high,tool-free,heilbronn_shape-7654620d3ab8,heilbronn_shape,"{""T"": [[526, 8526], [8696, 8279], [8084, 1688]], ""n"": 26}",construction,0.003982656623191187,True,0.0005945595853483007,0.14928718230091786,bench/results/gpt-5.6-luna-codex-high@128k.once-full#A3.jsonl,610935ac3004102e56e74235fda768152b7052fba9a6b7b63cd7a0110d181633,39,,codex-high@128k.once-full#A3
luna_high,GPT-5.6 Luna high,tool-free,matmul-ffd9b6a99452,matmul,"{""m"": 4, ""n"": 4, ""p"": 5}",published,61,False,0,0.0,bench/results/gpt-5.6-luna-codex-high@128k.once-full#A3.jsonl,610935ac3004102e56e74235fda768152b7052fba9a6b7b63cd7a0110d181633,40,,codex-high@128k.once-full#A3
luna_high,GPT-5.6 Luna high,tool-free,matmul-7c87a93e97c3,matmul,"{""m"": 5, ""n"": 5, ""p"": 5}",published,93,False,0,0.0,bench/results/gpt-5.6-luna-codex-high@128k.once-full#A3.jsonl,610935ac3004102e56e74235fda768152b7052fba9a6b7b63cd7a0110d181633,44,,codex-high@128k.once-full#A3
luna_high,GPT-5.6 Luna high,tool-free,degdiam-698a36ec659c,degdiam,"{""d"": 4, ""k"": 5}",published,364,False,0,0.0,bench/results/gpt-5.6-luna-codex-high@128k.once-full#A3.jsonl,610935ac3004102e56e74235fda768152b7052fba9a6b7b63cd7a0110d181633,45,,codex-high@128k.once-full#A3
luna_high,GPT-5.6 Luna high,tool-free,degdiam-550afae4f1d9,degdiam,"{""d"": 7, ""k"": 3}",published,168,True,48,0.2857142857142857,bench/results/gpt-5.6-luna-codex-high@128k.once-full#A3.jsonl,610935ac3004102e56e74235fda768152b7052fba9a6b7b63cd7a0110d181633,46,,codex-high@128k.once-full#A3
luna_high,GPT-5.6 Luna high,tool-free,degdiam-1bb88a3f7ec5,degdiam,"{""d"": 4, ""k"": 4}",published,104,False,0,0.0,bench/results/gpt-5.6-luna-codex-high@128k.once-full#A3.jsonl,610935ac3004102e56e74235fda768152b7052fba9a6b7b63cd7a0110d181633,48,,codex-high@128k.once-full#A3
luna_high,GPT-5.6 Luna high,tool-free,degdiam-69fe33ce30ae,degdiam,"{""d"": 3, ""k"": 7}",published,196,True,122,0.6224489795918368,bench/results/gpt-5.6-luna-codex-high@128k.once-full#A3.jsonl,610935ac3004102e56e74235fda768152b7052fba9a6b7b63cd7a0110d181633,49,,codex-high@128k.once-full#A3
luna_high,GPT-5.6 Luna high,tool-free,lineq-dbd7ed2a31a1,lineq,"{""a"": 3, ""b"": 4, ""n"": 19044}",construction,630,True,343,0.5444444444444444,bench/results/gpt-5.6-luna-codex-high@128k.once-full#A3.jsonl,610935ac3004102e56e74235fda768152b7052fba9a6b7b63cd7a0110d181633,50,,codex-high@128k.once-full#A3
luna_high,GPT-5.6 Luna high,tool-free,lineq-8e24e186040f,lineq,"{""a"": 2, ""b"": 5, ""n"": 18883}",construction,609,True,512,0.8407224958949097,bench/results/gpt-5.6-luna-codex-high@128k.once-full#A3.jsonl,610935ac3004102e56e74235fda768152b7052fba9a6b7b63cd7a0110d181633,51,,codex-high@128k.once-full#A3
luna_high,GPT-5.6 Luna high,tool-free,lineq-9920caf37ad6,lineq,"{""a"": 2, ""b"": 3, ""n"": 17965}",construction,523,True,250,0.4780114722753346,bench/results/gpt-5.6-luna-codex-high@128k.infra-recovery#A3.jsonl,1d514b5312c1a3d2b8dbc7955cea185fb3b19de51d654a230efb9e234dc0ec6d,5,,codex-high@128k.infra-recovery#A3
luna_high,GPT-5.6 Luna high,tool-free,lineq-3e1492fbf38e,lineq,"{""a"": 3, ""b"": 4, ""n"": 13312}",construction,512,True,421,0.822265625,bench/results/gpt-5.6-luna-codex-high@128k.infra-recovery#A3.jsonl,1d514b5312c1a3d2b8dbc7955cea185fb3b19de51d654a230efb9e234dc0ec6d,6,,codex-high@128k.infra-recovery#A3
luna_high,GPT-5.6 Luna high,tool-free,lineq-4cf345605795,lineq,"{""a"": 3, ""b"": 4, ""n"": 6248}",construction,349,True,47,0.1346704871060172,bench/results/gpt-5.6-luna-codex-high@128k.infra-recovery#A3.jsonl,1d514b5312c1a3d2b8dbc7955cea185fb3b19de51d654a230efb9e234dc0ec6d,7,,codex-high@128k.infra-recovery#A3
luna_high,GPT-5.6 Luna high,tool-free,apfree_q-01c7215e28dc,apfree_q,"{""n"": 6, ""q"": 5}",published,649,False,0,0.0,bench/results/gpt-5.6-luna-codex-high@128k.once-full#A3.jsonl,610935ac3004102e56e74235fda768152b7052fba9a6b7b63cd7a0110d181633,60,,codex-high@128k.once-full#A3
luna_high,GPT-5.6 Luna high,tool-free,apfree_q-ea15a8323290,apfree_q,"{""n"": 5, ""q"": 5}",published,194,True,125,0.6443298969072165,bench/results/gpt-5.6-luna-codex-high@128k.once-full#A3.jsonl,610935ac3004102e56e74235fda768152b7052fba9a6b7b63cd7a0110d181633,61,,codex-high@128k.once-full#A3
luna_high,GPT-5.6 Luna high,tool-free,mols-9f35e847148f,mols,"{""n"": 14}",published,4,True,1,0.25,bench/results/gpt-5.6-luna-codex-high@128k.once-full#A3.jsonl,610935ac3004102e56e74235fda768152b7052fba9a6b7b63cd7a0110d181633,65,,codex-high@128k.once-full#A3
luna_high,GPT-5.6 Luna high,tool-free,mols-7c78ac4f7920,mols,"{""n"": 10}",published,2,True,1,0.5,bench/results/gpt-5.6-luna-codex-high@128k.once-full#A3.jsonl,610935ac3004102e56e74235fda768152b7052fba9a6b7b63cd7a0110d181633,66,,codex-high@128k.once-full#A3
luna_high,GPT-5.6 Luna high,tool-free,mols-934e5656a894,mols,"{""n"": 18}",published,5,True,1,0.2,bench/results/gpt-5.6-luna-codex-high@128k.once-full#A3.jsonl,610935ac3004102e56e74235fda768152b7052fba9a6b7b63cd7a0110d181633,67,,codex-high@128k.once-full#A3
luna_high,GPT-5.6 Luna high,tool-free,capset-253c1b38c406,capset,"{""d"": 9}",published,1082,True,800,0.7393715341959335,bench/results/gpt-5.6-luna-codex-high@128k.once-full#A3.jsonl,610935ac3004102e56e74235fda768152b7052fba9a6b7b63cd7a0110d181633,70,,codex-high@128k.once-full#A3
luna_high,GPT-5.6 Luna high,tool-free,kissing-a4c5596cf65f,kissing,"{""d"": 13, ""representation"": ""quadratic""}",published,1154,True,312,0.2703639514731369,bench/results/gpt-5.6-luna-codex-high@128k.kissing-q3.once#A3.jsonl,6f5c862c7bae9315c23588e042bf1bdd53da873618e71eb169467f601a68c62f,1,,codex-high@128k.kissing-q3.once#A3
luna_high,GPT-5.6 Luna high,tool-free,matmul-857618e58878,matmul,"{""m"": 5, ""n"": 4, ""p"": 5}",published,76,False,0,0.0,bench/results/gpt-5.6-luna-codex-high@128k.once-full#A3.jsonl,610935ac3004102e56e74235fda768152b7052fba9a6b7b63cd7a0110d181633,72,,codex-high@128k.once-full#A3
luna_high,GPT-5.6 Luna high,tool-free,degdiam-b8f67d96ee68,degdiam,"{""d"": 6, ""k"": 3}",published,111,True,62,0.5585585585585585,bench/results/gpt-5.6-luna-codex-high@128k.once-full#A3.jsonl,610935ac3004102e56e74235fda768152b7052fba9a6b7b63cd7a0110d181633,73,,codex-high@128k.once-full#A3
luna_high,GPT-5.6 Luna high,tool-free,degdiam-708cd938b766,degdiam,"{""d"": 5, ""k"": 4}",published,212,False,0,0.0,bench/results/gpt-5.6-luna-codex-high@128k.once-full#A3.jsonl,610935ac3004102e56e74235fda768152b7052fba9a6b7b63cd7a0110d181633,74,,codex-high@128k.once-full#A3
luna_high,GPT-5.6 Luna high,tool-free,degdiam-71d28a377ba1,degdiam,"{""d"": 3, ""k"": 6}",published,132,True,44,0.3333333333333333,bench/results/gpt-5.6-luna-codex-high@128k.once-full#A3.jsonl,610935ac3004102e56e74235fda768152b7052fba9a6b7b63cd7a0110d181633,75,,codex-high@128k.once-full#A3
luna_high,GPT-5.6 Luna high,tool-free,apfree_q-84ab372c1270,apfree_q,"{""n"": 4, ""q"": 7}",construction,103,True,147,1.4271844660194175,bench/results/gpt-5.6-luna-codex-high@128k.once-full#A3.jsonl,610935ac3004102e56e74235fda768152b7052fba9a6b7b63cd7a0110d181633,76,,codex-high@128k.once-full#A3
luna_high,GPT-5.6 Luna high,tool-free,mols-dfb4c3a55793,mols,"{""n"": 15}",published,4,True,2,0.5,bench/results/gpt-5.6-luna-codex-high@128k.once-full#A3.jsonl,610935ac3004102e56e74235fda768152b7052fba9a6b7b63cd7a0110d181633,77,,codex-high@128k.once-full#A3
luna_high,GPT-5.6 Luna high,tool-free,mols-5e98497ace6a,mols,"{""n"": 12}",published,5,True,2,0.4,bench/results/gpt-5.6-luna-codex-high@128k.once-full#A3.jsonl,610935ac3004102e56e74235fda768152b7052fba9a6b7b63cd7a0110d181633,78,,codex-high@128k.once-full#A3
luna_high,GPT-5.6 Luna high,tool-free,mols-0e29c62754e2,mols,"{""n"": 20}",published,4,True,3,0.75,bench/results/gpt-5.6-luna-codex-high@128k.once-full#A3.jsonl,610935ac3004102e56e74235fda768152b7052fba9a6b7b63cd7a0110d181633,79,,codex-high@128k.once-full#A3
luna_high,GPT-5.6 Luna high,tool-free,schur-133b39146db2,schur,"{""k"": 7}",published,1696,True,295,0.17393867924528303,bench/results/gpt-5.6-luna-codex-high@128k.once-full#A3.jsonl,610935ac3004102e56e74235fda768152b7052fba9a6b7b63cd7a0110d181633,80,,codex-high@128k.once-full#A3
luna_high,GPT-5.6 Luna high,tool-free,schur-4f4fcef4287a,schur,"{""k"": 6}",published,536,False,0,0.0,bench/results/gpt-5.6-luna-codex-high@128k.infra-recovery#A3.jsonl,1d514b5312c1a3d2b8dbc7955cea185fb3b19de51d654a230efb9e234dc0ec6d,8,,codex-high@128k.infra-recovery#A3
luna_high,GPT-5.6 Luna high,tool-free,schur-16d4130a2932,schur,"{""k"": 8}",published,5362,False,0,0.0,bench/results/gpt-5.6-luna-codex-high@128k.infra-recovery#A3.jsonl,1d514b5312c1a3d2b8dbc7955cea185fb3b19de51d654a230efb9e234dc0ec6d,9,,codex-high@128k.infra-recovery#A3
luna_high,GPT-5.6 Luna high,tool-free,covering-96b61f7899e7,covering,"{""k"": 7, ""t"": 4, ""v"": 18}",published,126,False,0,0.0,bench/results/gpt-5.6-luna-codex-high@128k.once-full#A3.jsonl,610935ac3004102e56e74235fda768152b7052fba9a6b7b63cd7a0110d181633,83,,codex-high@128k.once-full#A3
luna_high,GPT-5.6 Luna high,tool-free,covering-551581f999ca,covering,"{""k"": 6, ""t"": 3, ""v"": 30}",published,225,False,0,0.0,bench/results/gpt-5.6-luna-codex-high@128k.once-full#A3.jsonl,610935ac3004102e56e74235fda768152b7052fba9a6b7b63cd7a0110d181633,84,,codex-high@128k.once-full#A3
luna_high,GPT-5.6 Luna high,tool-free,covering-e208a41ac8b5,covering,"{""k"": 6, ""t"": 3, ""v"": 24}",published,116,True,348,0.3333333333333333,bench/results/gpt-5.6-luna-codex-high@128k.once-full#A3.jsonl,610935ac3004102e56e74235fda768152b7052fba9a6b7b63cd7a0110d181633,85,,codex-high@128k.once-full#A3
luna_high,GPT-5.6 Luna high,tool-free,shannon-4d7467466a4c,shannon,"{""d"": 24, ""q"": 7}",construction,1941100559147,True,1000000000000,0.515171661399882,bench/results/gpt-5.6-luna-codex-high@128k.once-full#A3.jsonl,610935ac3004102e56e74235fda768152b7052fba9a6b7b63cd7a0110d181633,1,,codex-high@128k.once-full#A3
luna_high,GPT-5.6 Luna high,tool-free,shannon-dbd709082fa3,shannon,"{""d"": 40, ""q"": 7}",construction,329100478707380211841,True,100000000000000000000,0.3038585674283234,bench/results/gpt-5.6-luna-codex-high@128k.once-full#A3.jsonl,610935ac3004102e56e74235fda768152b7052fba9a6b7b63cd7a0110d181633,2,,codex-high@128k.once-full#A3
luna_high,GPT-5.6 Luna high,tool-free,shannon-3ba3fb861c12,shannon,"{""d"": 48, ""q"": 9}",construction,3433683820292512484657849089281,True,3433683820292512484657849089281,1.0,bench/results/gpt-5.6-luna-codex-high@128k.infra-recovery#A3.jsonl,1d514b5312c1a3d2b8dbc7955cea185fb3b19de51d654a230efb9e234dc0ec6d,10,,codex-high@128k.infra-recovery#A3
luna_high,GPT-5.6 Luna high,tool-free,shannon-feb50364a0a8,shannon,"{""d"": 64, ""q"": 9}",construction,47890060730248079154410960106868188422724,True,47890060730248079154410960106868188422724,1.0,bench/results/gpt-5.6-luna-codex-high@128k.once-full#A3.jsonl,610935ac3004102e56e74235fda768152b7052fba9a6b7b63cd7a0110d181633,4,,codex-high@128k.once-full#A3
luna_high,GPT-5.6 Luna high,tool-free,trifference-f9a51728af9d,trifference,"{""m"": 1, ""n"": 64, ""representation"": ""certified""}",construction,19683,False,0,0.0,bench/results/gpt-5.6-luna-codex-high@128k.once-full#T1.jsonl,bd2693400ff0cd7a45a9feca8ac96310170d2fba024f8feba9010de492eb4de0,1,,codex-high@128k.once-full#T1
luna_high,GPT-5.6 Luna high,tool-free,trifference-0809543b57d9,trifference,"{""m"": 1, ""n"": 96, ""representation"": ""certified""}",construction,531441,False,0,0.0,bench/results/gpt-5.6-luna-codex-high@128k.once-full#T2.jsonl,6f594ddbffee2edf1d25d1c7f991c87e630903cc06146bed95b55894244d0b9b,1,,codex-high@128k.once-full#T2
luna_high,GPT-5.6 Luna high,tool-free,trifference-144e830d3cd7,trifference,"{""m"": 1, ""n"": 144, ""representation"": ""certified""}",construction,387420489,False,0,0.0,bench/results/gpt-5.6-luna-codex-high@128k.infra-recovery#T3.jsonl,9b05305d0dba4fdb16943a42604e6884c94c3bd41ddf1406fd0f065a3330e9c9,1,,codex-high@128k.infra-recovery#T3
luna_high,GPT-5.6 Luna high,tool-free,trifference-2878b90f82e4,trifference,"{""m"": 1, ""n"": 192, ""representation"": ""certified""}",construction,10460353203,True,10460353203,1.0,bench/results/gpt-5.6-luna-codex-high@128k.once-full#T4.jsonl,674e5ae58a8617bdced13a988cba5ffac1e5fffca3dceaf2f7bbed3f9ef3ddad,1,,codex-high@128k.once-full#T4
deepseek_low,DeepSeek V4.1 Flash low,tool-free,capset-e561943a0230,capset,"{""d"": 10}",published,2432,True,1458,0.5995065789473685,bench/results/deepseek-flash-think-low@128k#A3.jsonl,2847063f86daab91c37a1b9354a13b08ae4a9774b2cb8ef203a64e1c8cf4e8bc,18,,think-low@128k#A3
deepseek_low,DeepSeek V4.1 Flash low,tool-free,capset-fb287354fb10,capset,"{""d"": 11}",published,5504,True,2916,0.529796511627907,bench/results/deepseek-flash-think-low@128k#A3.jsonl,2847063f86daab91c37a1b9354a13b08ae4a9774b2cb8ef203a64e1c8cf4e8bc,24,,think-low@128k#A3
deepseek_low,DeepSeek V4.1 Flash low,tool-free,labs-8e3bca55269d,labs,"{""N"": 280}",construction,5.577689243027889,True,1.707019682982059,0.306044243163212,bench/results/deepseek-flash-think-low@128k#A3.jsonl,2847063f86daab91c37a1b9354a13b08ae4a9774b2cb8ef203a64e1c8cf4e8bc,26,,think-low@128k#A3
deepseek_low,DeepSeek V4.1 Flash low,tool-free,labs-0b0c9e75a95d,labs,"{""N"": 375}",construction,5.919058843336981,False,0,0.0,bench/results/deepseek-flash-think-low@128k#A3.jsonl,2847063f86daab91c37a1b9354a13b08ae4a9774b2cb8ef203a64e1c8cf4e8bc,27,,think-low@128k#A3
deepseek_low,DeepSeek V4.1 Flash low,tool-free,labs-69bcd35b5eda,labs,"{""N"": 357}",construction,5.862419503219871,False,0,0.0,bench/results/deepseek-flash-think-low@128k#A3.jsonl,2847063f86daab91c37a1b9354a13b08ae4a9774b2cb8ef203a64e1c8cf4e8bc,34,,think-low@128k#A3
deepseek_low,DeepSeek V4.1 Flash low,tool-free,labs-112648954874,labs,"{""N"": 281}",construction,5.65299255441008,True,1.49208238851096,0.26394557823129255,bench/results/deepseek-flash-think-low@128k#A3.jsonl,2847063f86daab91c37a1b9354a13b08ae4a9774b2cb8ef203a64e1c8cf4e8bc,62,,think-low@128k#A3
deepseek_low,DeepSeek V4.1 Flash low,tool-free,labs-824c59888322,labs,"{""N"": 240}",construction,5.858421480878763,True,5.47945205479452,0.9353120243531202,bench/results/deepseek-flash-think-low@128k#A3.jsonl,2847063f86daab91c37a1b9354a13b08ae4a9774b2cb8ef203a64e1c8cf4e8bc,64,,think-low@128k#A3
deepseek_low,DeepSeek V4.1 Flash low,tool-free,heilbronn-c4d41ce5a93d,heilbronn,"{""n"": 46}",construction,0.00047375,True,0.0,0.0,bench/results/deepseek-flash-think-low@128k#A3.jsonl,2847063f86daab91c37a1b9354a13b08ae4a9774b2cb8ef203a64e1c8cf4e8bc,36,,think-low@128k#A3
deepseek_low,DeepSeek V4.1 Flash low,tool-free,heilbronn-0c621382b805,heilbronn,"{""n"": 26}",construction,0.002620975,True,2.606e-05,0.009942864773605242,bench/results/deepseek-flash-think-low@128k#A3.jsonl,2847063f86daab91c37a1b9354a13b08ae4a9774b2cb8ef203a64e1c8cf4e8bc,48,,think-low@128k#A3
deepseek_low,DeepSeek V4.1 Flash low,tool-free,heilbronn-a5c5c8aa2e3f,heilbronn,"{""n"": 40}",construction,0.0006907,True,0.0003125,0.4524395540755755,bench/results/deepseek-flash-think-low@128k#A3.jsonl,2847063f86daab91c37a1b9354a13b08ae4a9774b2cb8ef203a64e1c8cf4e8bc,39,,think-low@128k#A3
deepseek_low,DeepSeek V4.1 Flash low,tool-free,heilbronn-d9588eea537f,heilbronn,"{""n"": 50}",construction,0.0002857,True,0.0,0.0,bench/results/deepseek-flash-think-low@128k#A3.jsonl,2847063f86daab91c37a1b9354a13b08ae4a9774b2cb8ef203a64e1c8cf4e8bc,68,,think-low@128k#A3
deepseek_low,DeepSeek V4.1 Flash low,tool-free,heilbronn-ce0964a3b547,heilbronn,"{""n"": 48}",construction,0.00037548,True,0.00018432,0.4908916586768936,bench/results/deepseek-flash-think-low@128k#A3.jsonl,2847063f86daab91c37a1b9354a13b08ae4a9774b2cb8ef203a64e1c8cf4e8bc,72,,think-low@128k#A3
deepseek_low,DeepSeek V4.1 Flash low,tool-free,kissing-7c7466431087,kissing,"{""d"": 14}",published,1932,True,364,0.18840579710144928,bench/results/deepseek-flash-think-low@128k#A3.jsonl,2847063f86daab91c37a1b9354a13b08ae4a9774b2cb8ef203a64e1c8cf4e8bc,2,,think-low@128k#A3
deepseek_low,DeepSeek V4.1 Flash low,tool-free,kissing-0e2702baa0cb,kissing,"{""d"": 15}",published,2564,True,420,0.16380655226209048,bench/results/deepseek-flash-think-low@128k#A3.jsonl,2847063f86daab91c37a1b9354a13b08ae4a9774b2cb8ef203a64e1c8cf4e8bc,7,,think-low@128k#A3
deepseek_low,DeepSeek V4.1 Flash low,tool-free,corners-5c0a651526bb,corners,"{""n"": 138}",construction,3120,True,274,0.08782051282051281,bench/results/deepseek-flash-think-low@128k#A3.jsonl,2847063f86daab91c37a1b9354a13b08ae4a9774b2cb8ef203a64e1c8cf4e8bc,12,,think-low@128k#A3
deepseek_low,DeepSeek V4.1 Flash low,tool-free,corners-df38f45e8b38,corners,"{""n"": 183}",construction,4698,True,3936,0.8378033205619413,bench/results/deepseek-flash-think-low@128k#A3.jsonl,2847063f86daab91c37a1b9354a13b08ae4a9774b2cb8ef203a64e1c8cf4e8bc,19,,think-low@128k#A3
deepseek_low,DeepSeek V4.1 Flash low,tool-free,corners-dce415bc82c9,corners,"{""n"": 150}",construction,3504,True,3504,1.0,bench/results/deepseek-flash-think-low@128k#A3.jsonl,2847063f86daab91c37a1b9354a13b08ae4a9774b2cb8ef203a64e1c8cf4e8bc,23,,think-low@128k#A3
deepseek_low,DeepSeek V4.1 Flash low,tool-free,corners-299b1caf450c,corners,"{""n"": 162}",construction,3888,False,0,0.0,bench/results/deepseek-flash-think-low@128k#A3.jsonl,2847063f86daab91c37a1b9354a13b08ae4a9774b2cb8ef203a64e1c8cf4e8bc,61,,think-low@128k#A3
deepseek_low,DeepSeek V4.1 Flash low,tool-free,corners-b92c953c9648,corners,"{""n"": 185}",construction,4786,True,4672,0.9761805265357292,bench/results/deepseek-flash-think-low@128k#A3.jsonl,2847063f86daab91c37a1b9354a13b08ae4a9774b2cb8ef203a64e1c8cf4e8bc,66,,think-low@128k#A3
deepseek_low,DeepSeek V4.1 Flash low,tool-free,kissing_theta-48ea4a32bea2,kissing_theta,"{""cos100"": 24, ""d"": 12}",construction,28,True,24,0.8571428571428571,bench/results/deepseek-flash-think-low@128k#A3.jsonl,2847063f86daab91c37a1b9354a13b08ae4a9774b2cb8ef203a64e1c8cf4e8bc,38,,think-low@128k#A3
deepseek_low,DeepSeek V4.1 Flash low,tool-free,kissing_theta-88cc99fc7fbd,kissing_theta,"{""cos100"": 39, ""d"": 12}",construction,152,True,160,1.0526315789473684,bench/results/deepseek-flash-think-low@128k#A3.jsonl,2847063f86daab91c37a1b9354a13b08ae4a9774b2cb8ef203a64e1c8cf4e8bc,40,,think-low@128k#A3
deepseek_low,DeepSeek V4.1 Flash low,tool-free,kissing_theta-18c29aeaf14f,kissing_theta,"{""cos100"": 36, ""d"": 14}",construction,124,False,0,0.0,bench/results/deepseek-flash-think-low@128k#A3.jsonl,2847063f86daab91c37a1b9354a13b08ae4a9774b2cb8ef203a64e1c8cf4e8bc,41,,think-low@128k#A3
deepseek_low,DeepSeek V4.1 Flash low,tool-free,kissing_theta-6cdc8634ec21,kissing_theta,"{""cos100"": 39, ""d"": 14}",construction,132,True,28,0.21212121212121213,bench/results/deepseek-flash-think-low@128k#A3.jsonl,2847063f86daab91c37a1b9354a13b08ae4a9774b2cb8ef203a64e1c8cf4e8bc,78,,think-low@128k#A3
deepseek_low,DeepSeek V4.1 Flash low,tool-free,kissing_theta-5c1803b86d2d,kissing_theta,"{""cos100"": 36, ""d"": 12}",construction,152,True,48,0.3157894736842105,bench/results/deepseek-flash-think-low@128k#A3.jsonl,2847063f86daab91c37a1b9354a13b08ae4a9774b2cb8ef203a64e1c8cf4e8bc,80,,think-low@128k#A3
deepseek_low,DeepSeek V4.1 Flash low,tool-free,heilbronn_shape-170f6064b3d7,heilbronn_shape,"{""T"": [[9026, 8197], [1769, 9178], [7298, 1276]], ""n"": 32}",construction,0.0014884960025223,True,0.0006617378196607472,0.44456808653796387,bench/results/deepseek-flash-think-low@128k#A3.jsonl,2847063f86daab91c37a1b9354a13b08ae4a9774b2cb8ef203a64e1c8cf4e8bc,1,,think-low@128k#A3
deepseek_low,DeepSeek V4.1 Flash low,tool-free,heilbronn_shape-0cef36bc9728,heilbronn_shape,"{""T"": [[578, 9933], [8598, 7337], [2075, 588]], ""n"": 34}",construction,0.0010042824240598402,True,0.0,0.0,bench/results/deepseek-flash-think-low@128k#A3.jsonl,2847063f86daab91c37a1b9354a13b08ae4a9774b2cb8ef203a64e1c8cf4e8bc,3,,think-low@128k#A3
deepseek_low,DeepSeek V4.1 Flash low,tool-free,heilbronn_shape-0e86da8665f2,heilbronn_shape,"{""T"": [[411, 7999], [9004, 9890], [3031, 713]], ""n"": 31}",construction,0.0016863811501138092,True,2.0573385280095094e-06,0.0012199724409103275,bench/results/deepseek-flash-think-low@128k#A3.jsonl,2847063f86daab91c37a1b9354a13b08ae4a9774b2cb8ef203a64e1c8cf4e8bc,6,,think-low@128k#A3
deepseek_low,DeepSeek V4.1 Flash low,tool-free,heilbronn_shape-4efe4b6d2f48,heilbronn_shape,"{""T"": [[7922, 8793], [9917, 1548], [1510, 3942]], ""n"": 40}",construction,0.0005937004438679532,True,0.0,0.0,bench/results/deepseek-flash-think-low@128k#A3.jsonl,2847063f86daab91c37a1b9354a13b08ae4a9774b2cb8ef203a64e1c8cf4e8bc,51,,think-low@128k#A3
deepseek_low,DeepSeek V4.1 Flash low,tool-free,heilbronn_shape-7654620d3ab8,heilbronn_shape,"{""T"": [[526, 8526], [8696, 8279], [8084, 1688]], ""n"": 26}",construction,0.003982656623191187,True,0.0,0.0,bench/results/deepseek-flash-think-low@128k#A3.jsonl,2847063f86daab91c37a1b9354a13b08ae4a9774b2cb8ef203a64e1c8cf4e8bc,53,,think-low@128k#A3
deepseek_low,DeepSeek V4.1 Flash low,tool-free,matmul-ffd9b6a99452,matmul,"{""m"": 4, ""n"": 4, ""p"": 5}",published,61,True,80,0.7625,bench/results/deepseek-flash-think-low@128k#A3.jsonl,2847063f86daab91c37a1b9354a13b08ae4a9774b2cb8ef203a64e1c8cf4e8bc,9,,think-low@128k#A3
deepseek_low,DeepSeek V4.1 Flash low,tool-free,matmul-7c87a93e97c3,matmul,"{""m"": 5, ""n"": 5, ""p"": 5}",published,93,True,125,0.744,bench/results/deepseek-flash-think-low@128k#A3.jsonl,2847063f86daab91c37a1b9354a13b08ae4a9774b2cb8ef203a64e1c8cf4e8bc,67,,think-low@128k#A3
deepseek_low,DeepSeek V4.1 Flash low,tool-free,degdiam-698a36ec659c,degdiam,"{""d"": 4, ""k"": 5}",published,364,True,61,0.16758241758241757,bench/results/deepseek-flash-think-low@128k#A3.jsonl,2847063f86daab91c37a1b9354a13b08ae4a9774b2cb8ef203a64e1c8cf4e8bc,17,,think-low@128k#A3
deepseek_low,DeepSeek V4.1 Flash low,tool-free,degdiam-550afae4f1d9,degdiam,"{""d"": 7, ""k"": 3}",published,168,False,0,0.0,bench/results/deepseek-flash-think-low@128k#A3.jsonl,2847063f86daab91c37a1b9354a13b08ae4a9774b2cb8ef203a64e1c8cf4e8bc,20,,think-low@128k#A3
deepseek_low,DeepSeek V4.1 Flash low,tool-free,degdiam-1bb88a3f7ec5,degdiam,"{""d"": 4, ""k"": 4}",published,104,True,41,0.3942307692307692,bench/results/deepseek-flash-think-low@128k#A3.jsonl,2847063f86daab91c37a1b9354a13b08ae4a9774b2cb8ef203a64e1c8cf4e8bc,71,,think-low@128k#A3
deepseek_low,DeepSeek V4.1 Flash low,tool-free,degdiam-69fe33ce30ae,degdiam,"{""d"": 3, ""k"": 7}",published,196,True,28,0.14285714285714285,bench/results/deepseek-flash-think-low@128k#A3.jsonl,2847063f86daab91c37a1b9354a13b08ae4a9774b2cb8ef203a64e1c8cf4e8bc,74,,think-low@128k#A3
deepseek_low,DeepSeek V4.1 Flash low,tool-free,lineq-dbd7ed2a31a1,lineq,"{""a"": 3, ""b"": 4, ""n"": 19044}",construction,630,True,511,0.8111111111111111,bench/results/deepseek-flash-think-low@128k#A3.jsonl,2847063f86daab91c37a1b9354a13b08ae4a9774b2cb8ef203a64e1c8cf4e8bc,4,,think-low@128k#A3
deepseek_low,DeepSeek V4.1 Flash low,tool-free,lineq-8e24e186040f,lineq,"{""a"": 2, ""b"": 5, ""n"": 18883}",construction,609,False,0,0.0,bench/results/deepseek-flash-think-low@128k#A3.jsonl,2847063f86daab91c37a1b9354a13b08ae4a9774b2cb8ef203a64e1c8cf4e8bc,8,,think-low@128k#A3
deepseek_low,DeepSeek V4.1 Flash low,tool-free,lineq-9920caf37ad6,lineq,"{""a"": 2, ""b"": 3, ""n"": 17965}",construction,523,False,0,0.0,bench/results/deepseek-flash-think-low@128k#A3.jsonl,2847063f86daab91c37a1b9354a13b08ae4a9774b2cb8ef203a64e1c8cf4e8bc,16,,think-low@128k#A3
deepseek_low,DeepSeek V4.1 Flash low,tool-free,lineq-3e1492fbf38e,lineq,"{""a"": 3, ""b"": 4, ""n"": 13312}",construction,512,False,0,0.0,bench/results/deepseek-flash-think-low@128k#A3.jsonl,2847063f86daab91c37a1b9354a13b08ae4a9774b2cb8ef203a64e1c8cf4e8bc,50,,think-low@128k#A3
deepseek_low,DeepSeek V4.1 Flash low,tool-free,lineq-4cf345605795,lineq,"{""a"": 3, ""b"": 4, ""n"": 6248}",construction,349,False,0,0.0,bench/results/deepseek-flash-think-low@128k#A3.jsonl,2847063f86daab91c37a1b9354a13b08ae4a9774b2cb8ef203a64e1c8cf4e8bc,57,,think-low@128k#A3
deepseek_low,DeepSeek V4.1 Flash low,tool-free,apfree_q-01c7215e28dc,apfree_q,"{""n"": 6, ""q"": 5}",published,649,True,625,0.963020030816641,bench/results/deepseek-flash-think-low@128k#A3.jsonl,2847063f86daab91c37a1b9354a13b08ae4a9774b2cb8ef203a64e1c8cf4e8bc,42,,think-low@128k#A3
deepseek_low,DeepSeek V4.1 Flash low,tool-free,apfree_q-ea15a8323290,apfree_q,"{""n"": 5, ""q"": 5}",published,194,True,150,0.7731958762886598,bench/results/deepseek-flash-think-low@128k#A3.jsonl,2847063f86daab91c37a1b9354a13b08ae4a9774b2cb8ef203a64e1c8cf4e8bc,43,,think-low@128k#A3
deepseek_low,DeepSeek V4.1 Flash low,tool-free,mols-9f35e847148f,mols,"{""n"": 14}",published,4,True,1,0.25,bench/results/deepseek-flash-think-low@128k#A3.jsonl,2847063f86daab91c37a1b9354a13b08ae4a9774b2cb8ef203a64e1c8cf4e8bc,45,,think-low@128k#A3
deepseek_low,DeepSeek V4.1 Flash low,tool-free,mols-7c78ac4f7920,mols,"{""n"": 10}",published,2,True,1,0.5,bench/results/deepseek-flash-think-low@128k#A3.jsonl,2847063f86daab91c37a1b9354a13b08ae4a9774b2cb8ef203a64e1c8cf4e8bc,46,,think-low@128k#A3
deepseek_low,DeepSeek V4.1 Flash low,tool-free,mols-934e5656a894,mols,"{""n"": 18}",published,5,True,1,0.2,bench/results/deepseek-flash-think-low@128k#A3.jsonl,2847063f86daab91c37a1b9354a13b08ae4a9774b2cb8ef203a64e1c8cf4e8bc,47,,think-low@128k#A3
deepseek_low,DeepSeek V4.1 Flash low,tool-free,capset-253c1b38c406,capset,"{""d"": 9}",published,1082,True,729,0.6737523105360443,bench/results/deepseek-flash-think-low@128k#A3.jsonl,2847063f86daab91c37a1b9354a13b08ae4a9774b2cb8ef203a64e1c8cf4e8bc,81,,think-low@128k#A3
deepseek_low,DeepSeek V4.1 Flash low,tool-free,kissing-a4c5596cf65f,kissing,"{""d"": 13, ""representation"": ""quadratic""}",published,1154,True,312,0.2703639514731369,bench/results/deepseek-flash-think-low@128k.kissing-q3.once#A3.jsonl,911550d9efd1f73c7e4c8e512b06de77bd485e2ae2a34a6c439dbf47371b8618,1,,think-low@128k.kissing-q3.once#A3
deepseek_low,DeepSeek V4.1 Flash low,tool-free,matmul-857618e58878,matmul,"{""m"": 5, ""n"": 4, ""p"": 5}",published,76,False,0,0.0,bench/results/deepseek-flash-think-low@128k#A3.jsonl,2847063f86daab91c37a1b9354a13b08ae4a9774b2cb8ef203a64e1c8cf4e8bc,83,,think-low@128k#A3
deepseek_low,DeepSeek V4.1 Flash low,tool-free,degdiam-b8f67d96ee68,degdiam,"{""d"": 6, ""k"": 3}",published,111,True,62,0.5585585585585585,bench/results/deepseek-flash-think-low@128k#A3.jsonl,2847063f86daab91c37a1b9354a13b08ae4a9774b2cb8ef203a64e1c8cf4e8bc,84,,think-low@128k#A3
deepseek_low,DeepSeek V4.1 Flash low,tool-free,degdiam-708cd938b766,degdiam,"{""d"": 5, ""k"": 4}",published,212,True,50,0.2358490566037736,bench/results/deepseek-flash-think-low@128k#A3.jsonl,2847063f86daab91c37a1b9354a13b08ae4a9774b2cb8ef203a64e1c8cf4e8bc,85,,think-low@128k#A3
deepseek_low,DeepSeek V4.1 Flash low,tool-free,degdiam-71d28a377ba1,degdiam,"{""d"": 3, ""k"": 6}",published,132,False,0,0.0,bench/results/deepseek-flash-think-low@128k#A3.jsonl,2847063f86daab91c37a1b9354a13b08ae4a9774b2cb8ef203a64e1c8cf4e8bc,86,,think-low@128k#A3
deepseek_low,DeepSeek V4.1 Flash low,tool-free,apfree_q-84ab372c1270,apfree_q,"{""n"": 4, ""q"": 7}",construction,103,False,0,0.0,bench/results/deepseek-flash-think-low@128k#A3.jsonl,2847063f86daab91c37a1b9354a13b08ae4a9774b2cb8ef203a64e1c8cf4e8bc,87,,think-low@128k#A3
deepseek_low,DeepSeek V4.1 Flash low,tool-free,mols-dfb4c3a55793,mols,"{""n"": 15}",published,4,True,2,0.5,bench/results/deepseek-flash-think-low@128k#A3.jsonl,2847063f86daab91c37a1b9354a13b08ae4a9774b2cb8ef203a64e1c8cf4e8bc,88,,think-low@128k#A3
deepseek_low,DeepSeek V4.1 Flash low,tool-free,mols-5e98497ace6a,mols,"{""n"": 12}",published,5,True,2,0.4,bench/results/deepseek-flash-think-low@128k#A3.jsonl,2847063f86daab91c37a1b9354a13b08ae4a9774b2cb8ef203a64e1c8cf4e8bc,89,,think-low@128k#A3
deepseek_low,DeepSeek V4.1 Flash low,tool-free,mols-0e29c62754e2,mols,"{""n"": 20}",published,4,True,3,0.75,bench/results/deepseek-flash-think-low@128k#A3.jsonl,2847063f86daab91c37a1b9354a13b08ae4a9774b2cb8ef203a64e1c8cf4e8bc,90,,think-low@128k#A3
deepseek_low,DeepSeek V4.1 Flash low,tool-free,schur-133b39146db2,schur,"{""k"": 7}",published,1696,False,0,0.0,bench/results/deepseek-flash-think-low@128k#A3.jsonl,2847063f86daab91c37a1b9354a13b08ae4a9774b2cb8ef203a64e1c8cf4e8bc,91,,think-low@128k#A3
deepseek_low,DeepSeek V4.1 Flash low,tool-free,schur-4f4fcef4287a,schur,"{""k"": 6}",published,536,True,364,0.6791044776119403,bench/results/deepseek-flash-think-low@128k#A3.jsonl,2847063f86daab91c37a1b9354a13b08ae4a9774b2cb8ef203a64e1c8cf4e8bc,92,,think-low@128k#A3
deepseek_low,DeepSeek V4.1 Flash low,tool-free,schur-16d4130a2932,schur,"{""k"": 8}",published,5362,False,0,0.0,bench/results/deepseek-flash-think-low@128k#A3.jsonl,2847063f86daab91c37a1b9354a13b08ae4a9774b2cb8ef203a64e1c8cf4e8bc,93,,think-low@128k#A3
deepseek_low,DeepSeek V4.1 Flash low,tool-free,covering-96b61f7899e7,covering,"{""k"": 7, ""t"": 4, ""v"": 18}",published,126,True,450,0.28,bench/results/deepseek-flash-think-low@128k#A3.jsonl,2847063f86daab91c37a1b9354a13b08ae4a9774b2cb8ef203a64e1c8cf4e8bc,94,,think-low@128k#A3
deepseek_low,DeepSeek V4.1 Flash low,tool-free,covering-551581f999ca,covering,"{""k"": 6, ""t"": 3, ""v"": 30}",published,225,True,475,0.47368421052631576,bench/results/deepseek-flash-think-low@128k#A3.jsonl,2847063f86daab91c37a1b9354a13b08ae4a9774b2cb8ef203a64e1c8cf4e8bc,95,,think-low@128k#A3
deepseek_low,DeepSeek V4.1 Flash low,tool-free,covering-e208a41ac8b5,covering,"{""k"": 6, ""t"": 3, ""v"": 24}",published,116,True,220,0.5272727272727272,bench/results/deepseek-flash-think-low@128k#A3.jsonl,2847063f86daab91c37a1b9354a13b08ae4a9774b2cb8ef203a64e1c8cf4e8bc,96,,think-low@128k#A3
deepseek_low,DeepSeek V4.1 Flash low,tool-free,shannon-4d7467466a4c,shannon,"{""d"": 24, ""q"": 7}",construction,1941100559147,True,1000000000000,0.515171661399882,bench/results/deepseek-flash-think-low@128k#A3.jsonl,2847063f86daab91c37a1b9354a13b08ae4a9774b2cb8ef203a64e1c8cf4e8bc,98,,think-low@128k#A3
deepseek_low,DeepSeek V4.1 Flash low,tool-free,shannon-dbd709082fa3,shannon,"{""d"": 40, ""q"": 7}",construction,329100478707380211841,True,100000000000000000000,0.3038585674283234,bench/results/deepseek-flash-think-low@128k#A3.jsonl,2847063f86daab91c37a1b9354a13b08ae4a9774b2cb8ef203a64e1c8cf4e8bc,97,,think-low@128k#A3
deepseek_low,DeepSeek V4.1 Flash low,tool-free,shannon-3ba3fb861c12,shannon,"{""d"": 48, ""q"": 9}",construction,3433683820292512484657849089281,True,3433683820292512484657849089281,1.0,bench/results/deepseek-flash-think-low@128k#A3.jsonl,2847063f86daab91c37a1b9354a13b08ae4a9774b2cb8ef203a64e1c8cf4e8bc,99,,think-low@128k#A3
deepseek_low,DeepSeek V4.1 Flash low,tool-free,shannon-feb50364a0a8,shannon,"{""d"": 64, ""q"": 9}",construction,47890060730248079154410960106868188422724,True,47890060730248079154410960106868188422724,1.0,bench/results/deepseek-flash-think-low@128k#A3.jsonl,2847063f86daab91c37a1b9354a13b08ae4a9774b2cb8ef203a64e1c8cf4e8bc,100,,think-low@128k#A3
deepseek_low,DeepSeek V4.1 Flash low,tool-free,trifference-f9a51728af9d,trifference,"{""m"": 1, ""n"": 64, ""representation"": ""certified""}",construction,19683,True,19683,1.0,bench/results/deepseek-flash-think-low@128k#T1.jsonl,faf3640a15a0f5527a254eedfc16033fdb5dcdaf459f757a9206c3c8eb65fbf9,1,,think-low@128k#T1
deepseek_low,DeepSeek V4.1 Flash low,tool-free,trifference-0809543b57d9,trifference,"{""m"": 1, ""n"": 96, ""representation"": ""certified""}",construction,531441,False,0,0.0,bench/results/deepseek-flash-think-low@128k#T2.jsonl,1a64db3780e41b5f69b33b4c330137332eb316ea311404099a357df2e15e218a,1,,think-low@128k#T2
deepseek_low,DeepSeek V4.1 Flash low,tool-free,trifference-144e830d3cd7,trifference,"{""m"": 1, ""n"": 144, ""representation"": ""certified""}",construction,387420489,True,387420489,1.0,bench/results/deepseek-flash-think-low@128k#T3.jsonl,e0afae7d5288a63894c7594bcce495741691f939942a1ecf2075124fc1e1898e,1,,think-low@128k#T3
deepseek_low,DeepSeek V4.1 Flash low,tool-free,trifference-2878b90f82e4,trifference,"{""m"": 1, ""n"": 192, ""representation"": ""certified""}",construction,10460353203,True,14348907,0.0013717421124828531,bench/results/deepseek-flash-think-low@128k#T4.jsonl,ddb66d27be56b58fd53c6f6eb57b42bd7807e9bde1d70e3e04b3e43962ad35e6,1,,think-low@128k#T4
deepseek_high,DeepSeek V4.1 Flash high,tool-free,capset-e561943a0230,capset,"{""d"": 10}",published,2432,True,1600,0.6578947368421053,bench/results/deepseek-flash-think-high@128k#A3.jsonl,57179af0cd2f8ca02845fe9a4429bbb006631eeed12424e1fb039292c4bbe306,16,,think-high@128k#A3
deepseek_high,DeepSeek V4.1 Flash high,tool-free,capset-fb287354fb10,capset,"{""d"": 11}",published,5504,True,2916,0.529796511627907,bench/results/deepseek-flash-think-high@128k#A3.jsonl,57179af0cd2f8ca02845fe9a4429bbb006631eeed12424e1fb039292c4bbe306,23,,think-high@128k#A3
deepseek_high,DeepSeek V4.1 Flash high,tool-free,labs-8e3bca55269d,labs,"{""N"": 280}",construction,5.577689243027889,True,5.565019875070982,0.9977285633162974,bench/results/deepseek-flash-think-high@128k#A3.jsonl,57179af0cd2f8ca02845fe9a4429bbb006631eeed12424e1fb039292c4bbe306,26,,think-high@128k#A3
deepseek_high,DeepSeek V4.1 Flash high,tool-free,labs-0b0c9e75a95d,labs,"{""N"": 375}",construction,5.919058843336981,True,1.4866793529971456,0.2511681995982662,bench/results/deepseek-flash-think-high@128k#A3.jsonl,57179af0cd2f8ca02845fe9a4429bbb006631eeed12424e1fb039292c4bbe306,27,,think-high@128k#A3
deepseek_high,DeepSeek V4.1 Flash high,tool-free,labs-69bcd35b5eda,labs,"{""N"": 357}",construction,5.862419503219871,True,1.5785112707456033,0.26925935100322024,bench/results/deepseek-flash-think-high@128k#A3.jsonl,57179af0cd2f8ca02845fe9a4429bbb006631eeed12424e1fb039292c4bbe306,28,,think-high@128k#A3
deepseek_high,DeepSeek V4.1 Flash high,tool-free,labs-112648954874,labs,"{""N"": 281}",construction,5.65299255441008,True,5.592138810198301,0.9892351274787536,bench/results/deepseek-flash-think-high@128k#A3.jsonl,57179af0cd2f8ca02845fe9a4429bbb006631eeed12424e1fb039292c4bbe306,62,,think-high@128k#A3
deepseek_high,DeepSeek V4.1 Flash high,tool-free,labs-824c59888322,labs,"{""N"": 240}",construction,5.858421480878763,True,1.5088013411567478,0.25754400670578376,bench/results/deepseek-flash-think-high@128k#A3.jsonl,57179af0cd2f8ca02845fe9a4429bbb006631eeed12424e1fb039292c4bbe306,63,,think-high@128k#A3
deepseek_high,DeepSeek V4.1 Flash high,tool-free,heilbronn-c4d41ce5a93d,heilbronn,"{""n"": 46}",construction,0.00047375,True,0.0,0.0,bench/results/deepseek-flash-think-high@128k#A3.jsonl,57179af0cd2f8ca02845fe9a4429bbb006631eeed12424e1fb039292c4bbe306,46,,think-high@128k#A3
deepseek_high,DeepSeek V4.1 Flash high,tool-free,heilbronn-0c621382b805,heilbronn,"{""n"": 26}",construction,0.002620975,True,0.0001,0.038153740497334006,bench/results/deepseek-flash-think-high@128k#A3.jsonl,57179af0cd2f8ca02845fe9a4429bbb006631eeed12424e1fb039292c4bbe306,35,,think-high@128k#A3
deepseek_high,DeepSeek V4.1 Flash high,tool-free,heilbronn-a5c5c8aa2e3f,heilbronn,"{""n"": 40}",construction,0.0006907,True,0.000478755,0.6931446358766468,bench/results/deepseek-flash-think-high@128k#A3.jsonl,57179af0cd2f8ca02845fe9a4429bbb006631eeed12424e1fb039292c4bbe306,47,,think-high@128k#A3
deepseek_high,DeepSeek V4.1 Flash high,tool-free,heilbronn-d9588eea537f,heilbronn,"{""n"": 50}",construction,0.0002857,True,0.0,0.0,bench/results/deepseek-flash-think-high@128k#A3.jsonl,57179af0cd2f8ca02845fe9a4429bbb006631eeed12424e1fb039292c4bbe306,69,,think-high@128k#A3
deepseek_high,DeepSeek V4.1 Flash high,tool-free,heilbronn-ce0964a3b547,heilbronn,"{""n"": 48}",construction,0.00037548,True,0.00020663,0.5503089378928305,bench/results/deepseek-flash-think-high@128k#A3.jsonl,57179af0cd2f8ca02845fe9a4429bbb006631eeed12424e1fb039292c4bbe306,72,,think-high@128k#A3
deepseek_high,DeepSeek V4.1 Flash high,tool-free,kissing-7c7466431087,kissing,"{""d"": 14}",published,1932,True,364,0.18840579710144928,bench/results/deepseek-flash-think-high@128k#A3.jsonl,57179af0cd2f8ca02845fe9a4429bbb006631eeed12424e1fb039292c4bbe306,2,,think-high@128k#A3
deepseek_high,DeepSeek V4.1 Flash high,tool-free,kissing-0e2702baa0cb,kissing,"{""d"": 15}",published,2564,True,420,0.16380655226209048,bench/results/deepseek-flash-think-high@128k#A3.jsonl,57179af0cd2f8ca02845fe9a4429bbb006631eeed12424e1fb039292c4bbe306,5,,think-high@128k#A3
deepseek_high,DeepSeek V4.1 Flash high,tool-free,corners-5c0a651526bb,corners,"{""n"": 138}",construction,3120,False,0,0.0,bench/results/deepseek-flash-think-high@128k#A3.jsonl,57179af0cd2f8ca02845fe9a4429bbb006631eeed12424e1fb039292c4bbe306,13,,think-high@128k#A3
deepseek_high,DeepSeek V4.1 Flash high,tool-free,corners-df38f45e8b38,corners,"{""n"": 183}",construction,4698,True,3936,0.8378033205619413,bench/results/deepseek-flash-think-high@128k#A3.jsonl,57179af0cd2f8ca02845fe9a4429bbb006631eeed12424e1fb039292c4bbe306,17,,think-high@128k#A3
deepseek_high,DeepSeek V4.1 Flash high,tool-free,corners-dce415bc82c9,corners,"{""n"": 150}",construction,3504,True,3504,1.0,bench/results/deepseek-flash-think-high@128k#A3.jsonl,57179af0cd2f8ca02845fe9a4429bbb006631eeed12424e1fb039292c4bbe306,22,,think-high@128k#A3
deepseek_high,DeepSeek V4.1 Flash high,tool-free,corners-299b1caf450c,corners,"{""n"": 162}",construction,3888,True,3248,0.8353909465020576,bench/results/deepseek-flash-think-high@128k#A3.jsonl,57179af0cd2f8ca02845fe9a4429bbb006631eeed12424e1fb039292c4bbe306,58,,think-high@128k#A3
deepseek_high,DeepSeek V4.1 Flash high,tool-free,corners-b92c953c9648,corners,"{""n"": 185}",construction,4786,True,4624,0.9661512745507731,bench/results/deepseek-flash-think-high@128k#A3.jsonl,57179af0cd2f8ca02845fe9a4429bbb006631eeed12424e1fb039292c4bbe306,64,,think-high@128k#A3
deepseek_high,DeepSeek V4.1 Flash high,tool-free,kissing_theta-48ea4a32bea2,kissing_theta,"{""cos100"": 24, ""d"": 12}",construction,28,True,48,1.7142857142857142,bench/results/deepseek-flash-think-high@128k#A3.jsonl,57179af0cd2f8ca02845fe9a4429bbb006631eeed12424e1fb039292c4bbe306,39,,think-high@128k#A3
deepseek_high,DeepSeek V4.1 Flash high,tool-free,kissing_theta-88cc99fc7fbd,kissing_theta,"{""cos100"": 39, ""d"": 12}",construction,152,True,160,1.0526315789473684,bench/results/deepseek-flash-think-high@128k#A3.jsonl,57179af0cd2f8ca02845fe9a4429bbb006631eeed12424e1fb039292c4bbe306,42,,think-high@128k#A3
deepseek_high,DeepSeek V4.1 Flash high,tool-free,kissing_theta-18c29aeaf14f,kissing_theta,"{""cos100"": 36, ""d"": 14}",construction,124,True,224,1.8064516129032258,bench/results/deepseek-flash-think-high@128k#A3.jsonl,57179af0cd2f8ca02845fe9a4429bbb006631eeed12424e1fb039292c4bbe306,80,,think-high@128k#A3
deepseek_high,DeepSeek V4.1 Flash high,tool-free,kissing_theta-6cdc8634ec21,kissing_theta,"{""cos100"": 39, ""d"": 14}",construction,132,True,210,1.5909090909090908,bench/results/deepseek-flash-think-high@128k#A3.jsonl,57179af0cd2f8ca02845fe9a4429bbb006631eeed12424e1fb039292c4bbe306,77,,think-high@128k#A3
deepseek_high,DeepSeek V4.1 Flash high,tool-free,kissing_theta-5c1803b86d2d,kissing_theta,"{""cos100"": 36, ""d"": 12}",construction,152,True,24,0.15789473684210525,bench/results/deepseek-flash-think-high@128k#A3.jsonl,57179af0cd2f8ca02845fe9a4429bbb006631eeed12424e1fb039292c4bbe306,79,,think-high@128k#A3
deepseek_high,DeepSeek V4.1 Flash high,tool-free,heilbronn_shape-170f6064b3d7,heilbronn_shape,"{""T"": [[9026, 8197], [1769, 9178], [7298, 1276]], ""n"": 32}",construction,0.0014884960025223,True,0.0,0.0,bench/results/deepseek-flash-think-high@128k#A3.jsonl,57179af0cd2f8ca02845fe9a4429bbb006631eeed12424e1fb039292c4bbe306,1,,think-high@128k#A3
deepseek_high,DeepSeek V4.1 Flash high,tool-free,heilbronn_shape-0cef36bc9728,heilbronn_shape,"{""T"": [[578, 9933], [8598, 7337], [2075, 588]], ""n"": 34}",construction,0.0010042824240598402,True,0.0,0.0,bench/results/deepseek-flash-think-high@128k#A3.jsonl,57179af0cd2f8ca02845fe9a4429bbb006631eeed12424e1fb039292c4bbe306,6,,think-high@128k#A3
deepseek_high,DeepSeek V4.1 Flash high,tool-free,heilbronn_shape-0e86da8665f2,heilbronn_shape,"{""T"": [[411, 7999], [9004, 9890], [3031, 713]], ""n"": 31}",construction,0.0016863811501138092,False,0,0.0,bench/results/deepseek-flash-think-high@128k#A3.jsonl,57179af0cd2f8ca02845fe9a4429bbb006631eeed12424e1fb039292c4bbe306,9,,think-high@128k#A3
deepseek_high,DeepSeek V4.1 Flash high,tool-free,heilbronn_shape-4efe4b6d2f48,heilbronn_shape,"{""T"": [[7922, 8793], [9917, 1548], [1510, 3942]], ""n"": 40}",construction,0.0005937004438679532,True,5.36229471296447e-06,0.009031987037148173,bench/results/deepseek-flash-think-high@128k#A3.jsonl,57179af0cd2f8ca02845fe9a4429bbb006631eeed12424e1fb039292c4bbe306,48,,think-high@128k#A3
deepseek_high,DeepSeek V4.1 Flash high,tool-free,heilbronn_shape-7654620d3ab8,heilbronn_shape,"{""T"": [[526, 8526], [8696, 8279], [8084, 1688]], ""n"": 26}",construction,0.003982656623191187,True,7.190789478313871e-05,0.018055258483600074,bench/results/deepseek-flash-think-high@128k#A3.jsonl,57179af0cd2f8ca02845fe9a4429bbb006631eeed12424e1fb039292c4bbe306,52,,think-high@128k#A3
deepseek_high,DeepSeek V4.1 Flash high,tool-free,matmul-ffd9b6a99452,matmul,"{""m"": 4, ""n"": 4, ""p"": 5}",published,61,True,80,0.7625,bench/results/deepseek-flash-think-high@128k#A3.jsonl,57179af0cd2f8ca02845fe9a4429bbb006631eeed12424e1fb039292c4bbe306,11,,think-high@128k#A3
deepseek_high,DeepSeek V4.1 Flash high,tool-free,matmul-7c87a93e97c3,matmul,"{""m"": 5, ""n"": 5, ""p"": 5}",published,93,False,0,0.0,bench/results/deepseek-flash-think-high@128k#A3.jsonl,57179af0cd2f8ca02845fe9a4429bbb006631eeed12424e1fb039292c4bbe306,68,,think-high@128k#A3
deepseek_high,DeepSeek V4.1 Flash high,tool-free,degdiam-698a36ec659c,degdiam,"{""d"": 4, ""k"": 5}",published,364,True,61,0.16758241758241757,bench/results/deepseek-flash-think-high@128k#A3.jsonl,57179af0cd2f8ca02845fe9a4429bbb006631eeed12424e1fb039292c4bbe306,21,,think-high@128k#A3
deepseek_high,DeepSeek V4.1 Flash high,tool-free,degdiam-550afae4f1d9,degdiam,"{""d"": 7, ""k"": 3}",published,168,False,0,0.0,bench/results/deepseek-flash-think-high@128k#A3.jsonl,57179af0cd2f8ca02845fe9a4429bbb006631eeed12424e1fb039292c4bbe306,25,,think-high@128k#A3
deepseek_high,DeepSeek V4.1 Flash high,tool-free,degdiam-1bb88a3f7ec5,degdiam,"{""d"": 4, ""k"": 4}",published,104,True,41,0.3942307692307692,bench/results/deepseek-flash-think-high@128k#A3.jsonl,57179af0cd2f8ca02845fe9a4429bbb006631eeed12424e1fb039292c4bbe306,70,,think-high@128k#A3
deepseek_high,DeepSeek V4.1 Flash high,tool-free,degdiam-69fe33ce30ae,degdiam,"{""d"": 3, ""k"": 7}",published,196,False,0,0.0,bench/results/deepseek-flash-think-high@128k#A3.jsonl,57179af0cd2f8ca02845fe9a4429bbb006631eeed12424e1fb039292c4bbe306,75,,think-high@128k#A3
deepseek_high,DeepSeek V4.1 Flash high,tool-free,lineq-dbd7ed2a31a1,lineq,"{""a"": 3, ""b"": 4, ""n"": 19044}",construction,630,False,0,0.0,bench/results/deepseek-flash-think-high@128k#A3.jsonl,57179af0cd2f8ca02845fe9a4429bbb006631eeed12424e1fb039292c4bbe306,4,,think-high@128k#A3
deepseek_high,DeepSeek V4.1 Flash high,tool-free,lineq-8e24e186040f,lineq,"{""a"": 2, ""b"": 5, ""n"": 18883}",construction,609,True,343,0.5632183908045977,bench/results/deepseek-flash-think-high@128k#A3.jsonl,57179af0cd2f8ca02845fe9a4429bbb006631eeed12424e1fb039292c4bbe306,8,,think-high@128k#A3
deepseek_high,DeepSeek V4.1 Flash high,tool-free,lineq-9920caf37ad6,lineq,"{""a"": 2, ""b"": 3, ""n"": 17965}",construction,523,False,0,0.0,bench/results/deepseek-flash-think-high@128k#A3.jsonl,57179af0cd2f8ca02845fe9a4429bbb006631eeed12424e1fb039292c4bbe306,14,,think-high@128k#A3
deepseek_high,DeepSeek V4.1 Flash high,tool-free,lineq-3e1492fbf38e,lineq,"{""a"": 3, ""b"": 4, ""n"": 13312}",construction,512,False,0,0.0,bench/results/deepseek-flash-think-high@128k#A3.jsonl,57179af0cd2f8ca02845fe9a4429bbb006631eeed12424e1fb039292c4bbe306,51,,think-high@128k#A3
deepseek_high,DeepSeek V4.1 Flash high,tool-free,lineq-4cf345605795,lineq,"{""a"": 3, ""b"": 4, ""n"": 6248}",construction,349,True,255,0.7306590257879656,bench/results/deepseek-flash-think-high@128k#A3.jsonl,57179af0cd2f8ca02845fe9a4429bbb006631eeed12424e1fb039292c4bbe306,57,,think-high@128k#A3
deepseek_high,DeepSeek V4.1 Flash high,tool-free,apfree_q-01c7215e28dc,apfree_q,"{""n"": 6, ""q"": 5}",published,649,True,625,0.963020030816641,bench/results/deepseek-flash-think-high@128k#A3.jsonl,57179af0cd2f8ca02845fe9a4429bbb006631eeed12424e1fb039292c4bbe306,32,,think-high@128k#A3
deepseek_high,DeepSeek V4.1 Flash high,tool-free,apfree_q-ea15a8323290,apfree_q,"{""n"": 5, ""q"": 5}",published,194,True,150,0.7731958762886598,bench/results/deepseek-flash-think-high@128k#A3.jsonl,57179af0cd2f8ca02845fe9a4429bbb006631eeed12424e1fb039292c4bbe306,37,,think-high@128k#A3
deepseek_high,DeepSeek V4.1 Flash high,tool-free,mols-9f35e847148f,mols,"{""n"": 14}",published,4,False,0,0.0,bench/results/deepseek-flash-think-high@128k#A3.jsonl,57179af0cd2f8ca02845fe9a4429bbb006631eeed12424e1fb039292c4bbe306,43,,think-high@128k#A3
deepseek_high,DeepSeek V4.1 Flash high,tool-free,mols-7c78ac4f7920,mols,"{""n"": 10}",published,2,True,1,0.5,bench/results/deepseek-flash-think-high@128k#A3.jsonl,57179af0cd2f8ca02845fe9a4429bbb006631eeed12424e1fb039292c4bbe306,45,,think-high@128k#A3
deepseek_high,DeepSeek V4.1 Flash high,tool-free,mols-934e5656a894,mols,"{""n"": 18}",published,5,False,0,0.0,bench/results/deepseek-flash-think-high@128k#A3.jsonl,57179af0cd2f8ca02845fe9a4429bbb006631eeed12424e1fb039292c4bbe306,44,,think-high@128k#A3
deepseek_high,DeepSeek V4.1 Flash high,tool-free,capset-253c1b38c406,capset,"{""d"": 9}",published,1082,True,729,0.6737523105360443,bench/results/deepseek-flash-think-high@128k#A3.jsonl,57179af0cd2f8ca02845fe9a4429bbb006631eeed12424e1fb039292c4bbe306,81,,think-high@128k#A3
deepseek_high,DeepSeek V4.1 Flash high,tool-free,kissing-a4c5596cf65f,kissing,"{""d"": 13, ""representation"": ""quadratic""}",published,1154,True,312,0.2703639514731369,bench/results/deepseek-flash-think-high@128k.kissing-q3.once#A3.jsonl,60af0522f0a6994ac8444bded84270465f66776d13f35bc01befd748240165ca,1,,think-high@128k.kissing-q3.once#A3
deepseek_high,DeepSeek V4.1 Flash high,tool-free,matmul-857618e58878,matmul,"{""m"": 5, ""n"": 4, ""p"": 5}",published,76,True,100,0.76,bench/results/deepseek-flash-think-high@128k#A3.jsonl,57179af0cd2f8ca02845fe9a4429bbb006631eeed12424e1fb039292c4bbe306,83,,think-high@128k#A3
deepseek_high,DeepSeek V4.1 Flash high,tool-free,degdiam-b8f67d96ee68,degdiam,"{""d"": 6, ""k"": 3}",published,111,True,62,0.5585585585585585,bench/results/deepseek-flash-think-high@128k#A3.jsonl,57179af0cd2f8ca02845fe9a4429bbb006631eeed12424e1fb039292c4bbe306,84,,think-high@128k#A3
deepseek_high,DeepSeek V4.1 Flash high,tool-free,degdiam-708cd938b766,degdiam,"{""d"": 5, ""k"": 4}",published,212,False,0,0.0,bench/results/deepseek-flash-think-high@128k#A3.jsonl,57179af0cd2f8ca02845fe9a4429bbb006631eeed12424e1fb039292c4bbe306,85,,think-high@128k#A3
deepseek_high,DeepSeek V4.1 Flash high,tool-free,degdiam-71d28a377ba1,degdiam,"{""d"": 3, ""k"": 6}",published,132,False,0,0.0,bench/results/deepseek-flash-think-high@128k#A3.jsonl,57179af0cd2f8ca02845fe9a4429bbb006631eeed12424e1fb039292c4bbe306,86,,think-high@128k#A3
deepseek_high,DeepSeek V4.1 Flash high,tool-free,apfree_q-84ab372c1270,apfree_q,"{""n"": 4, ""q"": 7}",construction,103,True,49,0.47572815533980584,bench/results/deepseek-flash-think-high@128k#A3.jsonl,57179af0cd2f8ca02845fe9a4429bbb006631eeed12424e1fb039292c4bbe306,87,,think-high@128k#A3
deepseek_high,DeepSeek V4.1 Flash high,tool-free,mols-dfb4c3a55793,mols,"{""n"": 15}",published,4,True,2,0.5,bench/results/deepseek-flash-think-high@128k#A3.jsonl,57179af0cd2f8ca02845fe9a4429bbb006631eeed12424e1fb039292c4bbe306,88,,think-high@128k#A3
deepseek_high,DeepSeek V4.1 Flash high,tool-free,mols-5e98497ace6a,mols,"{""n"": 12}",published,5,True,2,0.4,bench/results/deepseek-flash-think-high@128k#A3.jsonl,57179af0cd2f8ca02845fe9a4429bbb006631eeed12424e1fb039292c4bbe306,89,,think-high@128k#A3
deepseek_high,DeepSeek V4.1 Flash high,tool-free,mols-0e29c62754e2,mols,"{""n"": 20}",published,4,True,3,0.75,bench/results/deepseek-flash-think-high@128k#A3.jsonl,57179af0cd2f8ca02845fe9a4429bbb006631eeed12424e1fb039292c4bbe306,90,,think-high@128k#A3
deepseek_high,DeepSeek V4.1 Flash high,tool-free,schur-133b39146db2,schur,"{""k"": 7}",published,1696,False,0,0.0,bench/results/deepseek-flash-think-high@128k#A3.jsonl,57179af0cd2f8ca02845fe9a4429bbb006631eeed12424e1fb039292c4bbe306,91,,think-high@128k#A3
deepseek_high,DeepSeek V4.1 Flash high,tool-free,schur-4f4fcef4287a,schur,"{""k"": 6}",published,536,True,195,0.36380597014925375,bench/results/deepseek-flash-think-high@128k#A3.jsonl,57179af0cd2f8ca02845fe9a4429bbb006631eeed12424e1fb039292c4bbe306,92,,think-high@128k#A3
deepseek_high,DeepSeek V4.1 Flash high,tool-free,schur-16d4130a2932,schur,"{""k"": 8}",published,5362,False,0,0.0,bench/results/deepseek-flash-think-high@128k#A3.jsonl,57179af0cd2f8ca02845fe9a4429bbb006631eeed12424e1fb039292c4bbe306,93,,think-high@128k#A3
deepseek_high,DeepSeek V4.1 Flash high,tool-free,covering-96b61f7899e7,covering,"{""k"": 7, ""t"": 4, ""v"": 18}",published,126,True,519,0.24277456647398843,bench/results/deepseek-flash-think-high@128k#A3.jsonl,57179af0cd2f8ca02845fe9a4429bbb006631eeed12424e1fb039292c4bbe306,94,,think-high@128k#A3
deepseek_high,DeepSeek V4.1 Flash high,tool-free,covering-551581f999ca,covering,"{""k"": 6, ""t"": 3, ""v"": 30}",published,225,True,281,0.800711743772242,bench/results/deepseek-flash-think-high@128k#A3.jsonl,57179af0cd2f8ca02845fe9a4429bbb006631eeed12424e1fb039292c4bbe306,95,,think-high@128k#A3
deepseek_high,DeepSeek V4.1 Flash high,tool-free,covering-e208a41ac8b5,covering,"{""k"": 6, ""t"": 3, ""v"": 24}",published,116,True,124,0.9354838709677419,bench/results/deepseek-flash-think-high@128k#A3.jsonl,57179af0cd2f8ca02845fe9a4429bbb006631eeed12424e1fb039292c4bbe306,96,,think-high@128k#A3
deepseek_high,DeepSeek V4.1 Flash high,tool-free,shannon-4d7467466a4c,shannon,"{""d"": 24, ""q"": 7}",construction,1941100559147,True,1000000000000,0.515171661399882,bench/results/deepseek-flash-think-high@128k#A3.jsonl,57179af0cd2f8ca02845fe9a4429bbb006631eeed12424e1fb039292c4bbe306,98,,think-high@128k#A3
deepseek_high,DeepSeek V4.1 Flash high,tool-free,shannon-dbd709082fa3,shannon,"{""d"": 40, ""q"": 7}",construction,329100478707380211841,True,100000000000000000000,0.3038585674283234,bench/results/deepseek-flash-think-high@128k#A3.jsonl,57179af0cd2f8ca02845fe9a4429bbb006631eeed12424e1fb039292c4bbe306,97,,think-high@128k#A3
deepseek_high,DeepSeek V4.1 Flash high,tool-free,shannon-3ba3fb861c12,shannon,"{""d"": 48, ""q"": 9}",construction,3433683820292512484657849089281,True,3433683820292512484657849089281,1.0,bench/results/deepseek-flash-think-high@128k#A3.jsonl,57179af0cd2f8ca02845fe9a4429bbb006631eeed12424e1fb039292c4bbe306,100,,think-high@128k#A3
deepseek_high,DeepSeek V4.1 Flash high,tool-free,shannon-feb50364a0a8,shannon,"{""d"": 64, ""q"": 9}",construction,47890060730248079154410960106868188422724,True,47890060730248079154410960106868188422724,1.0,bench/results/deepseek-flash-think-high@128k#A3.jsonl,57179af0cd2f8ca02845fe9a4429bbb006631eeed12424e1fb039292c4bbe306,99,,think-high@128k#A3
deepseek_high,DeepSeek V4.1 Flash high,tool-free,trifference-f9a51728af9d,trifference,"{""m"": 1, ""n"": 64, ""representation"": ""certified""}",construction,19683,False,0,0.0,bench/results/deepseek-flash-think-high@128k#T1.jsonl,83077f81f334e149fd4f23a9502c549482eb01a54f395bdd0734d0c3f8259f5a,1,,think-high@128k#T1
deepseek_high,DeepSeek V4.1 Flash high,tool-free,trifference-0809543b57d9,trifference,"{""m"": 1, ""n"": 96, ""representation"": ""certified""}",construction,531441,True,531441,1.0,bench/results/deepseek-flash-think-high@128k#T2.jsonl,e69663b64849d9a843cc79d3e1e06eb8103b7304ad4b2245f19c64e8537f9b13,1,,think-high@128k#T2
deepseek_high,DeepSeek V4.1 Flash high,tool-free,trifference-144e830d3cd7,trifference,"{""m"": 1, ""n"": 144, ""representation"": ""certified""}",construction,387420489,False,0,0.0,bench/results/deepseek-flash-think-high@128k#T3.jsonl,71c8ec0b184938d97271392ebc28f5390fbb4ab7bc512c7fdbdd6f56da21496d,1,,think-high@128k#T3
deepseek_high,DeepSeek V4.1 Flash high,tool-free,trifference-2878b90f82e4,trifference,"{""m"": 1, ""n"": 192, ""representation"": ""certified""}",construction,10460353203,False,0,0.0,bench/results/deepseek-flash-think-high@128k#T4.jsonl,01fe50e6a670dbc9853d4e8e8a9d2f508b0c73e29303d8ad82e0be9d56a24536,1,,think-high@128k#T4
fable,Claude Fable 5.1 medium,tool-free,capset-e561943a0230,capset,"{""d"": 10}",published,2432,True,1620,0.6661184210526315,bench/results/claude-fable-5-1-headless-medium@128k#A3.jsonl,f8bc86d142439a8c7c26bccf5c2c46c09271bb48ed0a2fe1948da64c3bac77f9,2,,headless-medium@128k#A3
fable,Claude Fable 5.1 medium,tool-free,capset-fb287354fb10,capset,"{""d"": 11}",published,5504,False,0,0.0,bench/results/claude-fable-5-1-headless-medium@128k#A3.jsonl,f8bc86d142439a8c7c26bccf5c2c46c09271bb48ed0a2fe1948da64c3bac77f9,15,,headless-medium@128k#A3
fable,Claude Fable 5.1 medium,tool-free,labs-8e3bca55269d,labs,"{""N"": 280}",construction,5.577689243027889,True,5.174234424498416,0.9276663146779303,bench/results/claude-fable-5-1-headless-medium@128k#A3.jsonl,f8bc86d142439a8c7c26bccf5c2c46c09271bb48ed0a2fe1948da64c3bac77f9,5,,headless-medium@128k#A3
fable,Claude Fable 5.1 medium,tool-free,labs-0b0c9e75a95d,labs,"{""N"": 375}",construction,5.919058843336981,True,5.919058843336981,1.0,bench/results/claude-fable-5-1-headless-medium@128k#A3.jsonl,f8bc86d142439a8c7c26bccf5c2c46c09271bb48ed0a2fe1948da64c3bac77f9,6,,headless-medium@128k#A3
fable,Claude Fable 5.1 medium,tool-free,labs-69bcd35b5eda,labs,"{""N"": 357}",construction,5.862419503219871,True,5.84735731326849,0.9974307212332538,bench/results/claude-fable-5-1-headless-medium@128k#A3.jsonl,f8bc86d142439a8c7c26bccf5c2c46c09271bb48ed0a2fe1948da64c3bac77f9,7,,headless-medium@128k#A3
fable,Claude Fable 5.1 medium,tool-free,labs-112648954874,labs,"{""N"": 281}",construction,5.65299255441008,True,5.592138810198301,0.9892351274787536,bench/results/claude-fable-5-1-headless-medium@128k#A3.jsonl,f8bc86d142439a8c7c26bccf5c2c46c09271bb48ed0a2fe1948da64c3bac77f9,51,,headless-medium@128k#A3
fable,Claude Fable 5.1 medium,tool-free,labs-824c59888322,labs,"{""N"": 240}",construction,5.858421480878763,True,5.858421480878763,1.0,bench/results/claude-fable-5-1-headless-medium@128k#A3.jsonl,f8bc86d142439a8c7c26bccf5c2c46c09271bb48ed0a2fe1948da64c3bac77f9,65,,headless-medium@128k#A3
fable,Claude Fable 5.1 medium,tool-free,heilbronn-c4d41ce5a93d,heilbronn,"{""n"": 46}",construction,0.00047375,True,0.00022472,0.47434300791556727,bench/results/claude-fable-5-1-headless-medium@128k#A3.jsonl,f8bc86d142439a8c7c26bccf5c2c46c09271bb48ed0a2fe1948da64c3bac77f9,8,,headless-medium@128k#A3
fable,Claude Fable 5.1 medium,tool-free,heilbronn-0c621382b805,heilbronn,"{""n"": 26}",construction,0.002620975,True,0.00480596,1.8336535068056732,bench/results/claude-fable-5-1-headless-medium@128k#A3.jsonl,f8bc86d142439a8c7c26bccf5c2c46c09271bb48ed0a2fe1948da64c3bac77f9,12,,headless-medium@128k#A3
fable,Claude Fable 5.1 medium,tool-free,heilbronn-a5c5c8aa2e3f,heilbronn,"{""n"": 40}",construction,0.0006907,True,0.00031872,0.4614449109598957,bench/results/claude-fable-5-1-headless-medium@128k#A3.jsonl,f8bc86d142439a8c7c26bccf5c2c46c09271bb48ed0a2fe1948da64c3bac77f9,10,,headless-medium@128k#A3
fable,Claude Fable 5.1 medium,tool-free,heilbronn-d9588eea537f,heilbronn,"{""n"": 50}",construction,0.0002857,True,0.00017672,0.6185509275463773,bench/results/claude-fable-5-1-headless-medium@128k#A3.jsonl,f8bc86d142439a8c7c26bccf5c2c46c09271bb48ed0a2fe1948da64c3bac77f9,50,,headless-medium@128k#A3
fable,Claude Fable 5.1 medium,tool-free,heilbronn-ce0964a3b547,heilbronn,"{""n"": 48}",construction,0.00037548,True,0.00020352,0.5420262064557367,bench/results/claude-fable-5-1-headless-medium@128k#A3.jsonl,f8bc86d142439a8c7c26bccf5c2c46c09271bb48ed0a2fe1948da64c3bac77f9,66,,headless-medium@128k#A3
fable,Claude Fable 5.1 medium,tool-free,kissing-7c7466431087,kissing,"{""d"": 14}",published,1932,True,1260,0.6521739130434783,bench/results/claude-fable-5-1-headless-medium@128k#A3.jsonl,f8bc86d142439a8c7c26bccf5c2c46c09271bb48ed0a2fe1948da64c3bac77f9,11,,headless-medium@128k#A3
fable,Claude Fable 5.1 medium,tool-free,kissing-0e2702baa0cb,kissing,"{""d"": 15}",published,2564,True,2340,0.9126365054602185,bench/results/claude-fable-5-1-headless-medium@128k#A3.jsonl,f8bc86d142439a8c7c26bccf5c2c46c09271bb48ed0a2fe1948da64c3bac77f9,19,,headless-medium@128k#A3
fable,Claude Fable 5.1 medium,tool-free,corners-5c0a651526bb,corners,"{""n"": 138}",construction,3120,True,3120,1.0,bench/results/claude-fable-5-1-headless-medium@128k#A3.jsonl,f8bc86d142439a8c7c26bccf5c2c46c09271bb48ed0a2fe1948da64c3bac77f9,14,,headless-medium@128k#A3
fable,Claude Fable 5.1 medium,tool-free,corners-df38f45e8b38,corners,"{""n"": 183}",construction,4698,True,4560,0.9706257982120051,bench/results/claude-fable-5-1-headless-medium@128k#A3.jsonl,f8bc86d142439a8c7c26bccf5c2c46c09271bb48ed0a2fe1948da64c3bac77f9,16,,headless-medium@128k#A3
fable,Claude Fable 5.1 medium,tool-free,corners-dce415bc82c9,corners,"{""n"": 150}",construction,3504,True,3558,1.0154109589041096,bench/results/claude-fable-5-1-headless-medium@128k#A3.jsonl,f8bc86d142439a8c7c26bccf5c2c46c09271bb48ed0a2fe1948da64c3bac77f9,21,,headless-medium@128k#A3
fable,Claude Fable 5.1 medium,tool-free,corners-299b1caf450c,corners,"{""n"": 162}",construction,3888,True,3888,1.0,bench/results/claude-fable-5-1-headless-medium@128k#A3.jsonl,f8bc86d142439a8c7c26bccf5c2c46c09271bb48ed0a2fe1948da64c3bac77f9,52,,headless-medium@128k#A3
fable,Claude Fable 5.1 medium,tool-free,corners-b92c953c9648,corners,"{""n"": 185}",construction,4786,True,4632,0.9678228165482657,bench/results/claude-fable-5-1-headless-medium@128k#A3.jsonl,f8bc86d142439a8c7c26bccf5c2c46c09271bb48ed0a2fe1948da64c3bac77f9,68,,headless-medium@128k#A3
fable,Claude Fable 5.1 medium,tool-free,kissing_theta-48ea4a32bea2,kissing_theta,"{""cos100"": 24, ""d"": 12}",construction,28,True,48,1.7142857142857142,bench/results/claude-fable-5-1-headless-medium@128k#A3.jsonl,f8bc86d142439a8c7c26bccf5c2c46c09271bb48ed0a2fe1948da64c3bac77f9,22,,headless-medium@128k#A3
fable,Claude Fable 5.1 medium,tool-free,kissing_theta-88cc99fc7fbd,kissing_theta,"{""cos100"": 39, ""d"": 12}",construction,152,True,160,1.0526315789473684,bench/results/claude-fable-5-1-headless-medium@128k#A3.jsonl,f8bc86d142439a8c7c26bccf5c2c46c09271bb48ed0a2fe1948da64c3bac77f9,24,,headless-medium@128k#A3
fable,Claude Fable 5.1 medium,tool-free,kissing_theta-18c29aeaf14f,kissing_theta,"{""cos100"": 36, ""d"": 14}",construction,124,True,224,1.8064516129032258,bench/results/claude-fable-5-1-headless-medium@128k#A3.jsonl,f8bc86d142439a8c7c26bccf5c2c46c09271bb48ed0a2fe1948da64c3bac77f9,23,,headless-medium@128k#A3
fable,Claude Fable 5.1 medium,tool-free,kissing_theta-6cdc8634ec21,kissing_theta,"{""cos100"": 39, ""d"": 14}",construction,132,True,258,1.9545454545454546,bench/results/claude-fable-5-1-headless-medium@128k#A3.jsonl,f8bc86d142439a8c7c26bccf5c2c46c09271bb48ed0a2fe1948da64c3bac77f9,63,,headless-medium@128k#A3
fable,Claude Fable 5.1 medium,tool-free,kissing_theta-5c1803b86d2d,kissing_theta,"{""cos100"": 36, ""d"": 12}",construction,152,True,160,1.0526315789473684,bench/results/claude-fable-5-1-headless-medium@128k#A3.jsonl,f8bc86d142439a8c7c26bccf5c2c46c09271bb48ed0a2fe1948da64c3bac77f9,71,,headless-medium@128k#A3
fable,Claude Fable 5.1 medium,tool-free,heilbronn_shape-170f6064b3d7,heilbronn_shape,"{""T"": [[9026, 8197], [1769, 9178], [7298, 1276]], ""n"": 32}",construction,0.0014884960025223,False,0,0.0,bench/results/claude-fable-5-1-headless-medium@128k#A3.jsonl,f8bc86d142439a8c7c26bccf5c2c46c09271bb48ed0a2fe1948da64c3bac77f9,38,,headless-medium@128k#A3
fable,Claude Fable 5.1 medium,tool-free,heilbronn_shape-0cef36bc9728,heilbronn_shape,"{""T"": [[578, 9933], [8598, 7337], [2075, 588]], ""n"": 34}",construction,0.0010042824240598402,True,0.0,0.0,bench/results/claude-fable-5-1-headless-medium@128k#A3.jsonl,f8bc86d142439a8c7c26bccf5c2c46c09271bb48ed0a2fe1948da64c3bac77f9,25,,headless-medium@128k#A3
fable,Claude Fable 5.1 medium,tool-free,heilbronn_shape-0e86da8665f2,heilbronn_shape,"{""T"": [[411, 7999], [9004, 9890], [3031, 713]], ""n"": 31}",construction,0.0016863811501138092,False,0,0.0,bench/results/claude-fable-5-1-headless-medium@128k#A3.jsonl,f8bc86d142439a8c7c26bccf5c2c46c09271bb48ed0a2fe1948da64c3bac77f9,42,,headless-medium@128k#A3
fable,Claude Fable 5.1 medium,tool-free,heilbronn_shape-4efe4b6d2f48,heilbronn_shape,"{""T"": [[7922, 8793], [9917, 1548], [1510, 3942]], ""n"": 40}",construction,0.0005937004438679532,True,0.00014750764193802594,0.24845466002520555,bench/results/claude-fable-5-1-headless-medium@128k#A3.jsonl,f8bc86d142439a8c7c26bccf5c2c46c09271bb48ed0a2fe1948da64c3bac77f9,56,,headless-medium@128k#A3
fable,Claude Fable 5.1 medium,tool-free,heilbronn_shape-7654620d3ab8,heilbronn_shape,"{""T"": [[526, 8526], [8696, 8279], [8084, 1688]], ""n"": 26}",construction,0.003982656623191187,False,0,0.0,bench/results/claude-fable-5-1-headless-medium@128k#A3.jsonl,f8bc86d142439a8c7c26bccf5c2c46c09271bb48ed0a2fe1948da64c3bac77f9,78,,headless-medium@128k#A3
fable,Claude Fable 5.1 medium,tool-free,matmul-ffd9b6a99452,matmul,"{""m"": 4, ""n"": 4, ""p"": 5}",published,61,True,65,0.9384615384615385,bench/results/claude-fable-5-1-headless-medium@128k#A3.jsonl,f8bc86d142439a8c7c26bccf5c2c46c09271bb48ed0a2fe1948da64c3bac77f9,27,,headless-medium@128k#A3
fable,Claude Fable 5.1 medium,tool-free,matmul-7c87a93e97c3,matmul,"{""m"": 5, ""n"": 5, ""p"": 5}",published,93,True,110,0.8454545454545455,bench/results/claude-fable-5-1-headless-medium@128k#A3.jsonl,f8bc86d142439a8c7c26bccf5c2c46c09271bb48ed0a2fe1948da64c3bac77f9,73,,headless-medium@128k#A3
fable,Claude Fable 5.1 medium,tool-free,degdiam-698a36ec659c,degdiam,"{""d"": 4, ""k"": 5}",published,364,True,61,0.16758241758241757,bench/results/claude-fable-5-1-headless-medium@128k#A3.jsonl,f8bc86d142439a8c7c26bccf5c2c46c09271bb48ed0a2fe1948da64c3bac77f9,32,,headless-medium@128k#A3
fable,Claude Fable 5.1 medium,tool-free,degdiam-550afae4f1d9,degdiam,"{""d"": 7, ""k"": 3}",published,168,True,44,0.2619047619047619,bench/results/claude-fable-5-1-headless-medium@128k#A3.jsonl,f8bc86d142439a8c7c26bccf5c2c46c09271bb48ed0a2fe1948da64c3bac77f9,34,,headless-medium@128k#A3
fable,Claude Fable 5.1 medium,tool-free,degdiam-1bb88a3f7ec5,degdiam,"{""d"": 4, ""k"": 4}",published,104,True,41,0.3942307692307692,bench/results/claude-fable-5-1-headless-medium@128k#A3.jsonl,f8bc86d142439a8c7c26bccf5c2c46c09271bb48ed0a2fe1948da64c3bac77f9,58,,headless-medium@128k#A3
fable,Claude Fable 5.1 medium,tool-free,degdiam-69fe33ce30ae,degdiam,"{""d"": 3, ""k"": 7}",published,196,True,122,0.6224489795918368,bench/results/claude-fable-5-1-headless-medium@128k#A3.jsonl,f8bc86d142439a8c7c26bccf5c2c46c09271bb48ed0a2fe1948da64c3bac77f9,75,,headless-medium@128k#A3
fable,Claude Fable 5.1 medium,tool-free,lineq-dbd7ed2a31a1,lineq,"{""a"": 3, ""b"": 4, ""n"": 19044}",construction,630,True,640,1.0158730158730158,bench/results/claude-fable-5-1-headless-medium@128k#A3.jsonl,f8bc86d142439a8c7c26bccf5c2c46c09271bb48ed0a2fe1948da64c3bac77f9,28,,headless-medium@128k#A3
fable,Claude Fable 5.1 medium,tool-free,lineq-8e24e186040f,lineq,"{""a"": 2, ""b"": 5, ""n"": 18883}",construction,609,True,896,1.471264367816092,bench/results/claude-fable-5-1-headless-medium@128k#A3.jsonl,f8bc86d142439a8c7c26bccf5c2c46c09271bb48ed0a2fe1948da64c3bac77f9,37,,headless-medium@128k#A3
fable,Claude Fable 5.1 medium,tool-free,lineq-9920caf37ad6,lineq,"{""a"": 2, ""b"": 3, ""n"": 17965}",construction,523,True,400,0.7648183556405354,bench/results/claude-fable-5-1-headless-medium@128k#A3.jsonl,f8bc86d142439a8c7c26bccf5c2c46c09271bb48ed0a2fe1948da64c3bac77f9,35,,headless-medium@128k#A3
fable,Claude Fable 5.1 medium,tool-free,lineq-3e1492fbf38e,lineq,"{""a"": 3, ""b"": 4, ""n"": 13312}",construction,512,False,0,0.0,bench/results/claude-fable-5-1-headless-medium@128k#A3.jsonl,f8bc86d142439a8c7c26bccf5c2c46c09271bb48ed0a2fe1948da64c3bac77f9,64,,headless-medium@128k#A3
fable,Claude Fable 5.1 medium,tool-free,lineq-4cf345605795,lineq,"{""a"": 3, ""b"": 4, ""n"": 6248}",construction,349,True,368,1.0544412607449856,bench/results/claude-fable-5-1-headless-medium@128k#A3.jsonl,f8bc86d142439a8c7c26bccf5c2c46c09271bb48ed0a2fe1948da64c3bac77f9,80,,headless-medium@128k#A3
fable,Claude Fable 5.1 medium,tool-free,apfree_q-01c7215e28dc,apfree_q,"{""n"": 6, ""q"": 5}",published,649,True,240,0.3697996918335901,bench/results/claude-fable-5-1-headless-medium@128k#A3.jsonl,f8bc86d142439a8c7c26bccf5c2c46c09271bb48ed0a2fe1948da64c3bac77f9,43,,headless-medium@128k#A3
fable,Claude Fable 5.1 medium,tool-free,apfree_q-ea15a8323290,apfree_q,"{""n"": 5, ""q"": 5}",published,194,True,150,0.7731958762886598,bench/results/claude-fable-5-1-headless-medium@128k#A3.jsonl,f8bc86d142439a8c7c26bccf5c2c46c09271bb48ed0a2fe1948da64c3bac77f9,46,,headless-medium@128k#A3
fable,Claude Fable 5.1 medium,tool-free,mols-9f35e847148f,mols,"{""n"": 14}",published,4,True,2,0.5,bench/results/claude-fable-5-1-headless-medium@128k#A3.jsonl,f8bc86d142439a8c7c26bccf5c2c46c09271bb48ed0a2fe1948da64c3bac77f9,44,,headless-medium@128k#A3
fable,Claude Fable 5.1 medium,tool-free,mols-7c78ac4f7920,mols,"{""n"": 10}",published,2,True,2,1.0,bench/results/claude-fable-5-1-headless-medium@128k#A3.jsonl,f8bc86d142439a8c7c26bccf5c2c46c09271bb48ed0a2fe1948da64c3bac77f9,47,,headless-medium@128k#A3
fable,Claude Fable 5.1 medium,tool-free,mols-934e5656a894,mols,"{""n"": 18}",published,5,False,0,0.0,bench/results/claude-fable-5-1-headless-medium@128k#A3.jsonl,f8bc86d142439a8c7c26bccf5c2c46c09271bb48ed0a2fe1948da64c3bac77f9,48,,headless-medium@128k#A3
fable,Claude Fable 5.1 medium,tool-free,capset-253c1b38c406,capset,"{""d"": 9}",published,1082,True,800,0.7393715341959335,bench/results/claude-fable-5-1-headless-medium@128k#A3.jsonl,f8bc86d142439a8c7c26bccf5c2c46c09271bb48ed0a2fe1948da64c3bac77f9,82,,headless-medium@128k#A3
fable,Claude Fable 5.1 medium,tool-free,kissing-a4c5596cf65f,kissing,"{""d"": 13, ""representation"": ""quadratic""}",published,1154,False,0,0.0,bench/results/claude-fable-5-1-headless-medium@128k.kissing-q3.once#A3.jsonl,f18db6df68d656ffce9adadb59ecca6d2bd7b90ad2ca681fa65c9e99dec273c4,1,,headless-medium@128k.kissing-q3.once#A3
fable,Claude Fable 5.1 medium,tool-free,matmul-857618e58878,matmul,"{""m"": 5, ""n"": 4, ""p"": 5}",published,76,True,85,0.8941176470588236,bench/results/claude-fable-5-1-headless-medium@128k#A3.jsonl,f8bc86d142439a8c7c26bccf5c2c46c09271bb48ed0a2fe1948da64c3bac77f9,85,,headless-medium@128k#A3
fable,Claude Fable 5.1 medium,tool-free,degdiam-b8f67d96ee68,degdiam,"{""d"": 6, ""k"": 3}",published,111,True,55,0.4954954954954955,bench/results/claude-fable-5-1-headless-medium@128k#A3.jsonl,f8bc86d142439a8c7c26bccf5c2c46c09271bb48ed0a2fe1948da64c3bac77f9,84,,headless-medium@128k#A3
fable,Claude Fable 5.1 medium,tool-free,degdiam-708cd938b766,degdiam,"{""d"": 5, ""k"": 4}",published,212,True,64,0.3018867924528302,bench/results/claude-fable-5-1-headless-medium@128k#A3.jsonl,f8bc86d142439a8c7c26bccf5c2c46c09271bb48ed0a2fe1948da64c3bac77f9,86,,headless-medium@128k#A3
fable,Claude Fable 5.1 medium,tool-free,degdiam-71d28a377ba1,degdiam,"{""d"": 3, ""k"": 6}",published,132,True,126,0.9545454545454546,bench/results/claude-fable-5-1-headless-medium@128k#A3.jsonl,f8bc86d142439a8c7c26bccf5c2c46c09271bb48ed0a2fe1948da64c3bac77f9,87,,headless-medium@128k#A3
fable,Claude Fable 5.1 medium,tool-free,apfree_q-84ab372c1270,apfree_q,"{""n"": 4, ""q"": 7}",construction,103,True,100,0.970873786407767,bench/results/claude-fable-5-1-headless-medium@128k#A3.jsonl,f8bc86d142439a8c7c26bccf5c2c46c09271bb48ed0a2fe1948da64c3bac77f9,81,,headless-medium@128k#A3
fable,Claude Fable 5.1 medium,tool-free,mols-dfb4c3a55793,mols,"{""n"": 15}",published,4,True,2,0.5,bench/results/claude-fable-5-1-headless-medium@128k#A3.jsonl,f8bc86d142439a8c7c26bccf5c2c46c09271bb48ed0a2fe1948da64c3bac77f9,92,,headless-medium@128k#A3
fable,Claude Fable 5.1 medium,tool-free,mols-5e98497ace6a,mols,"{""n"": 12}",published,5,True,2,0.4,bench/results/claude-fable-5-1-headless-medium@128k#A3.jsonl,f8bc86d142439a8c7c26bccf5c2c46c09271bb48ed0a2fe1948da64c3bac77f9,88,,headless-medium@128k#A3
fable,Claude Fable 5.1 medium,tool-free,mols-0e29c62754e2,mols,"{""n"": 20}",published,4,True,3,0.75,bench/results/claude-fable-5-1-headless-medium@128k#A3.jsonl,f8bc86d142439a8c7c26bccf5c2c46c09271bb48ed0a2fe1948da64c3bac77f9,89,,headless-medium@128k#A3
fable,Claude Fable 5.1 medium,tool-free,schur-133b39146db2,schur,"{""k"": 7}",published,1696,True,1093,0.6444575471698113,bench/results/claude-fable-5-1-headless-medium@128k#A3.jsonl,f8bc86d142439a8c7c26bccf5c2c46c09271bb48ed0a2fe1948da64c3bac77f9,90,,headless-medium@128k#A3
fable,Claude Fable 5.1 medium,tool-free,schur-4f4fcef4287a,schur,"{""k"": 6}",published,536,True,400,0.746268656716418,bench/results/claude-fable-5-1-headless-medium@128k#A3.jsonl,f8bc86d142439a8c7c26bccf5c2c46c09271bb48ed0a2fe1948da64c3bac77f9,91,,headless-medium@128k#A3
fable,Claude Fable 5.1 medium,tool-free,schur-16d4130a2932,schur,"{""k"": 8}",published,5362,True,3604,0.6721372622155912,bench/results/claude-fable-5-1-headless-medium@128k#A3.jsonl,f8bc86d142439a8c7c26bccf5c2c46c09271bb48ed0a2fe1948da64c3bac77f9,93,,headless-medium@128k#A3
fable,Claude Fable 5.1 medium,tool-free,covering-96b61f7899e7,covering,"{""k"": 7, ""t"": 4, ""v"": 18}",published,126,True,180,0.7,bench/results/claude-fable-5-1-headless-medium@128k#A3.jsonl,f8bc86d142439a8c7c26bccf5c2c46c09271bb48ed0a2fe1948da64c3bac77f9,94,,headless-medium@128k#A3
fable,Claude Fable 5.1 medium,tool-free,covering-551581f999ca,covering,"{""k"": 6, ""t"": 3, ""v"": 30}",published,225,True,260,0.8653846153846154,bench/results/claude-fable-5-1-headless-medium@128k#A3.jsonl,f8bc86d142439a8c7c26bccf5c2c46c09271bb48ed0a2fe1948da64c3bac77f9,96,,headless-medium@128k#A3
fable,Claude Fable 5.1 medium,tool-free,covering-e208a41ac8b5,covering,"{""k"": 6, ""t"": 3, ""v"": 24}",published,116,True,124,0.9354838709677419,bench/results/claude-fable-5-1-headless-medium@128k#A3.jsonl,f8bc86d142439a8c7c26bccf5c2c46c09271bb48ed0a2fe1948da64c3bac77f9,95,,headless-medium@128k#A3
fable,Claude Fable 5.1 medium,tool-free,shannon-4d7467466a4c,shannon,"{""d"": 24, ""q"": 7}",construction,1941100559147,False,0,0.0,bench/results/claude-fable-5-1-headless-medium@128k#A3.jsonl,f8bc86d142439a8c7c26bccf5c2c46c09271bb48ed0a2fe1948da64c3bac77f9,97,,headless-medium@128k#A3
fable,Claude Fable 5.1 medium,tool-free,shannon-dbd709082fa3,shannon,"{""d"": 40, ""q"": 7}",construction,329100478707380211841,False,0,0.0,bench/results/claude-fable-5-1-headless-medium@128k#A3.jsonl,f8bc86d142439a8c7c26bccf5c2c46c09271bb48ed0a2fe1948da64c3bac77f9,98,,headless-medium@128k#A3
fable,Claude Fable 5.1 medium,tool-free,shannon-3ba3fb861c12,shannon,"{""d"": 48, ""q"": 9}",construction,3433683820292512484657849089281,False,0,0.0,bench/results/claude-fable-5-1-headless-medium@128k#A3.jsonl,f8bc86d142439a8c7c26bccf5c2c46c09271bb48ed0a2fe1948da64c3bac77f9,99,,headless-medium@128k#A3
fable,Claude Fable 5.1 medium,tool-free,shannon-feb50364a0a8,shannon,"{""d"": 64, ""q"": 9}",construction,47890060730248079154410960106868188422724,True,47890060730248079154410960106868188422724,1.0,bench/results/claude-fable-5-1-headless-medium@128k#A3.jsonl,f8bc86d142439a8c7c26bccf5c2c46c09271bb48ed0a2fe1948da64c3bac77f9,100,,headless-medium@128k#A3
fable,Claude Fable 5.1 medium,tool-free,trifference-f9a51728af9d,trifference,"{""m"": 1, ""n"": 64, ""representation"": ""certified""}",construction,19683,True,19683,1.0,bench/results/claude-fable-5-1-headless-medium@128k#T1.jsonl,6e76a78e35cef69db6b48038383d014406234c523daea77baaedc0afcf4b1eb9,1,,headless-medium@128k#T1
fable,Claude Fable 5.1 medium,tool-free,trifference-0809543b57d9,trifference,"{""m"": 1, ""n"": 96, ""representation"": ""certified""}",construction,531441,True,531441,1.0,bench/results/claude-fable-5-1-headless-medium@128k#T2.jsonl,fa8fcc00bb46428ba880011220f9302efa03efe70eaedf719f187cd6998bf3bd,1,,headless-medium@128k#T2
fable,Claude Fable 5.1 medium,tool-free,trifference-144e830d3cd7,trifference,"{""m"": 1, ""n"": 144, ""representation"": ""certified""}",construction,387420489,True,387420489,1.0,bench/results/claude-fable-5-1-headless-medium@128k#T3.jsonl,f6d58af48fb2179a90fbdae8e41e1fdb0d881f6f30684e9d76c7724e761d8780,1,,headless-medium@128k#T3
fable,Claude Fable 5.1 medium,tool-free,trifference-2878b90f82e4,trifference,"{""m"": 1, ""n"": 192, ""representation"": ""certified""}",construction,10460353203,True,10460353203,1.0,bench/results/claude-fable-5-1-headless-medium@128k#T4.jsonl,552a9557cfa449c246d459637fa09433a2250587663943721e6da927f1fa689f,1,,headless-medium@128k#T4
fable_high,Claude Fable 5.1 high,tool-free,capset-e561943a0230,capset,"{""d"": 10}",published,2432,True,2240,0.9210526315789473,bench/results/claude-fable-5-1-headless-high@128k.frozen69#A3.jsonl,88ed1fd4256163151a44b220195abb1be43c163e33d95317749fc0be51e54524,2,,headless-high@128k.frozen69#A3
fable_high,Claude Fable 5.1 high,tool-free,capset-fb287354fb10,capset,"{""d"": 11}",published,5504,True,5040,0.9156976744186046,bench/results/claude-fable-5-1-headless-high@128k.frozen69#A3.jsonl,88ed1fd4256163151a44b220195abb1be43c163e33d95317749fc0be51e54524,3,,headless-high@128k.frozen69#A3
fable_high,Claude Fable 5.1 high,tool-free,labs-8e3bca55269d,labs,"{""N"": 280}",construction,5.577689243027889,True,5.496354458777342,0.9854178351093662,bench/results/claude-fable-5-1-headless-high@128k.frozen69#A3.jsonl,88ed1fd4256163151a44b220195abb1be43c163e33d95317749fc0be51e54524,4,,headless-high@128k.frozen69#A3
fable_high,Claude Fable 5.1 high,tool-free,labs-0b0c9e75a95d,labs,"{""N"": 375}",construction,5.919058843336981,True,5.105838355965434,0.8626098322561905,bench/results/claude-fable-5-1-headless-high@128k.frozen69#A3.jsonl,88ed1fd4256163151a44b220195abb1be43c163e33d95317749fc0be51e54524,5,,headless-high@128k.frozen69#A3
fable_high,Claude Fable 5.1 high,tool-free,labs-69bcd35b5eda,labs,"{""N"": 357}",construction,5.862419503219871,True,5.662386706948641,0.9658787986493691,bench/results/claude-fable-5-1-headless-high@128k.frozen69#A3.jsonl,88ed1fd4256163151a44b220195abb1be43c163e33d95317749fc0be51e54524,1,,headless-high@128k.frozen69#A3
fable_high,Claude Fable 5.1 high,tool-free,labs-112648954874,labs,"{""N"": 281}",construction,5.65299255441008,True,5.592138810198301,0.9892351274787536,bench/results/claude-fable-5-1-headless-high@128k.frozen69#A3.jsonl,88ed1fd4256163151a44b220195abb1be43c163e33d95317749fc0be51e54524,6,,headless-high@128k.frozen69#A3
fable_high,Claude Fable 5.1 high,tool-free,labs-824c59888322,labs,"{""N"": 240}",construction,5.858421480878763,True,5.458680818802123,0.9317664897649736,bench/results/claude-fable-5-1-headless-high@128k.frozen69#A3.jsonl,88ed1fd4256163151a44b220195abb1be43c163e33d95317749fc0be51e54524,7,,headless-high@128k.frozen69#A3
fable_high,Claude Fable 5.1 high,tool-free,heilbronn-c4d41ce5a93d,heilbronn,"{""n"": 46}",construction,0.00047375,True,0.00055161,1.1643482849604223,bench/results/claude-fable-5-1-headless-high@128k.frozen69#A3.jsonl,88ed1fd4256163151a44b220195abb1be43c163e33d95317749fc0be51e54524,8,,headless-high@128k.frozen69#A3
fable_high,Claude Fable 5.1 high,tool-free,heilbronn-0c621382b805,heilbronn,"{""n"": 26}",construction,0.002620975,False,0,0.0,bench/results/claude-fable-5-1-headless-high@128k.frozen69#A3.jsonl,88ed1fd4256163151a44b220195abb1be43c163e33d95317749fc0be51e54524,9,,headless-high@128k.frozen69#A3
fable_high,Claude Fable 5.1 high,tool-free,heilbronn-a5c5c8aa2e3f,heilbronn,"{""n"": 40}",construction,0.0006907,False,0,0.0,bench/results/claude-fable-5-1-headless-high@128k.frozen69#A3.jsonl,88ed1fd4256163151a44b220195abb1be43c163e33d95317749fc0be51e54524,10,,headless-high@128k.frozen69#A3
fable_high,Claude Fable 5.1 high,tool-free,heilbronn-d9588eea537f,heilbronn,"{""n"": 50}",construction,0.0002857,True,0.00019584,0.6854742737136856,bench/results/claude-fable-5-1-headless-high@128k.frozen69#A3.jsonl,88ed1fd4256163151a44b220195abb1be43c163e33d95317749fc0be51e54524,11,,headless-high@128k.frozen69#A3
fable_high,Claude Fable 5.1 high,tool-free,heilbronn-ce0964a3b547,heilbronn,"{""n"": 48}",construction,0.00037548,True,0.00041664,1.109619686800895,bench/results/claude-fable-5-1-headless-high@128k.frozen69#A3.jsonl,88ed1fd4256163151a44b220195abb1be43c163e33d95317749fc0be51e54524,12,,headless-high@128k.frozen69#A3
fable_high,Claude Fable 5.1 high,tool-free,kissing-7c7466431087,kissing,"{""d"": 14}",published,1932,False,0,0.0,bench/results/claude-fable-5-1-headless-high@128k.frozen69#A3.jsonl,88ed1fd4256163151a44b220195abb1be43c163e33d95317749fc0be51e54524,13,,headless-high@128k.frozen69#A3
fable_high,Claude Fable 5.1 high,tool-free,kissing-0e2702baa0cb,kissing,"{""d"": 15}",published,2564,True,1710,0.6669266770670826,bench/results/claude-fable-5-1-headless-high@128k.frozen69#A3.jsonl,88ed1fd4256163151a44b220195abb1be43c163e33d95317749fc0be51e54524,14,,headless-high@128k.frozen69#A3
fable_high,Claude Fable 5.1 high,tool-free,corners-5c0a651526bb,corners,"{""n"": 138}",construction,3120,False,0,0.0,bench/results/claude-fable-5-1-headless-high@128k.frozen69#A3.jsonl,88ed1fd4256163151a44b220195abb1be43c163e33d95317749fc0be51e54524,15,,headless-high@128k.frozen69#A3
fable_high,Claude Fable 5.1 high,tool-free,corners-df38f45e8b38,corners,"{""n"": 183}",construction,4698,False,0,0.0,bench/results/claude-fable-5-1-headless-high@128k.frozen69#A3.jsonl,88ed1fd4256163151a44b220195abb1be43c163e33d95317749fc0be51e54524,16,,headless-high@128k.frozen69#A3
fable_high,Claude Fable 5.1 high,tool-free,corners-dce415bc82c9,corners,"{""n"": 150}",construction,3504,False,0,0.0,bench/results/claude-fable-5-1-headless-high@128k.frozen69#A3.jsonl,88ed1fd4256163151a44b220195abb1be43c163e33d95317749fc0be51e54524,17,,headless-high@128k.frozen69#A3
fable_high,Claude Fable 5.1 high,tool-free,corners-299b1caf450c,corners,"{""n"": 162}",construction,3888,False,0,0.0,bench/results/claude-fable-5-1-headless-high@128k.frozen69#A3.jsonl,88ed1fd4256163151a44b220195abb1be43c163e33d95317749fc0be51e54524,18,,headless-high@128k.frozen69#A3
fable_high,Claude Fable 5.1 high,tool-free,corners-b92c953c9648,corners,"{""n"": 185}",construction,4786,False,0,0.0,bench/results/claude-fable-5-1-headless-high@128k.frozen69#A3.jsonl,88ed1fd4256163151a44b220195abb1be43c163e33d95317749fc0be51e54524,19,,headless-high@128k.frozen69#A3
fable_high,Claude Fable 5.1 high,tool-free,kissing_theta-48ea4a32bea2,kissing_theta,"{""cos100"": 24, ""d"": 12}",construction,28,False,0,0.0,bench/results/claude-fable-5-1-headless-high@128k.frozen69#A3.jsonl,88ed1fd4256163151a44b220195abb1be43c163e33d95317749fc0be51e54524,20,,headless-high@128k.frozen69#A3
fable_high,Claude Fable 5.1 high,tool-free,kissing_theta-88cc99fc7fbd,kissing_theta,"{""cos100"": 39, ""d"": 12}",construction,152,False,0,0.0,bench/results/claude-fable-5-1-headless-high@128k.frozen69#A3.jsonl,88ed1fd4256163151a44b220195abb1be43c163e33d95317749fc0be51e54524,21,,headless-high@128k.frozen69#A3
fable_high,Claude Fable 5.1 high,tool-free,kissing_theta-18c29aeaf14f,kissing_theta,"{""cos100"": 36, ""d"": 14}",construction,124,False,0,0.0,bench/results/claude-fable-5-1-headless-high@128k.frozen69#A3.jsonl,88ed1fd4256163151a44b220195abb1be43c163e33d95317749fc0be51e54524,22,,headless-high@128k.frozen69#A3
fable_high,Claude Fable 5.1 high,tool-free,kissing_theta-6cdc8634ec21,kissing_theta,"{""cos100"": 39, ""d"": 14}",construction,132,False,0,0.0,bench/results/claude-fable-5-1-headless-high@128k.frozen69#A3.jsonl,88ed1fd4256163151a44b220195abb1be43c163e33d95317749fc0be51e54524,23,,headless-high@128k.frozen69#A3
fable_high,Claude Fable 5.1 high,tool-free,kissing_theta-5c1803b86d2d,kissing_theta,"{""cos100"": 36, ""d"": 12}",construction,152,False,0,0.0,bench/results/claude-fable-5-1-headless-high@128k.frozen69#A3.jsonl,88ed1fd4256163151a44b220195abb1be43c163e33d95317749fc0be51e54524,24,,headless-high@128k.frozen69#A3
fable_high,Claude Fable 5.1 high,tool-free,heilbronn_shape-170f6064b3d7,heilbronn_shape,"{""T"": [[9026, 8197], [1769, 9178], [7298, 1276]], ""n"": 32}",construction,0.0014884960025223,False,0,0.0,bench/results/claude-fable-5-1-headless-high@128k.frozen69#A3.jsonl,88ed1fd4256163151a44b220195abb1be43c163e33d95317749fc0be51e54524,25,,headless-high@128k.frozen69#A3
fable_high,Claude Fable 5.1 high,tool-free,heilbronn_shape-0cef36bc9728,heilbronn_shape,"{""T"": [[578, 9933], [8598, 7337], [2075, 588]], ""n"": 34}",construction,0.0010042824240598402,False,0,0.0,bench/results/claude-fable-5-1-headless-high@128k.frozen69#A3.jsonl,88ed1fd4256163151a44b220195abb1be43c163e33d95317749fc0be51e54524,26,,headless-high@128k.frozen69#A3
fable_high,Claude Fable 5.1 high,tool-free,heilbronn_shape-0e86da8665f2,heilbronn_shape,"{""T"": [[411, 7999], [9004, 9890], [3031, 713]], ""n"": 31}",construction,0.0016863811501138092,False,0,0.0,bench/results/claude-fable-5-1-headless-high@128k.frozen69#A3.jsonl,88ed1fd4256163151a44b220195abb1be43c163e33d95317749fc0be51e54524,27,,headless-high@128k.frozen69#A3
fable_high,Claude Fable 5.1 high,tool-free,heilbronn_shape-4efe4b6d2f48,heilbronn_shape,"{""T"": [[7922, 8793], [9917, 1548], [1510, 3942]], ""n"": 40}",construction,0.0005937004438679532,False,0,0.0,bench/results/claude-fable-5-1-headless-high@128k.frozen69#A3.jsonl,88ed1fd4256163151a44b220195abb1be43c163e33d95317749fc0be51e54524,28,,headless-high@128k.frozen69#A3
fable_high,Claude Fable 5.1 high,tool-free,heilbronn_shape-7654620d3ab8,heilbronn_shape,"{""T"": [[526, 8526], [8696, 8279], [8084, 1688]], ""n"": 26}",construction,0.003982656623191187,False,0,0.0,bench/results/claude-fable-5-1-headless-high@128k.frozen69#A3.jsonl,88ed1fd4256163151a44b220195abb1be43c163e33d95317749fc0be51e54524,29,,headless-high@128k.frozen69#A3
fable_high,Claude Fable 5.1 high,tool-free,matmul-ffd9b6a99452,matmul,"{""m"": 4, ""n"": 4, ""p"": 5}",published,61,True,65,0.9384615384615385,bench/results/claude-fable-5-1-headless-high@128k.frozen69#A3.jsonl,88ed1fd4256163151a44b220195abb1be43c163e33d95317749fc0be51e54524,30,,headless-high@128k.frozen69#A3
fable_high,Claude Fable 5.1 high,tool-free,matmul-7c87a93e97c3,matmul,"{""m"": 5, ""n"": 5, ""p"": 5}",published,93,True,110,0.8454545454545455,bench/results/claude-fable-5-1-headless-high@128k.frozen69#A3.jsonl,88ed1fd4256163151a44b220195abb1be43c163e33d95317749fc0be51e54524,31,,headless-high@128k.frozen69#A3
fable_high,Claude Fable 5.1 high,tool-free,degdiam-698a36ec659c,degdiam,"{""d"": 4, ""k"": 5}",published,364,True,61,0.16758241758241757,bench/results/claude-fable-5-1-headless-high@128k.frozen69#A3.jsonl,88ed1fd4256163151a44b220195abb1be43c163e33d95317749fc0be51e54524,32,,headless-high@128k.frozen69#A3
fable_high,Claude Fable 5.1 high,tool-free,degdiam-550afae4f1d9,degdiam,"{""d"": 7, ""k"": 3}",published,168,False,0,0.0,bench/results/claude-fable-5-1-headless-high@128k.frozen69#A3.jsonl,88ed1fd4256163151a44b220195abb1be43c163e33d95317749fc0be51e54524,33,,headless-high@128k.frozen69#A3
fable_high,Claude Fable 5.1 high,tool-free,degdiam-1bb88a3f7ec5,degdiam,"{""d"": 4, ""k"": 4}",published,104,True,63,0.6057692307692307,bench/results/claude-fable-5-1-headless-high@128k.frozen69#A3.jsonl,88ed1fd4256163151a44b220195abb1be43c163e33d95317749fc0be51e54524,34,,headless-high@128k.frozen69#A3
fable_high,Claude Fable 5.1 high,tool-free,degdiam-69fe33ce30ae,degdiam,"{""d"": 3, ""k"": 7}",published,196,True,102,0.5204081632653061,bench/results/claude-fable-5-1-headless-high@128k.frozen69#A3.jsonl,88ed1fd4256163151a44b220195abb1be43c163e33d95317749fc0be51e54524,35,,headless-high@128k.frozen69#A3
fable_high,Claude Fable 5.1 high,tool-free,lineq-dbd7ed2a31a1,lineq,"{""a"": 3, ""b"": 4, ""n"": 19044}",construction,630,False,0,0.0,bench/results/claude-fable-5-1-headless-high@128k.frozen69#A3.jsonl,88ed1fd4256163151a44b220195abb1be43c163e33d95317749fc0be51e54524,36,,headless-high@128k.frozen69#A3
fable_high,Claude Fable 5.1 high,tool-free,lineq-8e24e186040f,lineq,"{""a"": 2, ""b"": 5, ""n"": 18883}",construction,609,False,0,0.0,bench/results/claude-fable-5-1-headless-high@128k.frozen69#A3.jsonl,88ed1fd4256163151a44b220195abb1be43c163e33d95317749fc0be51e54524,37,,headless-high@128k.frozen69#A3
fable_high,Claude Fable 5.1 high,tool-free,lineq-9920caf37ad6,lineq,"{""a"": 2, ""b"": 3, ""n"": 17965}",construction,523,False,0,0.0,bench/results/claude-fable-5-1-headless-high@128k.frozen69#A3.jsonl,88ed1fd4256163151a44b220195abb1be43c163e33d95317749fc0be51e54524,38,,headless-high@128k.frozen69#A3
fable_high,Claude Fable 5.1 high,tool-free,lineq-3e1492fbf38e,lineq,"{""a"": 3, ""b"": 4, ""n"": 13312}",construction,512,False,0,0.0,bench/results/claude-fable-5-1-headless-high@128k.frozen69#A3.jsonl,88ed1fd4256163151a44b220195abb1be43c163e33d95317749fc0be51e54524,39,,headless-high@128k.frozen69#A3
fable_high,Claude Fable 5.1 high,tool-free,lineq-4cf345605795,lineq,"{""a"": 3, ""b"": 4, ""n"": 6248}",construction,349,True,300,0.8595988538681948,bench/results/claude-fable-5-1-headless-high@128k.frozen69#A3.jsonl,88ed1fd4256163151a44b220195abb1be43c163e33d95317749fc0be51e54524,40,,headless-high@128k.frozen69#A3
fable_high,Claude Fable 5.1 high,tool-free,apfree_q-01c7215e28dc,apfree_q,"{""n"": 6, ""q"": 5}",published,649,True,625,0.963020030816641,bench/results/claude-fable-5-1-headless-high@128k.frozen69#A3.jsonl,88ed1fd4256163151a44b220195abb1be43c163e33d95317749fc0be51e54524,41,,headless-high@128k.frozen69#A3
fable_high,Claude Fable 5.1 high,tool-free,apfree_q-ea15a8323290,apfree_q,"{""n"": 5, ""q"": 5}",published,194,False,0,0.0,bench/results/claude-fable-5-1-headless-high@128k.frozen69#A3.jsonl,88ed1fd4256163151a44b220195abb1be43c163e33d95317749fc0be51e54524,42,,headless-high@128k.frozen69#A3
fable_high,Claude Fable 5.1 high,tool-free,mols-9f35e847148f,mols,"{""n"": 14}",published,4,True,2,0.5,bench/results/claude-fable-5-1-headless-high@128k.frozen69#A3.jsonl,88ed1fd4256163151a44b220195abb1be43c163e33d95317749fc0be51e54524,43,,headless-high@128k.frozen69#A3
fable_high,Claude Fable 5.1 high,tool-free,mols-7c78ac4f7920,mols,"{""n"": 10}",published,2,True,2,1.0,bench/results/claude-fable-5-1-headless-high@128k.frozen69#A3.jsonl,88ed1fd4256163151a44b220195abb1be43c163e33d95317749fc0be51e54524,44,,headless-high@128k.frozen69#A3
fable_high,Claude Fable 5.1 high,tool-free,mols-934e5656a894,mols,"{""n"": 18}",published,5,False,0,0.0,bench/results/claude-fable-5-1-headless-high@128k.frozen69#A3.jsonl,88ed1fd4256163151a44b220195abb1be43c163e33d95317749fc0be51e54524,45,,headless-high@128k.frozen69#A3
fable_high,Claude Fable 5.1 high,tool-free,capset-253c1b38c406,capset,"{""d"": 9}",published,1082,True,1008,0.9316081330868762,bench/results/claude-fable-5-1-headless-high@128k.frozen69#A3.jsonl,88ed1fd4256163151a44b220195abb1be43c163e33d95317749fc0be51e54524,46,,headless-high@128k.frozen69#A3
fable_high,Claude Fable 5.1 high,tool-free,kissing-a4c5596cf65f,kissing,"{""d"": 13, ""representation"": ""quadratic""}",published,1154,False,0,0.0,bench/results/claude-fable-5-1-headless-high@128k.frozen69#A3.jsonl,88ed1fd4256163151a44b220195abb1be43c163e33d95317749fc0be51e54524,47,,headless-high@128k.frozen69#A3
fable_high,Claude Fable 5.1 high,tool-free,matmul-857618e58878,matmul,"{""m"": 5, ""n"": 4, ""p"": 5}",published,76,True,85,0.8941176470588236,bench/results/claude-fable-5-1-headless-high@128k.frozen69#A3.jsonl,88ed1fd4256163151a44b220195abb1be43c163e33d95317749fc0be51e54524,48,,headless-high@128k.frozen69#A3
fable_high,Claude Fable 5.1 high,tool-free,degdiam-b8f67d96ee68,degdiam,"{""d"": 6, ""k"": 3}",published,111,True,55,0.4954954954954955,bench/results/claude-fable-5-1-headless-high@128k.frozen69#A3.jsonl,88ed1fd4256163151a44b220195abb1be43c163e33d95317749fc0be51e54524,49,,headless-high@128k.frozen69#A3
fable_high,Claude Fable 5.1 high,tool-free,degdiam-708cd938b766,degdiam,"{""d"": 5, ""k"": 4}",published,212,True,84,0.39622641509433965,bench/results/claude-fable-5-1-headless-high@128k.frozen69#A3.jsonl,88ed1fd4256163151a44b220195abb1be43c163e33d95317749fc0be51e54524,50,,headless-high@128k.frozen69#A3
fable_high,Claude Fable 5.1 high,tool-free,degdiam-71d28a377ba1,degdiam,"{""d"": 3, ""k"": 6}",published,132,True,126,0.9545454545454546,bench/results/claude-fable-5-1-headless-high@128k.frozen69#A3.jsonl,88ed1fd4256163151a44b220195abb1be43c163e33d95317749fc0be51e54524,51,,headless-high@128k.frozen69#A3
fable_high,Claude Fable 5.1 high,tool-free,apfree_q-84ab372c1270,apfree_q,"{""n"": 4, ""q"": 7}",construction,103,True,147,1.4271844660194175,bench/results/claude-fable-5-1-headless-high@128k.frozen69#A3.jsonl,88ed1fd4256163151a44b220195abb1be43c163e33d95317749fc0be51e54524,52,,headless-high@128k.frozen69#A3
fable_high,Claude Fable 5.1 high,tool-free,mols-dfb4c3a55793,mols,"{""n"": 15}",published,4,False,0,0.0,bench/results/claude-fable-5-1-headless-high@128k.frozen69#A3.jsonl,88ed1fd4256163151a44b220195abb1be43c163e33d95317749fc0be51e54524,53,,headless-high@128k.frozen69#A3
fable_high,Claude Fable 5.1 high,tool-free,mols-5e98497ace6a,mols,"{""n"": 12}",published,5,True,3,0.6,bench/results/claude-fable-5-1-headless-high@128k.frozen69#A3.jsonl,88ed1fd4256163151a44b220195abb1be43c163e33d95317749fc0be51e54524,54,,headless-high@128k.frozen69#A3
fable_high,Claude Fable 5.1 high,tool-free,mols-0e29c62754e2,mols,"{""n"": 20}",published,4,True,3,0.75,bench/results/claude-fable-5-1-headless-high@128k.frozen69#A3.jsonl,88ed1fd4256163151a44b220195abb1be43c163e33d95317749fc0be51e54524,55,,headless-high@128k.frozen69#A3
fable_high,Claude Fable 5.1 high,tool-free,schur-133b39146db2,schur,"{""k"": 7}",published,1696,True,1201,0.7081367924528302,bench/results/claude-fable-5-1-headless-high@128k.frozen69#A3.jsonl,88ed1fd4256163151a44b220195abb1be43c163e33d95317749fc0be51e54524,56,,headless-high@128k.frozen69#A3
fable_high,Claude Fable 5.1 high,tool-free,schur-4f4fcef4287a,schur,"{""k"": 6}",published,536,True,400,0.746268656716418,bench/results/claude-fable-5-1-headless-high@128k.frozen69#A3.jsonl,88ed1fd4256163151a44b220195abb1be43c163e33d95317749fc0be51e54524,57,,headless-high@128k.frozen69#A3
fable_high,Claude Fable 5.1 high,tool-free,schur-16d4130a2932,schur,"{""k"": 8}",published,5362,True,3960,0.7385303991048117,bench/results/claude-fable-5-1-headless-high@128k.frozen69#A3.jsonl,88ed1fd4256163151a44b220195abb1be43c163e33d95317749fc0be51e54524,58,,headless-high@128k.frozen69#A3
fable_high,Claude Fable 5.1 high,tool-free,covering-96b61f7899e7,covering,"{""k"": 7, ""t"": 4, ""v"": 18}",published,126,False,0,0.0,bench/results/claude-fable-5-1-headless-high@128k.frozen69#A3.jsonl,88ed1fd4256163151a44b220195abb1be43c163e33d95317749fc0be51e54524,59,,headless-high@128k.frozen69#A3
fable_high,Claude Fable 5.1 high,tool-free,covering-551581f999ca,covering,"{""k"": 6, ""t"": 3, ""v"": 30}",published,225,False,0,0.0,bench/results/claude-fable-5-1-headless-high@128k.frozen69#A3.jsonl,88ed1fd4256163151a44b220195abb1be43c163e33d95317749fc0be51e54524,60,,headless-high@128k.frozen69#A3
fable_high,Claude Fable 5.1 high,tool-free,covering-e208a41ac8b5,covering,"{""k"": 6, ""t"": 3, ""v"": 24}",published,116,True,124,0.9354838709677419,bench/results/claude-fable-5-1-headless-high@128k.frozen69#A3.jsonl,88ed1fd4256163151a44b220195abb1be43c163e33d95317749fc0be51e54524,61,,headless-high@128k.frozen69#A3
fable_high,Claude Fable 5.1 high,tool-free,shannon-4d7467466a4c,shannon,"{""d"": 24, ""q"": 7}",construction,1941100559147,False,0,0.0,bench/results/claude-fable-5-1-headless-high@128k.frozen69#A3.jsonl,88ed1fd4256163151a44b220195abb1be43c163e33d95317749fc0be51e54524,62,,headless-high@128k.frozen69#A3
fable_high,Claude Fable 5.1 high,tool-free,shannon-dbd709082fa3,shannon,"{""d"": 40, ""q"": 7}",construction,329100478707380211841,False,0,0.0,bench/results/claude-fable-5-1-headless-high@128k.frozen69#A3.jsonl,88ed1fd4256163151a44b220195abb1be43c163e33d95317749fc0be51e54524,63,,headless-high@128k.frozen69#A3
fable_high,Claude Fable 5.1 high,tool-free,shannon-3ba3fb861c12,shannon,"{""d"": 48, ""q"": 9}",construction,3433683820292512484657849089281,True,3433683820292512484657849089281,1.0,bench/results/claude-fable-5-1-headless-high@128k.frozen69#A3.jsonl,88ed1fd4256163151a44b220195abb1be43c163e33d95317749fc0be51e54524,64,,headless-high@128k.frozen69#A3
fable_high,Claude Fable 5.1 high,tool-free,shannon-feb50364a0a8,shannon,"{""d"": 64, ""q"": 9}",construction,47890060730248079154410960106868188422724,False,0,0.0,bench/results/claude-fable-5-1-headless-high@128k.frozen69#A3.jsonl,88ed1fd4256163151a44b220195abb1be43c163e33d95317749fc0be51e54524,65,,headless-high@128k.frozen69#A3
fable_high,Claude Fable 5.1 high,tool-free,trifference-f9a51728af9d,trifference,"{""m"": 1, ""n"": 64, ""representation"": ""certified""}",construction,19683,False,0,0.0,bench/results/claude-fable-5-1-headless-high@128k.frozen69#T1.jsonl,7adaef4feb3f4cfe9ad8cc26f3ff55b07388fb558905d8400755d3da238c7805,1,,headless-high@128k.frozen69#T1
fable_high,Claude Fable 5.1 high,tool-free,trifference-0809543b57d9,trifference,"{""m"": 1, ""n"": 96, ""representation"": ""certified""}",construction,531441,True,531441,1.0,bench/results/claude-fable-5-1-headless-high@128k.frozen69#T2.jsonl,7e5a612e46e15ad041fa23bb0965362aeba212b10fcd16ef8febac3acb46beb8,1,,headless-high@128k.frozen69#T2
fable_high,Claude Fable 5.1 high,tool-free,trifference-144e830d3cd7,trifference,"{""m"": 1, ""n"": 144, ""representation"": ""certified""}",construction,387420489,True,387420489,1.0,bench/results/claude-fable-5-1-headless-high@128k.frozen69#T3.jsonl,0b5abb9b39c71e7c12729bdb4a14d4f609570553c461e662a6e06368bbc17a37,1,,headless-high@128k.frozen69#T3
fable_high,Claude Fable 5.1 high,tool-free,trifference-2878b90f82e4,trifference,"{""m"": 1, ""n"": 192, ""representation"": ""certified""}",construction,10460353203,True,10460353203,1.0,bench/results/claude-fable-5-1-headless-high@128k.frozen69#T4.jsonl,fa29369b5b64684a53b44e373dc7c623445e5a90e5021c0c61db2e5c7efb254f,1,,headless-high@128k.frozen69#T4
opus55_medium,Claude Opus 5.5 medium,tool-free,capset-e561943a0230,capset,"{""d"": 10}",published,2432,True,1780,0.7319078947368421,bench/results/claude-opus-5-5-headless-medium@128k.frozen69#A3.jsonl,9511023778723db9084cad14b356773d77102f198b1dac5d254ee150f3562e7c,10,,headless-medium@128k.frozen69#A3
opus55_medium,Claude Opus 5.5 medium,tool-free,capset-fb287354fb10,capset,"{""d"": 11}",published,5504,True,3600,0.6540697674418605,bench/results/claude-opus-5-5-headless-medium@128k.frozen69#A3.jsonl,9511023778723db9084cad14b356773d77102f198b1dac5d254ee150f3562e7c,2,,headless-medium@128k.frozen69#A3
opus55_medium,Claude Opus 5.5 medium,tool-free,labs-8e3bca55269d,labs,"{""N"": 280}",construction,5.577689243027889,False,0,0.0,bench/results/claude-opus-5-5-headless-medium@128k.frozen69#A3.jsonl,9511023778723db9084cad14b356773d77102f198b1dac5d254ee150f3562e7c,3,,headless-medium@128k.frozen69#A3
opus55_medium,Claude Opus 5.5 medium,tool-free,labs-0b0c9e75a95d,labs,"{""N"": 375}",construction,5.919058843336981,True,5.919058843336981,1.0,bench/results/claude-opus-5-5-headless-medium@128k.frozen69#A3.jsonl,9511023778723db9084cad14b356773d77102f198b1dac5d254ee150f3562e7c,4,,headless-medium@128k.frozen69#A3
opus55_medium,Claude Opus 5.5 medium,tool-free,labs-69bcd35b5eda,labs,"{""N"": 357}",construction,5.862419503219871,False,0,0.0,bench/results/claude-opus-5-5-headless-medium@128k.frozen69#A3.jsonl,9511023778723db9084cad14b356773d77102f198b1dac5d254ee150f3562e7c,1,,headless-medium@128k.frozen69#A3
opus55_medium,Claude Opus 5.5 medium,tool-free,labs-112648954874,labs,"{""N"": 281}",construction,5.65299255441008,False,0,0.0,bench/results/claude-opus-5-5-headless-medium@128k.frozen69#A3.jsonl,9511023778723db9084cad14b356773d77102f198b1dac5d254ee150f3562e7c,5,,headless-medium@128k.frozen69#A3
opus55_medium,Claude Opus 5.5 medium,tool-free,labs-824c59888322,labs,"{""N"": 240}",construction,5.858421480878763,True,1.518987341772152,0.25928270042194096,bench/results/claude-opus-5-5-headless-medium@128k.frozen69#A3.jsonl,9511023778723db9084cad14b356773d77102f198b1dac5d254ee150f3562e7c,6,,headless-medium@128k.frozen69#A3
opus55_medium,Claude Opus 5.5 medium,tool-free,heilbronn-c4d41ce5a93d,heilbronn,"{""n"": 46}",construction,0.00047375,True,0.000235445,0.49698153034300796,bench/results/claude-opus-5-5-headless-medium@128k.frozen69#A3.jsonl,9511023778723db9084cad14b356773d77102f198b1dac5d254ee150f3562e7c,7,,headless-medium@128k.frozen69#A3
opus55_medium,Claude Opus 5.5 medium,tool-free,heilbronn-0c621382b805,heilbronn,"{""n"": 26}",construction,0.002620975,True,0.000714,0.2724177071509648,bench/results/claude-opus-5-5-headless-medium@128k.frozen69#A3.jsonl,9511023778723db9084cad14b356773d77102f198b1dac5d254ee150f3562e7c,8,,headless-medium@128k.frozen69#A3
opus55_medium,Claude Opus 5.5 medium,tool-free,heilbronn-a5c5c8aa2e3f,heilbronn,"{""n"": 40}",construction,0.0006907,True,0.00030625,0.44339076299406394,bench/results/claude-opus-5-5-headless-medium@128k.frozen69#A3.jsonl,9511023778723db9084cad14b356773d77102f198b1dac5d254ee150f3562e7c,9,,headless-medium@128k.frozen69#A3
opus55_medium,Claude Opus 5.5 medium,tool-free,heilbronn-d9588eea537f,heilbronn,"{""n"": 50}",construction,0.0002857,True,0.00019584,0.6854742737136856,bench/results/claude-opus-5-5-headless-medium@128k.frozen69#A3.jsonl,9511023778723db9084cad14b356773d77102f198b1dac5d254ee150f3562e7c,11,,headless-medium@128k.frozen69#A3
opus55_medium,Claude Opus 5.5 medium,tool-free,heilbronn-ce0964a3b547,heilbronn,"{""n"": 48}",construction,0.00037548,True,0.00017672,0.47065090018110156,bench/results/claude-opus-5-5-headless-medium@128k.frozen69#A3.jsonl,9511023778723db9084cad14b356773d77102f198b1dac5d254ee150f3562e7c,12,,headless-medium@128k.frozen69#A3
opus55_medium,Claude Opus 5.5 medium,tool-free,kissing-7c7466431087,kissing,"{""d"": 14}",published,1932,True,876,0.453416149068323,bench/results/claude-opus-5-5-headless-medium@128k.frozen69#A3.jsonl,9511023778723db9084cad14b356773d77102f198b1dac5d254ee150f3562e7c,16,,headless-medium@128k.frozen69#A3
opus55_medium,Claude Opus 5.5 medium,tool-free,kissing-0e2702baa0cb,kissing,"{""d"": 15}",published,2564,True,420,0.16380655226209048,bench/results/claude-opus-5-5-headless-medium@128k.frozen69#A3.jsonl,9511023778723db9084cad14b356773d77102f198b1dac5d254ee150f3562e7c,13,,headless-medium@128k.frozen69#A3
opus55_medium,Claude Opus 5.5 medium,tool-free,corners-5c0a651526bb,corners,"{""n"": 138}",construction,3120,True,3120,1.0,bench/results/claude-opus-5-5-headless-medium@128k.frozen69#A3.jsonl,9511023778723db9084cad14b356773d77102f198b1dac5d254ee150f3562e7c,14,,headless-medium@128k.frozen69#A3
opus55_medium,Claude Opus 5.5 medium,tool-free,corners-df38f45e8b38,corners,"{""n"": 183}",construction,4698,True,4560,0.9706257982120051,bench/results/claude-opus-5-5-headless-medium@128k.frozen69#A3.jsonl,9511023778723db9084cad14b356773d77102f198b1dac5d254ee150f3562e7c,15,,headless-medium@128k.frozen69#A3
opus55_medium,Claude Opus 5.5 medium,tool-free,corners-dce415bc82c9,corners,"{""n"": 150}",construction,3504,True,3504,1.0,bench/results/claude-opus-5-5-headless-medium@128k.frozen69#A3.jsonl,9511023778723db9084cad14b356773d77102f198b1dac5d254ee150f3562e7c,17,,headless-medium@128k.frozen69#A3
opus55_medium,Claude Opus 5.5 medium,tool-free,corners-299b1caf450c,corners,"{""n"": 162}",construction,3888,True,3888,1.0,bench/results/claude-opus-5-5-headless-medium@128k.frozen69#A3.jsonl,9511023778723db9084cad14b356773d77102f198b1dac5d254ee150f3562e7c,20,,headless-medium@128k.frozen69#A3
opus55_medium,Claude Opus 5.5 medium,tool-free,corners-b92c953c9648,corners,"{""n"": 185}",construction,4786,True,4632,0.9678228165482657,bench/results/claude-opus-5-5-headless-medium@128k.frozen69#A3.jsonl,9511023778723db9084cad14b356773d77102f198b1dac5d254ee150f3562e7c,18,,headless-medium@128k.frozen69#A3
opus55_medium,Claude Opus 5.5 medium,tool-free,kissing_theta-48ea4a32bea2,kissing_theta,"{""cos100"": 24, ""d"": 12}",construction,28,True,32,1.1428571428571428,bench/results/claude-opus-5-5-headless-medium@128k.frozen69#A3.jsonl,9511023778723db9084cad14b356773d77102f198b1dac5d254ee150f3562e7c,19,,headless-medium@128k.frozen69#A3
opus55_medium,Claude Opus 5.5 medium,tool-free,kissing_theta-88cc99fc7fbd,kissing_theta,"{""cos100"": 39, ""d"": 12}",construction,152,True,152,1.0,bench/results/claude-opus-5-5-headless-medium@128k.frozen69#A3.jsonl,9511023778723db9084cad14b356773d77102f198b1dac5d254ee150f3562e7c,21,,headless-medium@128k.frozen69#A3
opus55_medium,Claude Opus 5.5 medium,tool-free,kissing_theta-18c29aeaf14f,kissing_theta,"{""cos100"": 36, ""d"": 14}",construction,124,False,0,0.0,bench/results/claude-opus-5-5-headless-medium@128k.frozen69#A3.jsonl,9511023778723db9084cad14b356773d77102f198b1dac5d254ee150f3562e7c,22,,headless-medium@128k.frozen69#A3
opus55_medium,Claude Opus 5.5 medium,tool-free,kissing_theta-6cdc8634ec21,kissing_theta,"{""cos100"": 39, ""d"": 14}",construction,132,False,0,0.0,bench/results/claude-opus-5-5-headless-medium@128k.frozen69#A3.jsonl,9511023778723db9084cad14b356773d77102f198b1dac5d254ee150f3562e7c,23,,headless-medium@128k.frozen69#A3
opus55_medium,Claude Opus 5.5 medium,tool-free,kissing_theta-5c1803b86d2d,kissing_theta,"{""cos100"": 36, ""d"": 12}",construction,152,True,152,1.0,bench/results/claude-opus-5-5-headless-medium@128k.frozen69#A3.jsonl,9511023778723db9084cad14b356773d77102f198b1dac5d254ee150f3562e7c,25,,headless-medium@128k.frozen69#A3
opus55_medium,Claude Opus 5.5 medium,tool-free,heilbronn_shape-170f6064b3d7,heilbronn_shape,"{""T"": [[9026, 8197], [1769, 9178], [7298, 1276]], ""n"": 32}",construction,0.0014884960025223,True,0.0006793800527013562,0.45642047513068684,bench/results/claude-opus-5-5-headless-medium@128k.frozen69#A3.jsonl,9511023778723db9084cad14b356773d77102f198b1dac5d254ee150f3562e7c,24,,headless-medium@128k.frozen69#A3
opus55_medium,Claude Opus 5.5 medium,tool-free,heilbronn_shape-0cef36bc9728,heilbronn_shape,"{""T"": [[578, 9933], [8598, 7337], [2075, 588]], ""n"": 34}",construction,0.0010042824240598402,True,0.0005455759167431646,0.5432494920479226,bench/results/claude-opus-5-5-headless-medium@128k.frozen69#A3.jsonl,9511023778723db9084cad14b356773d77102f198b1dac5d254ee150f3562e7c,26,,headless-medium@128k.frozen69#A3
opus55_medium,Claude Opus 5.5 medium,tool-free,heilbronn_shape-0e86da8665f2,heilbronn_shape,"{""T"": [[411, 7999], [9004, 9890], [3031, 713]], ""n"": 31}",construction,0.0016863811501138092,True,0.0007467398806844301,0.4428061121496968,bench/results/claude-opus-5-5-headless-medium@128k.frozen69#A3.jsonl,9511023778723db9084cad14b356773d77102f198b1dac5d254ee150f3562e7c,27,,headless-medium@128k.frozen69#A3
opus55_medium,Claude Opus 5.5 medium,tool-free,heilbronn_shape-4efe4b6d2f48,heilbronn_shape,"{""T"": [[7922, 8793], [9917, 1548], [1510, 3942]], ""n"": 40}",construction,0.0005937004438679532,True,0.00032836483770551866,0.5530816779691533,bench/results/claude-opus-5-5-headless-medium@128k.frozen69#A3.jsonl,9511023778723db9084cad14b356773d77102f198b1dac5d254ee150f3562e7c,29,,headless-medium@128k.frozen69#A3
opus55_medium,Claude Opus 5.5 medium,tool-free,heilbronn_shape-7654620d3ab8,heilbronn_shape,"{""T"": [[526, 8526], [8696, 8279], [8084, 1688]], ""n"": 26}",construction,0.003982656623191187,True,0.0010713220759977742,0.26899684742074376,bench/results/claude-opus-5-5-headless-medium@128k.frozen69#A3.jsonl,9511023778723db9084cad14b356773d77102f198b1dac5d254ee150f3562e7c,28,,headless-medium@128k.frozen69#A3
opus55_medium,Claude Opus 5.5 medium,tool-free,matmul-ffd9b6a99452,matmul,"{""m"": 4, ""n"": 4, ""p"": 5}",published,61,True,65,0.9384615384615385,bench/results/claude-opus-5-5-headless-medium@128k.frozen69#A3.jsonl,9511023778723db9084cad14b356773d77102f198b1dac5d254ee150f3562e7c,30,,headless-medium@128k.frozen69#A3
opus55_medium,Claude Opus 5.5 medium,tool-free,matmul-7c87a93e97c3,matmul,"{""m"": 5, ""n"": 5, ""p"": 5}",published,93,True,110,0.8454545454545455,bench/results/claude-opus-5-5-headless-medium@128k.frozen69#A3.jsonl,9511023778723db9084cad14b356773d77102f198b1dac5d254ee150f3562e7c,32,,headless-medium@128k.frozen69#A3
opus55_medium,Claude Opus 5.5 medium,tool-free,degdiam-698a36ec659c,degdiam,"{""d"": 4, ""k"": 5}",published,364,True,61,0.16758241758241757,bench/results/claude-opus-5-5-headless-medium@128k.frozen69#A3.jsonl,9511023778723db9084cad14b356773d77102f198b1dac5d254ee150f3562e7c,31,,headless-medium@128k.frozen69#A3
opus55_medium,Claude Opus 5.5 medium,tool-free,degdiam-550afae4f1d9,degdiam,"{""d"": 7, ""k"": 3}",published,168,True,96,0.5714285714285714,bench/results/claude-opus-5-5-headless-medium@128k.frozen69#A3.jsonl,9511023778723db9084cad14b356773d77102f198b1dac5d254ee150f3562e7c,35,,headless-medium@128k.frozen69#A3
opus55_medium,Claude Opus 5.5 medium,tool-free,degdiam-1bb88a3f7ec5,degdiam,"{""d"": 4, ""k"": 4}",published,104,True,41,0.3942307692307692,bench/results/claude-opus-5-5-headless-medium@128k.frozen69#A3.jsonl,9511023778723db9084cad14b356773d77102f198b1dac5d254ee150f3562e7c,33,,headless-medium@128k.frozen69#A3
opus55_medium,Claude Opus 5.5 medium,tool-free,degdiam-69fe33ce30ae,degdiam,"{""d"": 3, ""k"": 7}",published,196,True,122,0.6224489795918368,bench/results/claude-opus-5-5-headless-medium@128k.frozen69#A3.jsonl,9511023778723db9084cad14b356773d77102f198b1dac5d254ee150f3562e7c,34,,headless-medium@128k.frozen69#A3
opus55_medium,Claude Opus 5.5 medium,tool-free,lineq-dbd7ed2a31a1,lineq,"{""a"": 3, ""b"": 4, ""n"": 19044}",construction,630,True,704,1.1174603174603175,bench/results/claude-opus-5-5-headless-medium@128k.frozen69#A3.jsonl,9511023778723db9084cad14b356773d77102f198b1dac5d254ee150f3562e7c,38,,headless-medium@128k.frozen69#A3
opus55_medium,Claude Opus 5.5 medium,tool-free,lineq-8e24e186040f,lineq,"{""a"": 2, ""b"": 5, ""n"": 18883}",construction,609,True,896,1.471264367816092,bench/results/claude-opus-5-5-headless-medium@128k.frozen69#A3.jsonl,9511023778723db9084cad14b356773d77102f198b1dac5d254ee150f3562e7c,36,,headless-medium@128k.frozen69#A3
opus55_medium,Claude Opus 5.5 medium,tool-free,lineq-9920caf37ad6,lineq,"{""a"": 2, ""b"": 3, ""n"": 17965}",construction,523,True,416,0.7954110898661568,bench/results/claude-opus-5-5-headless-medium@128k.frozen69#A3.jsonl,9511023778723db9084cad14b356773d77102f198b1dac5d254ee150f3562e7c,37,,headless-medium@128k.frozen69#A3
opus55_medium,Claude Opus 5.5 medium,tool-free,lineq-3e1492fbf38e,lineq,"{""a"": 3, ""b"": 4, ""n"": 13312}",construction,512,True,256,0.5,bench/results/claude-opus-5-5-headless-medium@128k.frozen69#A3.jsonl,9511023778723db9084cad14b356773d77102f198b1dac5d254ee150f3562e7c,39,,headless-medium@128k.frozen69#A3
opus55_medium,Claude Opus 5.5 medium,tool-free,lineq-4cf345605795,lineq,"{""a"": 3, ""b"": 4, ""n"": 6248}",construction,349,True,196,0.5616045845272206,bench/results/claude-opus-5-5-headless-medium@128k.frozen69#A3.jsonl,9511023778723db9084cad14b356773d77102f198b1dac5d254ee150f3562e7c,40,,headless-medium@128k.frozen69#A3
opus55_medium,Claude Opus 5.5 medium,tool-free,apfree_q-01c7215e28dc,apfree_q,"{""n"": 6, ""q"": 5}",published,649,True,625,0.963020030816641,bench/results/claude-opus-5-5-headless-medium@128k.frozen69#A3.jsonl,9511023778723db9084cad14b356773d77102f198b1dac5d254ee150f3562e7c,41,,headless-medium@128k.frozen69#A3
opus55_medium,Claude Opus 5.5 medium,tool-free,apfree_q-ea15a8323290,apfree_q,"{""n"": 5, ""q"": 5}",published,194,True,125,0.6443298969072165,bench/results/claude-opus-5-5-headless-medium@128k.frozen69#A3.jsonl,9511023778723db9084cad14b356773d77102f198b1dac5d254ee150f3562e7c,42,,headless-medium@128k.frozen69#A3
opus55_medium,Claude Opus 5.5 medium,tool-free,mols-9f35e847148f,mols,"{""n"": 14}",published,4,True,2,0.5,bench/results/claude-opus-5-5-headless-medium@128k.frozen69#A3.jsonl,9511023778723db9084cad14b356773d77102f198b1dac5d254ee150f3562e7c,44,,headless-medium@128k.frozen69#A3
opus55_medium,Claude Opus 5.5 medium,tool-free,mols-7c78ac4f7920,mols,"{""n"": 10}",published,2,True,2,1.0,bench/results/claude-opus-5-5-headless-medium@128k.frozen69#A3.jsonl,9511023778723db9084cad14b356773d77102f198b1dac5d254ee150f3562e7c,43,,headless-medium@128k.frozen69#A3
opus55_medium,Claude Opus 5.5 medium,tool-free,mols-934e5656a894,mols,"{""n"": 18}",published,5,False,0,0.0,bench/results/claude-opus-5-5-headless-medium@128k.frozen69#A3.jsonl,9511023778723db9084cad14b356773d77102f198b1dac5d254ee150f3562e7c,46,,headless-medium@128k.frozen69#A3
opus55_medium,Claude Opus 5.5 medium,tool-free,capset-253c1b38c406,capset,"{""d"": 9}",published,1082,True,800,0.7393715341959335,bench/results/claude-opus-5-5-headless-medium@128k.frozen69#A3.jsonl,9511023778723db9084cad14b356773d77102f198b1dac5d254ee150f3562e7c,45,,headless-medium@128k.frozen69#A3
opus55_medium,Claude Opus 5.5 medium,tool-free,kissing-a4c5596cf65f,kissing,"{""d"": 13, ""representation"": ""quadratic""}",published,1154,True,986,0.854419410745234,bench/results/claude-opus-5-5-headless-medium@128k.frozen69#A3.jsonl,9511023778723db9084cad14b356773d77102f198b1dac5d254ee150f3562e7c,58,,headless-medium@128k.frozen69#A3
opus55_medium,Claude Opus 5.5 medium,tool-free,matmul-857618e58878,matmul,"{""m"": 5, ""n"": 4, ""p"": 5}",published,76,True,85,0.8941176470588236,bench/results/claude-opus-5-5-headless-medium@128k.frozen69#A3.jsonl,9511023778723db9084cad14b356773d77102f198b1dac5d254ee150f3562e7c,47,,headless-medium@128k.frozen69#A3
opus55_medium,Claude Opus 5.5 medium,tool-free,degdiam-b8f67d96ee68,degdiam,"{""d"": 6, ""k"": 3}",published,111,True,55,0.4954954954954955,bench/results/claude-opus-5-5-headless-medium@128k.frozen69#A3.jsonl,9511023778723db9084cad14b356773d77102f198b1dac5d254ee150f3562e7c,48,,headless-medium@128k.frozen69#A3
opus55_medium,Claude Opus 5.5 medium,tool-free,degdiam-708cd938b766,degdiam,"{""d"": 5, ""k"": 4}",published,212,True,64,0.3018867924528302,bench/results/claude-opus-5-5-headless-medium@128k.frozen69#A3.jsonl,9511023778723db9084cad14b356773d77102f198b1dac5d254ee150f3562e7c,49,,headless-medium@128k.frozen69#A3
opus55_medium,Claude Opus 5.5 medium,tool-free,degdiam-71d28a377ba1,degdiam,"{""d"": 3, ""k"": 6}",published,132,True,82,0.6212121212121212,bench/results/claude-opus-5-5-headless-medium@128k.frozen69#A3.jsonl,9511023778723db9084cad14b356773d77102f198b1dac5d254ee150f3562e7c,50,,headless-medium@128k.frozen69#A3
opus55_medium,Claude Opus 5.5 medium,tool-free,apfree_q-84ab372c1270,apfree_q,"{""n"": 4, ""q"": 7}",construction,103,True,147,1.4271844660194175,bench/results/claude-opus-5-5-headless-medium@128k.frozen69#A3.jsonl,9511023778723db9084cad14b356773d77102f198b1dac5d254ee150f3562e7c,51,,headless-medium@128k.frozen69#A3
opus55_medium,Claude Opus 5.5 medium,tool-free,mols-dfb4c3a55793,mols,"{""n"": 15}",published,4,True,2,0.5,bench/results/claude-opus-5-5-headless-medium@128k.frozen69#A3.jsonl,9511023778723db9084cad14b356773d77102f198b1dac5d254ee150f3562e7c,52,,headless-medium@128k.frozen69#A3
opus55_medium,Claude Opus 5.5 medium,tool-free,mols-5e98497ace6a,mols,"{""n"": 12}",published,5,True,2,0.4,bench/results/claude-opus-5-5-headless-medium@128k.frozen69#A3.jsonl,9511023778723db9084cad14b356773d77102f198b1dac5d254ee150f3562e7c,53,,headless-medium@128k.frozen69#A3
opus55_medium,Claude Opus 5.5 medium,tool-free,mols-0e29c62754e2,mols,"{""n"": 20}",published,4,True,3,0.75,bench/results/claude-opus-5-5-headless-medium@128k.frozen69#A3.jsonl,9511023778723db9084cad14b356773d77102f198b1dac5d254ee150f3562e7c,54,,headless-medium@128k.frozen69#A3
opus55_medium,Claude Opus 5.5 medium,tool-free,schur-133b39146db2,schur,"{""k"": 7}",published,1696,False,0,0.0,bench/results/claude-opus-5-5-headless-medium@128k.frozen69#A3.jsonl,9511023778723db9084cad14b356773d77102f198b1dac5d254ee150f3562e7c,55,,headless-medium@128k.frozen69#A3
opus55_medium,Claude Opus 5.5 medium,tool-free,schur-4f4fcef4287a,schur,"{""k"": 6}",published,536,False,0,0.0,bench/results/claude-opus-5-5-headless-medium@128k.frozen69#A3.jsonl,9511023778723db9084cad14b356773d77102f198b1dac5d254ee150f3562e7c,56,,headless-medium@128k.frozen69#A3
opus55_medium,Claude Opus 5.5 medium,tool-free,schur-16d4130a2932,schur,"{""k"": 8}",published,5362,True,3604,0.6721372622155912,bench/results/claude-opus-5-5-headless-medium@128k.frozen69#A3.jsonl,9511023778723db9084cad14b356773d77102f198b1dac5d254ee150f3562e7c,57,,headless-medium@128k.frozen69#A3
opus55_medium,Claude Opus 5.5 medium,tool-free,covering-96b61f7899e7,covering,"{""k"": 7, ""t"": 4, ""v"": 18}",published,126,True,174,0.7241379310344828,bench/results/claude-opus-5-5-headless-medium@128k.frozen69#A3.jsonl,9511023778723db9084cad14b356773d77102f198b1dac5d254ee150f3562e7c,65,,headless-medium@128k.frozen69#A3
opus55_medium,Claude Opus 5.5 medium,tool-free,covering-551581f999ca,covering,"{""k"": 6, ""t"": 3, ""v"": 30}",published,225,True,275,0.8181818181818182,bench/results/claude-opus-5-5-headless-medium@128k.frozen69#A3.jsonl,9511023778723db9084cad14b356773d77102f198b1dac5d254ee150f3562e7c,59,,headless-medium@128k.frozen69#A3
opus55_medium,Claude Opus 5.5 medium,tool-free,covering-e208a41ac8b5,covering,"{""k"": 6, ""t"": 3, ""v"": 24}",published,116,True,124,0.9354838709677419,bench/results/claude-opus-5-5-headless-medium@128k.frozen69#A3.jsonl,9511023778723db9084cad14b356773d77102f198b1dac5d254ee150f3562e7c,60,,headless-medium@128k.frozen69#A3
opus55_medium,Claude Opus 5.5 medium,tool-free,shannon-4d7467466a4c,shannon,"{""d"": 24, ""q"": 7}",construction,1941100559147,True,1000000000000,0.515171661399882,bench/results/claude-opus-5-5-headless-medium@128k.frozen69#A3.jsonl,9511023778723db9084cad14b356773d77102f198b1dac5d254ee150f3562e7c,61,,headless-medium@128k.frozen69#A3
opus55_medium,Claude Opus 5.5 medium,tool-free,shannon-dbd709082fa3,shannon,"{""d"": 40, ""q"": 7}",construction,329100478707380211841,True,100000000000000000000,0.3038585674283234,bench/results/claude-opus-5-5-headless-medium@128k.frozen69#A3.jsonl,9511023778723db9084cad14b356773d77102f198b1dac5d254ee150f3562e7c,62,,headless-medium@128k.frozen69#A3
opus55_medium,Claude Opus 5.5 medium,tool-free,shannon-3ba3fb861c12,shannon,"{""d"": 48, ""q"": 9}",construction,3433683820292512484657849089281,True,3433683820292512484657849089281,1.0,bench/results/claude-opus-5-5-headless-medium@128k.frozen69#A3.jsonl,9511023778723db9084cad14b356773d77102f198b1dac5d254ee150f3562e7c,63,,headless-medium@128k.frozen69#A3
opus55_medium,Claude Opus 5.5 medium,tool-free,shannon-feb50364a0a8,shannon,"{""d"": 64, ""q"": 9}",construction,47890060730248079154410960106868188422724,True,47890060730248079154410960106868188422724,1.0,bench/results/claude-opus-5-5-headless-medium@128k.frozen69#A3.jsonl,9511023778723db9084cad14b356773d77102f198b1dac5d254ee150f3562e7c,64,,headless-medium@128k.frozen69#A3
opus55_medium,Claude Opus 5.5 medium,tool-free,trifference-f9a51728af9d,trifference,"{""m"": 1, ""n"": 64, ""representation"": ""certified""}",construction,19683,True,59049,3.0,bench/results/claude-opus-5-5-headless-medium@128k.frozen69#T1.jsonl,53a0184007519581012439ae792773c388900a42b3bb697b1e795bd7c39a63b6,1,,headless-medium@128k.frozen69#T1
opus55_medium,Claude Opus 5.5 medium,tool-free,trifference-0809543b57d9,trifference,"{""m"": 1, ""n"": 96, ""representation"": ""certified""}",construction,531441,True,531441,1.0,bench/results/claude-opus-5-5-headless-medium@128k.frozen69#T2.jsonl,c666b54324dd226a7ee028284ad524f4ef72aee5bec8029237a07cd9ab35982d,1,,headless-medium@128k.frozen69#T2
opus55_medium,Claude Opus 5.5 medium,tool-free,trifference-144e830d3cd7,trifference,"{""m"": 1, ""n"": 144, ""representation"": ""certified""}",construction,387420489,True,387420489,1.0,bench/results/claude-opus-5-5-headless-medium@128k.frozen69#T3.jsonl,6f93dc057be051001eccd3bcee4ce4506a36dc059afd4a357258fb991123d02e,1,,headless-medium@128k.frozen69#T3
opus55_medium,Claude Opus 5.5 medium,tool-free,trifference-2878b90f82e4,trifference,"{""m"": 1, ""n"": 192, ""representation"": ""certified""}",construction,10460353203,True,10460353203,1.0,bench/results/claude-opus-5-5-headless-medium@128k.frozen69#T4.jsonl,d8598542945ee5df5adbc8254653343b53390538e4c8bdc53360f9cb53a07bb1,1,,headless-medium@128k.frozen69#T4
opus55_high,Claude Opus 5.5 high,tool-free,capset-e561943a0230,capset,"{""d"": 10}",published,2432,True,1908,0.7845394736842105,bench/results/claude-opus-5-5-headless-high@128k.frozen69#A3.jsonl,c78f99981af46d14d22c5be4befa0bc18bbbff652c2ef2ad6ebb02ada31eade3,2,,headless-high@128k.frozen69#A3
opus55_high,Claude Opus 5.5 high,tool-free,capset-fb287354fb10,capset,"{""d"": 11}",published,5504,True,5040,0.9156976744186046,bench/results/claude-opus-5-5-headless-high@128k.frozen69#A3.jsonl,c78f99981af46d14d22c5be4befa0bc18bbbff652c2ef2ad6ebb02ada31eade3,3,,headless-high@128k.frozen69#A3
opus55_high,Claude Opus 5.5 high,tool-free,labs-8e3bca55269d,labs,"{""N"": 280}",construction,5.577689243027889,False,0,0.0,bench/results/claude-opus-5-5-headless-high@128k.frozen69#A3.jsonl,c78f99981af46d14d22c5be4befa0bc18bbbff652c2ef2ad6ebb02ada31eade3,4,,headless-high@128k.frozen69#A3
opus55_high,Claude Opus 5.5 high,tool-free,labs-0b0c9e75a95d,labs,"{""N"": 375}",construction,5.919058843336981,False,0,0.0,bench/results/claude-opus-5-5-headless-high@128k.frozen69#A3.jsonl,c78f99981af46d14d22c5be4befa0bc18bbbff652c2ef2ad6ebb02ada31eade3,6,,headless-high@128k.frozen69#A3
opus55_high,Claude Opus 5.5 high,tool-free,labs-69bcd35b5eda,labs,"{""N"": 357}",construction,5.862419503219871,True,5.662386706948641,0.9658787986493691,bench/results/claude-opus-5-5-headless-high@128k.frozen69#A3.jsonl,c78f99981af46d14d22c5be4befa0bc18bbbff652c2ef2ad6ebb02ada31eade3,1,,headless-high@128k.frozen69#A3
opus55_high,Claude Opus 5.5 high,tool-free,labs-112648954874,labs,"{""N"": 281}",construction,5.65299255441008,False,0,0.0,bench/results/claude-opus-5-5-headless-high@128k.frozen69#A3.jsonl,c78f99981af46d14d22c5be4befa0bc18bbbff652c2ef2ad6ebb02ada31eade3,5,,headless-high@128k.frozen69#A3
opus55_high,Claude Opus 5.5 high,tool-free,labs-824c59888322,labs,"{""N"": 240}",construction,5.858421480878763,True,5.454545454545454,0.9310606060606059,bench/results/claude-opus-5-5-headless-high@128k.frozen69#A3.jsonl,c78f99981af46d14d22c5be4befa0bc18bbbff652c2ef2ad6ebb02ada31eade3,11,,headless-high@128k.frozen69#A3
opus55_high,Claude Opus 5.5 high,tool-free,heilbronn-c4d41ce5a93d,heilbronn,"{""n"": 46}",construction,0.00047375,True,0.000235445,0.49698153034300796,bench/results/claude-opus-5-5-headless-high@128k.frozen69#A3.jsonl,c78f99981af46d14d22c5be4befa0bc18bbbff652c2ef2ad6ebb02ada31eade3,7,,headless-high@128k.frozen69#A3
opus55_high,Claude Opus 5.5 high,tool-free,heilbronn-0c621382b805,heilbronn,"{""n"": 26}",construction,0.002620975,True,0.000714,0.2724177071509648,bench/results/claude-opus-5-5-headless-high@128k.frozen69#A3.jsonl,c78f99981af46d14d22c5be4befa0bc18bbbff652c2ef2ad6ebb02ada31eade3,8,,headless-high@128k.frozen69#A3
opus55_high,Claude Opus 5.5 high,tool-free,heilbronn-a5c5c8aa2e3f,heilbronn,"{""n"": 40}",construction,0.0006907,True,0.00032,0.46329810337338934,bench/results/claude-opus-5-5-headless-high@128k.frozen69#A3.jsonl,c78f99981af46d14d22c5be4befa0bc18bbbff652c2ef2ad6ebb02ada31eade3,9,,headless-high@128k.frozen69#A3
opus55_high,Claude Opus 5.5 high,tool-free,heilbronn-d9588eea537f,heilbronn,"{""n"": 50}",construction,0.0002857,True,0.00019584,0.6854742737136856,bench/results/claude-opus-5-5-headless-high@128k.frozen69#A3.jsonl,c78f99981af46d14d22c5be4befa0bc18bbbff652c2ef2ad6ebb02ada31eade3,10,,headless-high@128k.frozen69#A3
opus55_high,Claude Opus 5.5 high,tool-free,heilbronn-ce0964a3b547,heilbronn,"{""n"": 48}",construction,0.00037548,True,0.00018432,0.4908916586768936,bench/results/claude-opus-5-5-headless-high@128k.frozen69#A3.jsonl,c78f99981af46d14d22c5be4befa0bc18bbbff652c2ef2ad6ebb02ada31eade3,12,,headless-high@128k.frozen69#A3
opus55_high,Claude Opus 5.5 high,tool-free,kissing-7c7466431087,kissing,"{""d"": 14}",published,1932,True,1484,0.7681159420289855,bench/results/claude-opus-5-5-headless-high@128k.frozen69#A3.jsonl,c78f99981af46d14d22c5be4befa0bc18bbbff652c2ef2ad6ebb02ada31eade3,14,,headless-high@128k.frozen69#A3
opus55_high,Claude Opus 5.5 high,tool-free,kissing-0e2702baa0cb,kissing,"{""d"": 15}",published,2564,True,2340,0.9126365054602185,bench/results/claude-opus-5-5-headless-high@128k.frozen69#A3.jsonl,c78f99981af46d14d22c5be4befa0bc18bbbff652c2ef2ad6ebb02ada31eade3,13,,headless-high@128k.frozen69#A3
opus55_high,Claude Opus 5.5 high,tool-free,corners-5c0a651526bb,corners,"{""n"": 138}",construction,3120,True,3120,1.0,bench/results/claude-opus-5-5-headless-high@128k.frozen69#A3.jsonl,c78f99981af46d14d22c5be4befa0bc18bbbff652c2ef2ad6ebb02ada31eade3,16,,headless-high@128k.frozen69#A3
opus55_high,Claude Opus 5.5 high,tool-free,corners-df38f45e8b38,corners,"{""n"": 183}",construction,4698,True,4734,1.0076628352490422,bench/results/claude-opus-5-5-headless-high@128k.frozen69#A3.jsonl,c78f99981af46d14d22c5be4befa0bc18bbbff652c2ef2ad6ebb02ada31eade3,15,,headless-high@128k.frozen69#A3
opus55_high,Claude Opus 5.5 high,tool-free,corners-dce415bc82c9,corners,"{""n"": 150}",construction,3504,True,3570,1.018835616438356,bench/results/claude-opus-5-5-headless-high@128k.frozen69#A3.jsonl,c78f99981af46d14d22c5be4befa0bc18bbbff652c2ef2ad6ebb02ada31eade3,19,,headless-high@128k.frozen69#A3
opus55_high,Claude Opus 5.5 high,tool-free,corners-299b1caf450c,corners,"{""n"": 162}",construction,3888,True,3960,1.0185185185185186,bench/results/claude-opus-5-5-headless-high@128k.frozen69#A3.jsonl,c78f99981af46d14d22c5be4befa0bc18bbbff652c2ef2ad6ebb02ada31eade3,17,,headless-high@128k.frozen69#A3
opus55_high,Claude Opus 5.5 high,tool-free,corners-b92c953c9648,corners,"{""n"": 185}",construction,4786,True,4786,1.0,bench/results/claude-opus-5-5-headless-high@128k.frozen69#A3.jsonl,c78f99981af46d14d22c5be4befa0bc18bbbff652c2ef2ad6ebb02ada31eade3,18,,headless-high@128k.frozen69#A3
opus55_high,Claude Opus 5.5 high,tool-free,kissing_theta-48ea4a32bea2,kissing_theta,"{""cos100"": 24, ""d"": 12}",construction,28,False,0,0.0,bench/results/claude-opus-5-5-headless-high@128k.frozen69#A3.jsonl,c78f99981af46d14d22c5be4befa0bc18bbbff652c2ef2ad6ebb02ada31eade3,20,,headless-high@128k.frozen69#A3
opus55_high,Claude Opus 5.5 high,tool-free,kissing_theta-88cc99fc7fbd,kissing_theta,"{""cos100"": 39, ""d"": 12}",construction,152,True,168,1.105263157894737,bench/results/claude-opus-5-5-headless-high@128k.frozen69#A3.jsonl,c78f99981af46d14d22c5be4befa0bc18bbbff652c2ef2ad6ebb02ada31eade3,21,,headless-high@128k.frozen69#A3
opus55_high,Claude Opus 5.5 high,tool-free,kissing_theta-18c29aeaf14f,kissing_theta,"{""cos100"": 36, ""d"": 14}",construction,124,False,0,0.0,bench/results/claude-opus-5-5-headless-high@128k.frozen69#A3.jsonl,c78f99981af46d14d22c5be4befa0bc18bbbff652c2ef2ad6ebb02ada31eade3,24,,headless-high@128k.frozen69#A3
opus55_high,Claude Opus 5.5 high,tool-free,kissing_theta-6cdc8634ec21,kissing_theta,"{""cos100"": 39, ""d"": 14}",construction,132,True,356,2.696969696969697,bench/results/claude-opus-5-5-headless-high@128k.frozen69#A3.jsonl,c78f99981af46d14d22c5be4befa0bc18bbbff652c2ef2ad6ebb02ada31eade3,22,,headless-high@128k.frozen69#A3
opus55_high,Claude Opus 5.5 high,tool-free,kissing_theta-5c1803b86d2d,kissing_theta,"{""cos100"": 36, ""d"": 12}",construction,152,True,168,1.105263157894737,bench/results/claude-opus-5-5-headless-high@128k.frozen69#A3.jsonl,c78f99981af46d14d22c5be4befa0bc18bbbff652c2ef2ad6ebb02ada31eade3,23,,headless-high@128k.frozen69#A3
opus55_high,Claude Opus 5.5 high,tool-free,heilbronn_shape-170f6064b3d7,heilbronn_shape,"{""T"": [[9026, 8197], [1769, 9178], [7298, 1276]], ""n"": 32}",construction,0.0014884960025223,True,0.0006793800527013562,0.45642047513068684,bench/results/claude-opus-5-5-headless-high@128k.frozen69#A3.jsonl,c78f99981af46d14d22c5be4befa0bc18bbbff652c2ef2ad6ebb02ada31eade3,26,,headless-high@128k.frozen69#A3
opus55_high,Claude Opus 5.5 high,tool-free,heilbronn_shape-0cef36bc9728,heilbronn_shape,"{""T"": [[578, 9933], [8598, 7337], [2075, 588]], ""n"": 34}",construction,0.0010042824240598402,True,0.0005369213425009339,0.5346318223218665,bench/results/claude-opus-5-5-headless-high@128k.frozen69#A3.jsonl,c78f99981af46d14d22c5be4befa0bc18bbbff652c2ef2ad6ebb02ada31eade3,25,,headless-high@128k.frozen69#A3
opus55_high,Claude Opus 5.5 high,tool-free,heilbronn_shape-0e86da8665f2,heilbronn_shape,"{""T"": [[411, 7999], [9004, 9890], [3031, 713]], ""n"": 31}",construction,0.0016863811501138092,True,0.0007651227184670762,0.45370687309653585,bench/results/claude-opus-5-5-headless-high@128k.frozen69#A3.jsonl,c78f99981af46d14d22c5be4befa0bc18bbbff652c2ef2ad6ebb02ada31eade3,28,,headless-high@128k.frozen69#A3
opus55_high,Claude Opus 5.5 high,tool-free,heilbronn_shape-4efe4b6d2f48,heilbronn_shape,"{""T"": [[7922, 8793], [9917, 1548], [1510, 3942]], ""n"": 40}",construction,0.0005937004438679532,True,0.00035043753919841887,0.5902598571685771,bench/results/claude-opus-5-5-headless-high@128k.frozen69#A3.jsonl,c78f99981af46d14d22c5be4befa0bc18bbbff652c2ef2ad6ebb02ada31eade3,27,,headless-high@128k.frozen69#A3
opus55_high,Claude Opus 5.5 high,tool-free,heilbronn_shape-7654620d3ab8,heilbronn_shape,"{""T"": [[526, 8526], [8696, 8279], [8084, 1688]], ""n"": 26}",construction,0.003982656623191187,True,0.00047604026353215655,0.1195283220652649,bench/results/claude-opus-5-5-headless-high@128k.frozen69#A3.jsonl,c78f99981af46d14d22c5be4befa0bc18bbbff652c2ef2ad6ebb02ada31eade3,29,,headless-high@128k.frozen69#A3
opus55_high,Claude Opus 5.5 high,tool-free,matmul-ffd9b6a99452,matmul,"{""m"": 4, ""n"": 4, ""p"": 5}",published,61,True,65,0.9384615384615385,bench/results/claude-opus-5-5-headless-high@128k.frozen69#A3.jsonl,c78f99981af46d14d22c5be4befa0bc18bbbff652c2ef2ad6ebb02ada31eade3,30,,headless-high@128k.frozen69#A3
opus55_high,Claude Opus 5.5 high,tool-free,matmul-7c87a93e97c3,matmul,"{""m"": 5, ""n"": 5, ""p"": 5}",published,93,True,110,0.8454545454545455,bench/results/claude-opus-5-5-headless-high@128k.frozen69#A3.jsonl,c78f99981af46d14d22c5be4befa0bc18bbbff652c2ef2ad6ebb02ada31eade3,31,,headless-high@128k.frozen69#A3
opus55_high,Claude Opus 5.5 high,tool-free,degdiam-698a36ec659c,degdiam,"{""d"": 4, ""k"": 5}",published,364,True,203,0.5576923076923077,bench/results/claude-opus-5-5-headless-high@128k.frozen69#A3.jsonl,c78f99981af46d14d22c5be4befa0bc18bbbff652c2ef2ad6ebb02ada31eade3,32,,headless-high@128k.frozen69#A3
opus55_high,Claude Opus 5.5 high,tool-free,degdiam-550afae4f1d9,degdiam,"{""d"": 7, ""k"": 3}",published,168,True,66,0.39285714285714285,bench/results/claude-opus-5-5-headless-high@128k.frozen69#A3.jsonl,c78f99981af46d14d22c5be4befa0bc18bbbff652c2ef2ad6ebb02ada31eade3,35,,headless-high@128k.frozen69#A3
opus55_high,Claude Opus 5.5 high,tool-free,degdiam-1bb88a3f7ec5,degdiam,"{""d"": 4, ""k"": 4}",published,104,True,57,0.5480769230769231,bench/results/claude-opus-5-5-headless-high@128k.frozen69#A3.jsonl,c78f99981af46d14d22c5be4befa0bc18bbbff652c2ef2ad6ebb02ada31eade3,33,,headless-high@128k.frozen69#A3
opus55_high,Claude Opus 5.5 high,tool-free,degdiam-69fe33ce30ae,degdiam,"{""d"": 3, ""k"": 7}",published,196,True,108,0.5510204081632653,bench/results/claude-opus-5-5-headless-high@128k.frozen69#A3.jsonl,c78f99981af46d14d22c5be4befa0bc18bbbff652c2ef2ad6ebb02ada31eade3,34,,headless-high@128k.frozen69#A3
opus55_high,Claude Opus 5.5 high,tool-free,lineq-dbd7ed2a31a1,lineq,"{""a"": 3, ""b"": 4, ""n"": 19044}",construction,630,True,704,1.1174603174603175,bench/results/claude-opus-5-5-headless-high@128k.frozen69#A3.jsonl,c78f99981af46d14d22c5be4befa0bc18bbbff652c2ef2ad6ebb02ada31eade3,36,,headless-high@128k.frozen69#A3
opus55_high,Claude Opus 5.5 high,tool-free,lineq-8e24e186040f,lineq,"{""a"": 2, ""b"": 5, ""n"": 18883}",construction,609,True,960,1.5763546798029557,bench/results/claude-opus-5-5-headless-high@128k.frozen69#A3.jsonl,c78f99981af46d14d22c5be4befa0bc18bbbff652c2ef2ad6ebb02ada31eade3,37,,headless-high@128k.frozen69#A3
opus55_high,Claude Opus 5.5 high,tool-free,lineq-9920caf37ad6,lineq,"{""a"": 2, ""b"": 3, ""n"": 17965}",construction,523,True,504,0.9636711281070746,bench/results/claude-opus-5-5-headless-high@128k.frozen69#A3.jsonl,c78f99981af46d14d22c5be4befa0bc18bbbff652c2ef2ad6ebb02ada31eade3,38,,headless-high@128k.frozen69#A3
opus55_high,Claude Opus 5.5 high,tool-free,lineq-3e1492fbf38e,lineq,"{""a"": 3, ""b"": 4, ""n"": 13312}",construction,512,True,614,1.19921875,bench/results/claude-opus-5-5-headless-high@128k.frozen69#A3.jsonl,c78f99981af46d14d22c5be4befa0bc18bbbff652c2ef2ad6ebb02ada31eade3,39,,headless-high@128k.frozen69#A3
opus55_high,Claude Opus 5.5 high,tool-free,lineq-4cf345605795,lineq,"{""a"": 3, ""b"": 4, ""n"": 6248}",construction,349,False,0,0.0,bench/results/claude-opus-5-5-headless-high@128k.frozen69#A3.jsonl,c78f99981af46d14d22c5be4befa0bc18bbbff652c2ef2ad6ebb02ada31eade3,42,,headless-high@128k.frozen69#A3
opus55_high,Claude Opus 5.5 high,tool-free,apfree_q-01c7215e28dc,apfree_q,"{""n"": 6, ""q"": 5}",published,649,True,625,0.963020030816641,bench/results/claude-opus-5-5-headless-high@128k.frozen69#A3.jsonl,c78f99981af46d14d22c5be4befa0bc18bbbff652c2ef2ad6ebb02ada31eade3,40,,headless-high@128k.frozen69#A3
opus55_high,Claude Opus 5.5 high,tool-free,apfree_q-ea15a8323290,apfree_q,"{""n"": 5, ""q"": 5}",published,194,True,150,0.7731958762886598,bench/results/claude-opus-5-5-headless-high@128k.frozen69#A3.jsonl,c78f99981af46d14d22c5be4befa0bc18bbbff652c2ef2ad6ebb02ada31eade3,41,,headless-high@128k.frozen69#A3
opus55_high,Claude Opus 5.5 high,tool-free,mols-9f35e847148f,mols,"{""n"": 14}",published,4,True,2,0.5,bench/results/claude-opus-5-5-headless-high@128k.frozen69#A3.jsonl,c78f99981af46d14d22c5be4befa0bc18bbbff652c2ef2ad6ebb02ada31eade3,46,,headless-high@128k.frozen69#A3
opus55_high,Claude Opus 5.5 high,tool-free,mols-7c78ac4f7920,mols,"{""n"": 10}",published,2,True,2,1.0,bench/results/claude-opus-5-5-headless-high@128k.frozen69#A3.jsonl,c78f99981af46d14d22c5be4befa0bc18bbbff652c2ef2ad6ebb02ada31eade3,43,,headless-high@128k.frozen69#A3
opus55_high,Claude Opus 5.5 high,tool-free,mols-934e5656a894,mols,"{""n"": 18}",published,5,True,2,0.4,bench/results/claude-opus-5-5-headless-high@128k.frozen69#A3.jsonl,c78f99981af46d14d22c5be4befa0bc18bbbff652c2ef2ad6ebb02ada31eade3,44,,headless-high@128k.frozen69#A3
opus55_high,Claude Opus 5.5 high,tool-free,capset-253c1b38c406,capset,"{""d"": 9}",published,1082,True,1008,0.9316081330868762,bench/results/claude-opus-5-5-headless-high@128k.frozen69#A3.jsonl,c78f99981af46d14d22c5be4befa0bc18bbbff652c2ef2ad6ebb02ada31eade3,45,,headless-high@128k.frozen69#A3
opus55_high,Claude Opus 5.5 high,tool-free,kissing-a4c5596cf65f,kissing,"{""d"": 13, ""representation"": ""quadratic""}",published,1154,True,954,0.8266897746967071,bench/results/claude-opus-5-5-headless-high@128k.frozen69#A3.jsonl,c78f99981af46d14d22c5be4befa0bc18bbbff652c2ef2ad6ebb02ada31eade3,51,,headless-high@128k.frozen69#A3
opus55_high,Claude Opus 5.5 high,tool-free,matmul-857618e58878,matmul,"{""m"": 5, ""n"": 4, ""p"": 5}",published,76,False,0,0.0,bench/results/claude-opus-5-5-headless-high@128k.frozen69#A3.jsonl,c78f99981af46d14d22c5be4befa0bc18bbbff652c2ef2ad6ebb02ada31eade3,47,,headless-high@128k.frozen69#A3
opus55_high,Claude Opus 5.5 high,tool-free,degdiam-b8f67d96ee68,degdiam,"{""d"": 6, ""k"": 3}",published,111,True,55,0.4954954954954955,bench/results/claude-opus-5-5-headless-high@128k.frozen69#A3.jsonl,c78f99981af46d14d22c5be4befa0bc18bbbff652c2ef2ad6ebb02ada31eade3,48,,headless-high@128k.frozen69#A3
opus55_high,Claude Opus 5.5 high,tool-free,degdiam-708cd938b766,degdiam,"{""d"": 5, ""k"": 4}",published,212,True,64,0.3018867924528302,bench/results/claude-opus-5-5-headless-high@128k.frozen69#A3.jsonl,c78f99981af46d14d22c5be4befa0bc18bbbff652c2ef2ad6ebb02ada31eade3,49,,headless-high@128k.frozen69#A3
opus55_high,Claude Opus 5.5 high,tool-free,degdiam-71d28a377ba1,degdiam,"{""d"": 3, ""k"": 6}",published,132,True,64,0.48484848484848486,bench/results/claude-opus-5-5-headless-high@128k.frozen69#A3.jsonl,c78f99981af46d14d22c5be4befa0bc18bbbff652c2ef2ad6ebb02ada31eade3,50,,headless-high@128k.frozen69#A3
opus55_high,Claude Opus 5.5 high,tool-free,apfree_q-84ab372c1270,apfree_q,"{""n"": 4, ""q"": 7}",construction,103,True,100,0.970873786407767,bench/results/claude-opus-5-5-headless-high@128k.frozen69#A3.jsonl,c78f99981af46d14d22c5be4befa0bc18bbbff652c2ef2ad6ebb02ada31eade3,55,,headless-high@128k.frozen69#A3
opus55_high,Claude Opus 5.5 high,tool-free,mols-dfb4c3a55793,mols,"{""n"": 15}",published,4,True,2,0.5,bench/results/claude-opus-5-5-headless-high@128k.frozen69#A3.jsonl,c78f99981af46d14d22c5be4befa0bc18bbbff652c2ef2ad6ebb02ada31eade3,52,,headless-high@128k.frozen69#A3
opus55_high,Claude Opus 5.5 high,tool-free,mols-5e98497ace6a,mols,"{""n"": 12}",published,5,True,2,0.4,bench/results/claude-opus-5-5-headless-high@128k.frozen69#A3.jsonl,c78f99981af46d14d22c5be4befa0bc18bbbff652c2ef2ad6ebb02ada31eade3,53,,headless-high@128k.frozen69#A3
opus55_high,Claude Opus 5.5 high,tool-free,mols-0e29c62754e2,mols,"{""n"": 20}",published,4,True,3,0.75,bench/results/claude-opus-5-5-headless-high@128k.frozen69#A3.jsonl,c78f99981af46d14d22c5be4befa0bc18bbbff652c2ef2ad6ebb02ada31eade3,54,,headless-high@128k.frozen69#A3
opus55_high,Claude Opus 5.5 high,tool-free,schur-133b39146db2,schur,"{""k"": 7}",published,1696,False,0,0.0,bench/results/claude-opus-5-5-headless-high@128k.frozen69#A3.jsonl,c78f99981af46d14d22c5be4befa0bc18bbbff652c2ef2ad6ebb02ada31eade3,57,,headless-high@128k.frozen69#A3
opus55_high,Claude Opus 5.5 high,tool-free,schur-4f4fcef4287a,schur,"{""k"": 6}",published,536,False,0,0.0,bench/results/claude-opus-5-5-headless-high@128k.frozen69#A3.jsonl,c78f99981af46d14d22c5be4befa0bc18bbbff652c2ef2ad6ebb02ada31eade3,56,,headless-high@128k.frozen69#A3
opus55_high,Claude Opus 5.5 high,tool-free,schur-16d4130a2932,schur,"{""k"": 8}",published,5362,True,3960,0.7385303991048117,bench/results/claude-opus-5-5-headless-high@128k.frozen69#A3.jsonl,c78f99981af46d14d22c5be4befa0bc18bbbff652c2ef2ad6ebb02ada31eade3,58,,headless-high@128k.frozen69#A3
opus55_high,Claude Opus 5.5 high,tool-free,covering-96b61f7899e7,covering,"{""k"": 7, ""t"": 4, ""v"": 18}",published,126,False,0,0.0,bench/results/claude-opus-5-5-headless-high@128k.frozen69#A3.jsonl,c78f99981af46d14d22c5be4befa0bc18bbbff652c2ef2ad6ebb02ada31eade3,59,,headless-high@128k.frozen69#A3
opus55_high,Claude Opus 5.5 high,tool-free,covering-551581f999ca,covering,"{""k"": 6, ""t"": 3, ""v"": 30}",published,225,False,0,0.0,bench/results/claude-opus-5-5-headless-high@128k.frozen69#A3.jsonl,c78f99981af46d14d22c5be4befa0bc18bbbff652c2ef2ad6ebb02ada31eade3,61,,headless-high@128k.frozen69#A3
opus55_high,Claude Opus 5.5 high,tool-free,covering-e208a41ac8b5,covering,"{""k"": 6, ""t"": 3, ""v"": 24}",published,116,True,124,0.9354838709677419,bench/results/claude-opus-5-5-headless-high@128k.frozen69#A3.jsonl,c78f99981af46d14d22c5be4befa0bc18bbbff652c2ef2ad6ebb02ada31eade3,60,,headless-high@128k.frozen69#A3
opus55_high,Claude Opus 5.5 high,tool-free,shannon-4d7467466a4c,shannon,"{""d"": 24, ""q"": 7}",construction,1941100559147,True,1384128720100,0.7130638923252093,bench/results/claude-opus-5-5-headless-high@128k.frozen69#A3.jsonl,c78f99981af46d14d22c5be4befa0bc18bbbff652c2ef2ad6ebb02ada31eade3,62,,headless-high@128k.frozen69#A3
opus55_high,Claude Opus 5.5 high,tool-free,shannon-dbd709082fa3,shannon,"{""d"": 40, ""q"": 7}",construction,329100478707380211841,False,0,0.0,bench/results/claude-opus-5-5-headless-high@128k.frozen69#A3.jsonl,c78f99981af46d14d22c5be4befa0bc18bbbff652c2ef2ad6ebb02ada31eade3,65,,headless-high@128k.frozen69#A3
opus55_high,Claude Opus 5.5 high,tool-free,shannon-3ba3fb861c12,shannon,"{""d"": 48, ""q"": 9}",construction,3433683820292512484657849089281,True,3433683820292512484657849089281,1.0,bench/results/claude-opus-5-5-headless-high@128k.frozen69#A3.jsonl,c78f99981af46d14d22c5be4befa0bc18bbbff652c2ef2ad6ebb02ada31eade3,63,,headless-high@128k.frozen69#A3
opus55_high,Claude Opus 5.5 high,tool-free,shannon-feb50364a0a8,shannon,"{""d"": 64, ""q"": 9}",construction,47890060730248079154410960106868188422724,True,47890060730248079154410960106868188422724,1.0,bench/results/claude-opus-5-5-headless-high@128k.frozen69#A3.jsonl,c78f99981af46d14d22c5be4befa0bc18bbbff652c2ef2ad6ebb02ada31eade3,64,,headless-high@128k.frozen69#A3
opus55_high,Claude Opus 5.5 high,tool-free,trifference-f9a51728af9d,trifference,"{""m"": 1, ""n"": 64, ""representation"": ""certified""}",construction,19683,True,59049,3.0,bench/results/claude-opus-5-5-headless-high@128k.frozen69#T1.jsonl,2934255ee5b65f66a6a5a56ceb87c8cc5eb2b82fbbe24a4ce1f26684b4027762,1,,headless-high@128k.frozen69#T1
opus55_high,Claude Opus 5.5 high,tool-free,trifference-0809543b57d9,trifference,"{""m"": 1, ""n"": 96, ""representation"": ""certified""}",construction,531441,True,531441,1.0,bench/results/claude-opus-5-5-headless-high@128k.frozen69#T2.jsonl,22fe9004165d5ecae8c6c23f3efb098966f6e05ef1107f029cae07aac93be941,1,,headless-high@128k.frozen69#T2
opus55_high,Claude Opus 5.5 high,tool-free,trifference-144e830d3cd7,trifference,"{""m"": 1, ""n"": 144, ""representation"": ""certified""}",construction,387420489,True,387420489,1.0,bench/results/claude-opus-5-5-headless-high@128k.frozen69#T3.jsonl,17132567d6f4d322124bcb883db8bc09b46b90544f74e3030dbd3ff33f942d52,1,,headless-high@128k.frozen69#T3
opus55_high,Claude Opus 5.5 high,tool-free,trifference-2878b90f82e4,trifference,"{""m"": 1, ""n"": 192, ""representation"": ""certified""}",construction,10460353203,True,10460353203,1.0,bench/results/claude-opus-5-5-headless-high@128k.frozen69#T4.jsonl,709cc7832df32f7f1f63bb997c6caf1e33cef38c65bde149369bbf260f487695,1,,headless-high@128k.frozen69#T4
astra_medium,GPT-6 Astra medium,tool-free,capset-e561943a0230,capset,"{""d"": 10}",published,2432,True,1681,0.6912006578947368,bench/results/gpt-6-astra-codex-medium@128k.once-refresh#A3.jsonl,e52ca23df2e5656749044b5ff73172d0eecc1856b755e5d396c782f44f98406c,7,,codex-medium@128k.once-refresh#A3
astra_medium,GPT-6 Astra medium,tool-free,capset-fb287354fb10,capset,"{""d"": 11}",published,5504,True,3600,0.6540697674418605,bench/results/gpt-6-astra-codex-medium@128k.once-refresh#A3.jsonl,e52ca23df2e5656749044b5ff73172d0eecc1856b755e5d396c782f44f98406c,9,,codex-medium@128k.once-refresh#A3
astra_medium,GPT-6 Astra medium,tool-free,labs-8e3bca55269d,labs,"{""N"": 280}",construction,5.577689243027889,True,5.565019875070982,0.9977285633162974,bench/results/gpt-6-astra-codex-medium@128k.once-refresh#A3.jsonl,e52ca23df2e5656749044b5ff73172d0eecc1856b755e5d396c782f44f98406c,49,,codex-medium@128k.once-refresh#A3
astra_medium,GPT-6 Astra medium,tool-free,labs-0b0c9e75a95d,labs,"{""N"": 375}",construction,5.919058843336981,True,5.855959023902724,0.989339551928042,bench/results/gpt-6-astra-codex-medium@128k.once-refresh#A3.jsonl,e52ca23df2e5656749044b5ff73172d0eecc1856b755e5d396c782f44f98406c,50,,codex-medium@128k.once-refresh#A3
astra_medium,GPT-6 Astra medium,tool-free,labs-69bcd35b5eda,labs,"{""N"": 357}",construction,5.862419503219871,True,5.662386706948641,0.9658787986493691,bench/results/gpt-6-astra-codex-medium@128k.once-refresh#A3.jsonl,e52ca23df2e5656749044b5ff73172d0eecc1856b755e5d396c782f44f98406c,51,,codex-medium@128k.once-refresh#A3
astra_medium,GPT-6 Astra medium,tool-free,labs-112648954874,labs,"{""N"": 281}",construction,5.65299255441008,True,5.592138810198301,0.9892351274787536,bench/results/gpt-6-astra-codex-medium@128k.once-refresh#A3.jsonl,e52ca23df2e5656749044b5ff73172d0eecc1856b755e5d396c782f44f98406c,52,,codex-medium@128k.once-refresh#A3
astra_medium,GPT-6 Astra medium,tool-free,labs-824c59888322,labs,"{""N"": 240}",construction,5.858421480878763,True,5.454545454545454,0.9310606060606059,bench/results/gpt-6-astra-codex-medium@128k.once-refresh#A3.jsonl,e52ca23df2e5656749044b5ff73172d0eecc1856b755e5d396c782f44f98406c,53,,codex-medium@128k.once-refresh#A3
astra_medium,GPT-6 Astra medium,tool-free,heilbronn-c4d41ce5a93d,heilbronn,"{""n"": 46}",construction,0.00047375,True,0.00026973,0.5693509234828495,bench/results/gpt-6-astra-codex-medium@128k.once-refresh#A3.jsonl,e52ca23df2e5656749044b5ff73172d0eecc1856b755e5d396c782f44f98406c,29,,codex-medium@128k.once-refresh#A3
astra_medium,GPT-6 Astra medium,tool-free,heilbronn-0c621382b805,heilbronn,"{""n"": 26}",construction,0.002620975,True,0.000908,0.3464359637157927,bench/results/gpt-6-astra-codex-medium@128k.once-refresh#A3.jsonl,e52ca23df2e5656749044b5ff73172d0eecc1856b755e5d396c782f44f98406c,30,,codex-medium@128k.once-refresh#A3
astra_medium,GPT-6 Astra medium,tool-free,heilbronn-a5c5c8aa2e3f,heilbronn,"{""n"": 40}",construction,0.0006907,True,0.00032768,0.4744172578543506,bench/results/gpt-6-astra-codex-medium@128k.once-refresh#A3.jsonl,e52ca23df2e5656749044b5ff73172d0eecc1856b755e5d396c782f44f98406c,31,,codex-medium@128k.once-refresh#A3
astra_medium,GPT-6 Astra medium,tool-free,heilbronn-d9588eea537f,heilbronn,"{""n"": 50}",construction,0.0002857,True,0.0003125,1.0938046902345118,bench/results/gpt-6-astra-codex-medium@128k.once-refresh#A3.jsonl,e52ca23df2e5656749044b5ff73172d0eecc1856b755e5d396c782f44f98406c,32,,codex-medium@128k.once-refresh#A3
astra_medium,GPT-6 Astra medium,tool-free,heilbronn-ce0964a3b547,heilbronn,"{""n"": 48}",construction,0.00037548,True,0.000235445,0.6270507084265474,bench/results/gpt-6-astra-codex-medium@128k.once-refresh#A3.jsonl,e52ca23df2e5656749044b5ff73172d0eecc1856b755e5d396c782f44f98406c,33,,codex-medium@128k.once-refresh#A3
astra_medium,GPT-6 Astra medium,tool-free,kissing-7c7466431087,kissing,"{""d"": 14}",published,1932,True,1260,0.6521739130434783,bench/results/gpt-6-astra-codex-medium@128k.once-refresh#A3.jsonl,e52ca23df2e5656749044b5ff73172d0eecc1856b755e5d396c782f44f98406c,39,,codex-medium@128k.once-refresh#A3
astra_medium,GPT-6 Astra medium,tool-free,kissing-0e2702baa0cb,kissing,"{""d"": 15}",published,2564,True,1710,0.6669266770670826,bench/results/gpt-6-astra-codex-medium@128k.once-refresh#A3.jsonl,e52ca23df2e5656749044b5ff73172d0eecc1856b755e5d396c782f44f98406c,40,,codex-medium@128k.once-refresh#A3
astra_medium,GPT-6 Astra medium,tool-free,corners-5c0a651526bb,corners,"{""n"": 138}",construction,3120,True,3120,1.0,bench/results/gpt-6-astra-codex-medium@128k.once-refresh#A3.jsonl,e52ca23df2e5656749044b5ff73172d0eecc1856b755e5d396c782f44f98406c,13,,codex-medium@128k.once-refresh#A3
astra_medium,GPT-6 Astra medium,tool-free,corners-df38f45e8b38,corners,"{""n"": 183}",construction,4698,True,4693,0.998935717326522,bench/results/gpt-6-astra-codex-medium@128k.once-refresh#A3.jsonl,e52ca23df2e5656749044b5ff73172d0eecc1856b755e5d396c782f44f98406c,14,,codex-medium@128k.once-refresh#A3
astra_medium,GPT-6 Astra medium,tool-free,corners-dce415bc82c9,corners,"{""n"": 150}",construction,3504,True,3504,1.0,bench/results/gpt-6-astra-codex-medium@128k.once-refresh#A3.jsonl,e52ca23df2e5656749044b5ff73172d0eecc1856b755e5d396c782f44f98406c,15,,codex-medium@128k.once-refresh#A3
astra_medium,GPT-6 Astra medium,tool-free,corners-299b1caf450c,corners,"{""n"": 162}",construction,3888,True,3996,1.0277777777777777,bench/results/gpt-6-astra-codex-medium@128k.once-refresh#A3.jsonl,e52ca23df2e5656749044b5ff73172d0eecc1856b755e5d396c782f44f98406c,16,,codex-medium@128k.once-refresh#A3
astra_medium,GPT-6 Astra medium,tool-free,corners-b92c953c9648,corners,"{""n"": 185}",construction,4786,True,4786,1.0,bench/results/gpt-6-astra-codex-medium@128k.once-refresh#A3.jsonl,e52ca23df2e5656749044b5ff73172d0eecc1856b755e5d396c782f44f98406c,17,,codex-medium@128k.once-refresh#A3
astra_medium,GPT-6 Astra medium,tool-free,kissing_theta-48ea4a32bea2,kissing_theta,"{""cos100"": 24, ""d"": 12}",construction,28,True,36,1.2857142857142858,bench/results/gpt-6-astra-codex-medium@128k.once-refresh#A3.jsonl,e52ca23df2e5656749044b5ff73172d0eecc1856b755e5d396c782f44f98406c,44,,codex-medium@128k.once-refresh#A3
astra_medium,GPT-6 Astra medium,tool-free,kissing_theta-88cc99fc7fbd,kissing_theta,"{""cos100"": 39, ""d"": 12}",construction,152,True,160,1.0526315789473684,bench/results/gpt-6-astra-codex-medium@128k.once-refresh#A3.jsonl,e52ca23df2e5656749044b5ff73172d0eecc1856b755e5d396c782f44f98406c,45,,codex-medium@128k.once-refresh#A3
astra_medium,GPT-6 Astra medium,tool-free,kissing_theta-18c29aeaf14f,kissing_theta,"{""cos100"": 36, ""d"": 14}",construction,124,True,224,1.8064516129032258,bench/results/gpt-6-astra-codex-medium@128k.once-refresh#A3.jsonl,e52ca23df2e5656749044b5ff73172d0eecc1856b755e5d396c782f44f98406c,46,,codex-medium@128k.once-refresh#A3
astra_medium,GPT-6 Astra medium,tool-free,kissing_theta-6cdc8634ec21,kissing_theta,"{""cos100"": 39, ""d"": 14}",construction,132,True,224,1.696969696969697,bench/results/gpt-6-astra-codex-medium@128k.once-refresh#A3.jsonl,e52ca23df2e5656749044b5ff73172d0eecc1856b755e5d396c782f44f98406c,47,,codex-medium@128k.once-refresh#A3
astra_medium,GPT-6 Astra medium,tool-free,kissing_theta-5c1803b86d2d,kissing_theta,"{""cos100"": 36, ""d"": 12}",construction,152,True,160,1.0526315789473684,bench/results/gpt-6-astra-codex-medium@128k.once-refresh#A3.jsonl,e52ca23df2e5656749044b5ff73172d0eecc1856b755e5d396c782f44f98406c,48,,codex-medium@128k.once-refresh#A3
astra_medium,GPT-6 Astra medium,tool-free,heilbronn_shape-170f6064b3d7,heilbronn_shape,"{""T"": [[9026, 8197], [1769, 9178], [7298, 1276]], ""n"": 32}",construction,0.0014884960025223,True,0.0003542313865533635,0.23797940065214016,bench/results/gpt-6-astra-codex-medium@128k.once-refresh#A3.jsonl,e52ca23df2e5656749044b5ff73172d0eecc1856b755e5d396c782f44f98406c,34,,codex-medium@128k.once-refresh#A3
astra_medium,GPT-6 Astra medium,tool-free,heilbronn_shape-0cef36bc9728,heilbronn_shape,"{""T"": [[578, 9933], [8598, 7337], [2075, 588]], ""n"": 34}",construction,0.0010042824240598402,True,0.0003968438920827786,0.3951516849996497,bench/results/gpt-6-astra-codex-medium@128k.once-refresh#A3.jsonl,e52ca23df2e5656749044b5ff73172d0eecc1856b755e5d396c782f44f98406c,35,,codex-medium@128k.once-refresh#A3
astra_medium,GPT-6 Astra medium,tool-free,heilbronn_shape-0e86da8665f2,heilbronn_shape,"{""T"": [[411, 7999], [9004, 9890], [3031, 713]], ""n"": 31}",construction,0.0016863811501138092,True,0.0003831237971045047,0.2271869541939844,bench/results/gpt-6-astra-codex-medium@128k.once-refresh#A3.jsonl,e52ca23df2e5656749044b5ff73172d0eecc1856b755e5d396c782f44f98406c,36,,codex-medium@128k.once-refresh#A3
astra_medium,GPT-6 Astra medium,tool-free,heilbronn_shape-4efe4b6d2f48,heilbronn_shape,"{""T"": [[7922, 8793], [9917, 1548], [1510, 3942]], ""n"": 40}",construction,0.0005937004438679532,True,0.00019078011322636712,0.32134069495288964,bench/results/gpt-6-astra-codex-medium@128k.once-refresh#A3.jsonl,e52ca23df2e5656749044b5ff73172d0eecc1856b755e5d396c782f44f98406c,37,,codex-medium@128k.once-refresh#A3
astra_medium,GPT-6 Astra medium,tool-free,heilbronn_shape-7654620d3ab8,heilbronn_shape,"{""T"": [[526, 8526], [8696, 8279], [8084, 1688]], ""n"": 26}",construction,0.003982656623191187,False,0,0.0,bench/results/gpt-6-astra-codex-medium@128k.once-refresh#A3.jsonl,e52ca23df2e5656749044b5ff73172d0eecc1856b755e5d396c782f44f98406c,38,,codex-medium@128k.once-refresh#A3
astra_medium,GPT-6 Astra medium,tool-free,matmul-ffd9b6a99452,matmul,"{""m"": 4, ""n"": 4, ""p"": 5}",published,61,True,65,0.9384615384615385,bench/results/gpt-6-astra-codex-medium@128k.once-refresh#A3.jsonl,e52ca23df2e5656749044b5ff73172d0eecc1856b755e5d396c782f44f98406c,59,,codex-medium@128k.once-refresh#A3
astra_medium,GPT-6 Astra medium,tool-free,matmul-7c87a93e97c3,matmul,"{""m"": 5, ""n"": 5, ""p"": 5}",published,93,True,110,0.8454545454545455,bench/results/gpt-6-astra-codex-medium@128k.once-refresh#A3.jsonl,e52ca23df2e5656749044b5ff73172d0eecc1856b755e5d396c782f44f98406c,63,,codex-medium@128k.once-refresh#A3
astra_medium,GPT-6 Astra medium,tool-free,degdiam-698a36ec659c,degdiam,"{""d"": 4, ""k"": 5}",published,364,True,95,0.260989010989011,bench/results/gpt-6-astra-codex-medium@128k.once-refresh#A3.jsonl,e52ca23df2e5656749044b5ff73172d0eecc1856b755e5d396c782f44f98406c,21,,codex-medium@128k.once-refresh#A3
astra_medium,GPT-6 Astra medium,tool-free,degdiam-550afae4f1d9,degdiam,"{""d"": 7, ""k"": 3}",published,168,True,66,0.39285714285714285,bench/results/gpt-6-astra-codex-medium@128k.once-refresh#A3.jsonl,e52ca23df2e5656749044b5ff73172d0eecc1856b755e5d396c782f44f98406c,22,,codex-medium@128k.once-refresh#A3
astra_medium,GPT-6 Astra medium,tool-free,degdiam-1bb88a3f7ec5,degdiam,"{""d"": 4, ""k"": 4}",published,104,True,80,0.7692307692307693,bench/results/gpt-6-astra-codex-medium@128k.once-refresh#A3.jsonl,e52ca23df2e5656749044b5ff73172d0eecc1856b755e5d396c782f44f98406c,24,,codex-medium@128k.once-refresh#A3
astra_medium,GPT-6 Astra medium,tool-free,degdiam-69fe33ce30ae,degdiam,"{""d"": 3, ""k"": 7}",published,196,True,122,0.6224489795918368,bench/results/gpt-6-astra-codex-medium@128k.once-refresh#A3.jsonl,e52ca23df2e5656749044b5ff73172d0eecc1856b755e5d396c782f44f98406c,25,,codex-medium@128k.once-refresh#A3
astra_medium,GPT-6 Astra medium,tool-free,lineq-dbd7ed2a31a1,lineq,"{""a"": 3, ""b"": 4, ""n"": 19044}",construction,630,True,343,0.5444444444444444,bench/results/gpt-6-astra-codex-medium@128k.once-refresh#A3.jsonl,e52ca23df2e5656749044b5ff73172d0eecc1856b755e5d396c782f44f98406c,54,,codex-medium@128k.once-refresh#A3
astra_medium,GPT-6 Astra medium,tool-free,lineq-8e24e186040f,lineq,"{""a"": 2, ""b"": 5, ""n"": 18883}",construction,609,True,343,0.5632183908045977,bench/results/gpt-6-astra-codex-medium@128k.once-refresh#A3.jsonl,e52ca23df2e5656749044b5ff73172d0eecc1856b755e5d396c782f44f98406c,55,,codex-medium@128k.once-refresh#A3
astra_medium,GPT-6 Astra medium,tool-free,lineq-9920caf37ad6,lineq,"{""a"": 2, ""b"": 3, ""n"": 17965}",construction,523,True,375,0.7170172084130019,bench/results/gpt-6-astra-codex-medium@128k.once-refresh#A3.jsonl,e52ca23df2e5656749044b5ff73172d0eecc1856b755e5d396c782f44f98406c,56,,codex-medium@128k.once-refresh#A3
astra_medium,GPT-6 Astra medium,tool-free,lineq-3e1492fbf38e,lineq,"{""a"": 3, ""b"": 4, ""n"": 13312}",construction,512,True,448,0.875,bench/results/gpt-6-astra-codex-medium@128k.once-refresh#A3.jsonl,e52ca23df2e5656749044b5ff73172d0eecc1856b755e5d396c782f44f98406c,57,,codex-medium@128k.once-refresh#A3
astra_medium,GPT-6 Astra medium,tool-free,lineq-4cf345605795,lineq,"{""a"": 3, ""b"": 4, ""n"": 6248}",construction,349,True,252,0.7220630372492837,bench/results/gpt-6-astra-codex-medium@128k.once-refresh#A3.jsonl,e52ca23df2e5656749044b5ff73172d0eecc1856b755e5d396c782f44f98406c,58,,codex-medium@128k.once-refresh#A3
astra_medium,GPT-6 Astra medium,tool-free,apfree_q-01c7215e28dc,apfree_q,"{""n"": 6, ""q"": 5}",published,649,True,625,0.963020030816641,bench/results/gpt-6-astra-codex-medium@128k.once-refresh#A3.jsonl,e52ca23df2e5656749044b5ff73172d0eecc1856b755e5d396c782f44f98406c,1,,codex-medium@128k.once-refresh#A3
astra_medium,GPT-6 Astra medium,tool-free,apfree_q-ea15a8323290,apfree_q,"{""n"": 5, ""q"": 5}",published,194,True,124,0.6391752577319587,bench/results/gpt-6-astra-codex-medium@128k.once-refresh#A3.jsonl,e52ca23df2e5656749044b5ff73172d0eecc1856b755e5d396c782f44f98406c,2,,codex-medium@128k.once-refresh#A3
astra_medium,GPT-6 Astra medium,tool-free,mols-9f35e847148f,mols,"{""n"": 14}",published,4,True,1,0.25,bench/results/gpt-6-astra-codex-medium@128k.once-refresh#A3.jsonl,e52ca23df2e5656749044b5ff73172d0eecc1856b755e5d396c782f44f98406c,65,,codex-medium@128k.once-refresh#A3
astra_medium,GPT-6 Astra medium,tool-free,mols-7c78ac4f7920,mols,"{""n"": 10}",published,2,True,1,0.5,bench/results/gpt-6-astra-codex-medium@128k.once-refresh#A3.jsonl,e52ca23df2e5656749044b5ff73172d0eecc1856b755e5d396c782f44f98406c,66,,codex-medium@128k.once-refresh#A3
astra_medium,GPT-6 Astra medium,tool-free,mols-934e5656a894,mols,"{""n"": 18}",published,5,True,1,0.2,bench/results/gpt-6-astra-codex-medium@128k.once-refresh#A3.jsonl,e52ca23df2e5656749044b5ff73172d0eecc1856b755e5d396c782f44f98406c,67,,codex-medium@128k.once-refresh#A3
astra_medium,GPT-6 Astra medium,tool-free,capset-253c1b38c406,capset,"{""d"": 9}",published,1082,True,800,0.7393715341959335,bench/results/gpt-6-astra-codex-medium@128k.once-refresh#A3.jsonl,e52ca23df2e5656749044b5ff73172d0eecc1856b755e5d396c782f44f98406c,12,,codex-medium@128k.once-refresh#A3
astra_medium,GPT-6 Astra medium,tool-free,kissing-a4c5596cf65f,kissing,"{""d"": 13, ""representation"": ""quadratic""}",published,1154,True,906,0.7850953206239168,bench/results/gpt-6-astra-codex-medium@128k.kissing-q3.once#A3.jsonl,a32e8eeeb7193853b4fb26ed68cf25720ebc604ffa2ee64c90d91977dcc29e9b,1,,codex-medium@128k.kissing-q3.once#A3
astra_medium,GPT-6 Astra medium,tool-free,matmul-857618e58878,matmul,"{""m"": 5, ""n"": 4, ""p"": 5}",published,76,True,85,0.8941176470588236,bench/results/gpt-6-astra-codex-medium@128k.once-refresh#A3.jsonl,e52ca23df2e5656749044b5ff73172d0eecc1856b755e5d396c782f44f98406c,64,,codex-medium@128k.once-refresh#A3
astra_medium,GPT-6 Astra medium,tool-free,degdiam-b8f67d96ee68,degdiam,"{""d"": 6, ""k"": 3}",published,111,True,62,0.5585585585585585,bench/results/gpt-6-astra-codex-medium@128k.once-refresh#A3.jsonl,e52ca23df2e5656749044b5ff73172d0eecc1856b755e5d396c782f44f98406c,26,,codex-medium@128k.once-refresh#A3
astra_medium,GPT-6 Astra medium,tool-free,degdiam-708cd938b766,degdiam,"{""d"": 5, ""k"": 4}",published,212,True,170,0.8018867924528302,bench/results/gpt-6-astra-codex-medium@128k.once-refresh#A3.jsonl,e52ca23df2e5656749044b5ff73172d0eecc1856b755e5d396c782f44f98406c,27,,codex-medium@128k.once-refresh#A3
astra_medium,GPT-6 Astra medium,tool-free,degdiam-71d28a377ba1,degdiam,"{""d"": 3, ""k"": 6}",published,132,True,126,0.9545454545454546,bench/results/gpt-6-astra-codex-medium@128k.once-refresh#A3.jsonl,e52ca23df2e5656749044b5ff73172d0eecc1856b755e5d396c782f44f98406c,28,,codex-medium@128k.once-refresh#A3
astra_medium,GPT-6 Astra medium,tool-free,apfree_q-84ab372c1270,apfree_q,"{""n"": 4, ""q"": 7}",construction,103,True,100,0.970873786407767,bench/results/gpt-6-astra-codex-medium@128k.once-refresh#A3.jsonl,e52ca23df2e5656749044b5ff73172d0eecc1856b755e5d396c782f44f98406c,6,,codex-medium@128k.once-refresh#A3
astra_medium,GPT-6 Astra medium,tool-free,mols-dfb4c3a55793,mols,"{""n"": 15}",published,4,True,2,0.5,bench/results/gpt-6-astra-codex-medium@128k.once-refresh#A3.jsonl,e52ca23df2e5656749044b5ff73172d0eecc1856b755e5d396c782f44f98406c,70,,codex-medium@128k.once-refresh#A3
astra_medium,GPT-6 Astra medium,tool-free,mols-5e98497ace6a,mols,"{""n"": 12}",published,5,True,2,0.4,bench/results/gpt-6-astra-codex-medium@128k.once-refresh#A3.jsonl,e52ca23df2e5656749044b5ff73172d0eecc1856b755e5d396c782f44f98406c,71,,codex-medium@128k.once-refresh#A3
astra_medium,GPT-6 Astra medium,tool-free,mols-0e29c62754e2,mols,"{""n"": 20}",published,4,True,3,0.75,bench/results/gpt-6-astra-codex-medium@128k.once-refresh#A3.jsonl,e52ca23df2e5656749044b5ff73172d0eecc1856b755e5d396c782f44f98406c,72,,codex-medium@128k.once-refresh#A3
astra_medium,GPT-6 Astra medium,tool-free,schur-133b39146db2,schur,"{""k"": 7}",published,1696,True,1093,0.6444575471698113,bench/results/gpt-6-astra-codex-medium@128k.once-refresh#A3.jsonl,e52ca23df2e5656749044b5ff73172d0eecc1856b755e5d396c782f44f98406c,73,,codex-medium@128k.once-refresh#A3
astra_medium,GPT-6 Astra medium,tool-free,schur-4f4fcef4287a,schur,"{""k"": 6}",published,536,True,400,0.746268656716418,bench/results/gpt-6-astra-codex-medium@128k.once-refresh#A3.jsonl,e52ca23df2e5656749044b5ff73172d0eecc1856b755e5d396c782f44f98406c,74,,codex-medium@128k.once-refresh#A3
astra_medium,GPT-6 Astra medium,tool-free,schur-16d4130a2932,schur,"{""k"": 8}",published,5362,True,3280,0.6117120477433793,bench/results/gpt-6-astra-codex-medium@128k.once-refresh#A3.jsonl,e52ca23df2e5656749044b5ff73172d0eecc1856b755e5d396c782f44f98406c,75,,codex-medium@128k.once-refresh#A3
astra_medium,GPT-6 Astra medium,tool-free,covering-96b61f7899e7,covering,"{""k"": 7, ""t"": 4, ""v"": 18}",published,126,True,252,0.5,bench/results/gpt-6-astra-codex-medium@128k.once-refresh#A3.jsonl,e52ca23df2e5656749044b5ff73172d0eecc1856b755e5d396c782f44f98406c,18,,codex-medium@128k.once-refresh#A3
astra_medium,GPT-6 Astra medium,tool-free,covering-551581f999ca,covering,"{""k"": 6, ""t"": 3, ""v"": 30}",published,225,True,275,0.8181818181818182,bench/results/gpt-6-astra-codex-medium@128k.once-refresh#A3.jsonl,e52ca23df2e5656749044b5ff73172d0eecc1856b755e5d396c782f44f98406c,19,,codex-medium@128k.once-refresh#A3
astra_medium,GPT-6 Astra medium,tool-free,covering-e208a41ac8b5,covering,"{""k"": 6, ""t"": 3, ""v"": 24}",published,116,True,124,0.9354838709677419,bench/results/gpt-6-astra-codex-medium@128k.once-refresh#A3.jsonl,e52ca23df2e5656749044b5ff73172d0eecc1856b755e5d396c782f44f98406c,20,,codex-medium@128k.once-refresh#A3
astra_medium,GPT-6 Astra medium,tool-free,shannon-4d7467466a4c,shannon,"{""d"": 24, ""q"": 7}",construction,1941100559147,True,1000000000000,0.515171661399882,bench/results/gpt-6-astra-codex-medium@128k.once-refresh#A3.jsonl,e52ca23df2e5656749044b5ff73172d0eecc1856b755e5d396c782f44f98406c,76,,codex-medium@128k.once-refresh#A3
astra_medium,GPT-6 Astra medium,tool-free,shannon-dbd709082fa3,shannon,"{""d"": 40, ""q"": 7}",construction,329100478707380211841,True,100000000000000000000,0.3038585674283234,bench/results/gpt-6-astra-codex-medium@128k.once-refresh#A3.jsonl,e52ca23df2e5656749044b5ff73172d0eecc1856b755e5d396c782f44f98406c,77,,codex-medium@128k.once-refresh#A3
astra_medium,GPT-6 Astra medium,tool-free,shannon-3ba3fb861c12,shannon,"{""d"": 48, ""q"": 9}",construction,3433683820292512484657849089281,True,3433683820292512484657849089281,1.0,bench/results/gpt-6-astra-codex-medium@128k.once-refresh#A3.jsonl,e52ca23df2e5656749044b5ff73172d0eecc1856b755e5d396c782f44f98406c,78,,codex-medium@128k.once-refresh#A3
astra_medium,GPT-6 Astra medium,tool-free,shannon-feb50364a0a8,shannon,"{""d"": 64, ""q"": 9}",construction,47890060730248079154410960106868188422724,True,47890060730248079154410960106868188422724,1.0,bench/results/gpt-6-astra-codex-medium@128k.once-refresh#A3.jsonl,e52ca23df2e5656749044b5ff73172d0eecc1856b755e5d396c782f44f98406c,79,,codex-medium@128k.once-refresh#A3
astra_medium,GPT-6 Astra medium,tool-free,trifference-f9a51728af9d,trifference,"{""m"": 1, ""n"": 64, ""representation"": ""certified""}",construction,19683,True,19683,1.0,bench/results/gpt-6-astra-codex-medium@128k.once-refresh#T1.jsonl,399cef7339fa87ed1a98ced3e0b399a7b5c6f90e56059a94099f078c0b362c0e,1,,codex-medium@128k.once-refresh#T1
astra_medium,GPT-6 Astra medium,tool-free,trifference-0809543b57d9,trifference,"{""m"": 1, ""n"": 96, ""representation"": ""certified""}",construction,531441,True,531441,1.0,bench/results/gpt-6-astra-codex-medium@128k.once-refresh#T2.jsonl,5d9faa2bf6e643cc976e8a512475aff8caf88cf35b44c2371d6c060c34924971,1,,codex-medium@128k.once-refresh#T2
astra_medium,GPT-6 Astra medium,tool-free,trifference-144e830d3cd7,trifference,"{""m"": 1, ""n"": 144, ""representation"": ""certified""}",construction,387420489,True,387420489,1.0,bench/results/gpt-6-astra-codex-medium@128k.once-refresh#T3.jsonl,3966df783548387760ada3a6dfa191ad66583baf6c72dce08ccd526657559c9d,1,,codex-medium@128k.once-refresh#T3
astra_medium,GPT-6 Astra medium,tool-free,trifference-2878b90f82e4,trifference,"{""m"": 1, ""n"": 192, ""representation"": ""certified""}",construction,10460353203,True,10460353203,1.0,bench/results/gpt-6-astra-codex-medium@128k.once-refresh#T4.jsonl,76377dda36bd9dd055e6f2f0f5d7f9b303f1870e28f45de4b9fda7ea753d65e0,1,,codex-medium@128k.once-refresh#T4
astra_high,GPT-6 Astra high,tool-free,capset-e561943a0230,capset,"{""d"": 10}",published,2432,True,2240,0.9210526315789473,bench/results/gpt-6-astra-codex-high@128k.once-refresh#A3.jsonl,a18f0ebe067d7736a75b67a3fc11bef120c0daec91950bbd2442bd6c2fc48424,7,,codex-high@128k.once-refresh#A3
astra_high,GPT-6 Astra high,tool-free,capset-fb287354fb10,capset,"{""d"": 11}",published,5504,True,5040,0.9156976744186046,bench/results/gpt-6-astra-codex-high@128k.once-refresh#A3.jsonl,a18f0ebe067d7736a75b67a3fc11bef120c0daec91950bbd2442bd6c2fc48424,9,,codex-high@128k.once-refresh#A3
astra_high,GPT-6 Astra high,tool-free,labs-8e3bca55269d,labs,"{""N"": 280}",construction,5.577689243027889,True,5.496354458777342,0.9854178351093662,bench/results/gpt-6-astra-codex-high@128k.once-refresh#A3.jsonl,a18f0ebe067d7736a75b67a3fc11bef120c0daec91950bbd2442bd6c2fc48424,49,,codex-high@128k.once-refresh#A3
astra_high,GPT-6 Astra high,tool-free,labs-0b0c9e75a95d,labs,"{""N"": 375}",construction,5.919058843336981,True,6.051510457010069,1.0223771408899216,bench/results/gpt-6-astra-codex-high@128k.once-refresh#A3.jsonl,a18f0ebe067d7736a75b67a3fc11bef120c0daec91950bbd2442bd6c2fc48424,50,,codex-high@128k.once-refresh#A3
astra_high,GPT-6 Astra high,tool-free,labs-69bcd35b5eda,labs,"{""N"": 357}",construction,5.862419503219871,True,5.838785046728972,0.9959684808502841,bench/results/gpt-6-astra-codex-high@128k.once-refresh#A3.jsonl,a18f0ebe067d7736a75b67a3fc11bef120c0daec91950bbd2442bd6c2fc48424,51,,codex-high@128k.once-refresh#A3
astra_high,GPT-6 Astra high,tool-free,labs-112648954874,labs,"{""N"": 281}",construction,5.65299255441008,True,5.592138810198301,0.9892351274787536,bench/results/gpt-6-astra-codex-high@128k.once-refresh#A3.jsonl,a18f0ebe067d7736a75b67a3fc11bef120c0daec91950bbd2442bd6c2fc48424,52,,codex-high@128k.once-refresh#A3
astra_high,GPT-6 Astra high,tool-free,labs-824c59888322,labs,"{""N"": 240}",construction,5.858421480878763,True,5.454545454545454,0.9310606060606059,bench/results/gpt-6-astra-codex-high@128k.once-refresh#A3.jsonl,a18f0ebe067d7736a75b67a3fc11bef120c0daec91950bbd2442bd6c2fc48424,53,,codex-high@128k.once-refresh#A3
astra_high,GPT-6 Astra high,tool-free,heilbronn-c4d41ce5a93d,heilbronn,"{""n"": 46}",construction,0.00047375,True,0.00056523,1.1930976253298153,bench/results/gpt-6-astra-codex-high@128k.once-refresh#A3.jsonl,a18f0ebe067d7736a75b67a3fc11bef120c0daec91950bbd2442bd6c2fc48424,29,,codex-high@128k.once-refresh#A3
astra_high,GPT-6 Astra high,tool-free,heilbronn-0c621382b805,heilbronn,"{""n"": 26}",construction,0.002620975,True,0.002028355,0.7738933030646991,bench/results/gpt-6-astra-codex-high@128k.once-refresh#A3.jsonl,a18f0ebe067d7736a75b67a3fc11bef120c0daec91950bbd2442bd6c2fc48424,30,,codex-high@128k.once-refresh#A3
astra_high,GPT-6 Astra high,tool-free,heilbronn-a5c5c8aa2e3f,heilbronn,"{""n"": 40}",construction,0.0006907,True,0.00057818,0.8370928044013319,bench/results/gpt-6-astra-codex-high@128k.once-refresh#A3.jsonl,a18f0ebe067d7736a75b67a3fc11bef120c0daec91950bbd2442bd6c2fc48424,31,,codex-high@128k.once-refresh#A3
astra_high,GPT-6 Astra high,tool-free,heilbronn-d9588eea537f,heilbronn,"{""n"": 50}",construction,0.0002857,True,0.00022644,0.7925796289814491,bench/results/gpt-6-astra-codex-high@128k.once-refresh#A3.jsonl,a18f0ebe067d7736a75b67a3fc11bef120c0daec91950bbd2442bd6c2fc48424,32,,codex-high@128k.once-refresh#A3
astra_high,GPT-6 Astra high,tool-free,heilbronn-ce0964a3b547,heilbronn,"{""n"": 48}",construction,0.00037548,True,0.0004403,1.1726323639075318,bench/results/gpt-6-astra-codex-high@128k.once-refresh#A3.jsonl,a18f0ebe067d7736a75b67a3fc11bef120c0daec91950bbd2442bd6c2fc48424,33,,codex-high@128k.once-refresh#A3
astra_high,GPT-6 Astra high,tool-free,kissing-7c7466431087,kissing,"{""d"": 14}",published,1932,True,1260,0.6521739130434783,bench/results/gpt-6-astra-codex-high@128k.once-refresh#A3.jsonl,a18f0ebe067d7736a75b67a3fc11bef120c0daec91950bbd2442bd6c2fc48424,39,,codex-high@128k.once-refresh#A3
astra_high,GPT-6 Astra high,tool-free,kissing-0e2702baa0cb,kissing,"{""d"": 15}",published,2564,True,1710,0.6669266770670826,bench/results/gpt-6-astra-codex-high@128k.once-refresh#A3.jsonl,a18f0ebe067d7736a75b67a3fc11bef120c0daec91950bbd2442bd6c2fc48424,40,,codex-high@128k.once-refresh#A3
astra_high,GPT-6 Astra high,tool-free,corners-5c0a651526bb,corners,"{""n"": 138}",construction,3120,True,3300,1.0576923076923077,bench/results/gpt-6-astra-codex-high@128k.once-refresh#A3.jsonl,a18f0ebe067d7736a75b67a3fc11bef120c0daec91950bbd2442bd6c2fc48424,13,,codex-high@128k.once-refresh#A3
astra_high,GPT-6 Astra high,tool-free,corners-df38f45e8b38,corners,"{""n"": 183}",construction,4698,True,4698,1.0,bench/results/gpt-6-astra-codex-high@128k.once-refresh#A3.jsonl,a18f0ebe067d7736a75b67a3fc11bef120c0daec91950bbd2442bd6c2fc48424,14,,codex-high@128k.once-refresh#A3
astra_high,GPT-6 Astra high,tool-free,corners-dce415bc82c9,corners,"{""n"": 150}",construction,3504,True,3570,1.018835616438356,bench/results/gpt-6-astra-codex-high@128k.once-refresh#A3.jsonl,a18f0ebe067d7736a75b67a3fc11bef120c0daec91950bbd2442bd6c2fc48424,15,,codex-high@128k.once-refresh#A3
astra_high,GPT-6 Astra high,tool-free,corners-299b1caf450c,corners,"{""n"": 162}",construction,3888,True,4091,1.0522119341563787,bench/results/gpt-6-astra-codex-high@128k.once-refresh#A3.jsonl,a18f0ebe067d7736a75b67a3fc11bef120c0daec91950bbd2442bd6c2fc48424,16,,codex-high@128k.once-refresh#A3
astra_high,GPT-6 Astra high,tool-free,corners-b92c953c9648,corners,"{""n"": 185}",construction,4786,True,4786,1.0,bench/results/gpt-6-astra-codex-high@128k.once-refresh#A3.jsonl,a18f0ebe067d7736a75b67a3fc11bef120c0daec91950bbd2442bd6c2fc48424,17,,codex-high@128k.once-refresh#A3
astra_high,GPT-6 Astra high,tool-free,kissing_theta-48ea4a32bea2,kissing_theta,"{""cos100"": 24, ""d"": 12}",construction,28,True,55,1.9642857142857142,bench/results/gpt-6-astra-codex-high@128k.once-refresh#A3.jsonl,a18f0ebe067d7736a75b67a3fc11bef120c0daec91950bbd2442bd6c2fc48424,44,,codex-high@128k.once-refresh#A3
astra_high,GPT-6 Astra high,tool-free,kissing_theta-88cc99fc7fbd,kissing_theta,"{""cos100"": 39, ""d"": 12}",construction,152,True,180,1.1842105263157894,bench/results/gpt-6-astra-codex-high@128k.once-refresh#A3.jsonl,a18f0ebe067d7736a75b67a3fc11bef120c0daec91950bbd2442bd6c2fc48424,45,,codex-high@128k.once-refresh#A3
astra_high,GPT-6 Astra high,tool-free,kissing_theta-18c29aeaf14f,kissing_theta,"{""cos100"": 36, ""d"": 14}",construction,124,True,224,1.8064516129032258,bench/results/gpt-6-astra-codex-high@128k.once-refresh#A3.jsonl,a18f0ebe067d7736a75b67a3fc11bef120c0daec91950bbd2442bd6c2fc48424,46,,codex-high@128k.once-refresh#A3
astra_high,GPT-6 Astra high,tool-free,kissing_theta-6cdc8634ec21,kissing_theta,"{""cos100"": 39, ""d"": 14}",construction,132,True,290,2.196969696969697,bench/results/gpt-6-astra-codex-high@128k.once-refresh#A3.jsonl,a18f0ebe067d7736a75b67a3fc11bef120c0daec91950bbd2442bd6c2fc48424,47,,codex-high@128k.once-refresh#A3
astra_high,GPT-6 Astra high,tool-free,kissing_theta-5c1803b86d2d,kissing_theta,"{""cos100"": 36, ""d"": 12}",construction,152,True,168,1.105263157894737,bench/results/gpt-6-astra-codex-high@128k.once-refresh#A3.jsonl,a18f0ebe067d7736a75b67a3fc11bef120c0daec91950bbd2442bd6c2fc48424,48,,codex-high@128k.once-refresh#A3
astra_high,GPT-6 Astra high,tool-free,heilbronn_shape-170f6064b3d7,heilbronn_shape,"{""T"": [[9026, 8197], [1769, 9178], [7298, 1276]], ""n"": 32}",construction,0.0014884960025223,True,0.00047984562660887873,0.32236944257543604,bench/results/gpt-6-astra-codex-high@128k.once-refresh#A3.jsonl,a18f0ebe067d7736a75b67a3fc11bef120c0daec91950bbd2442bd6c2fc48424,34,,codex-high@128k.once-refresh#A3
astra_high,GPT-6 Astra high,tool-free,heilbronn_shape-0cef36bc9728,heilbronn_shape,"{""T"": [[578, 9933], [8598, 7337], [2075, 588]], ""n"": 34}",construction,0.0010042824240598402,True,0.0004267479087734135,0.4249281860856162,bench/results/gpt-6-astra-codex-high@128k.once-refresh#A3.jsonl,a18f0ebe067d7736a75b67a3fc11bef120c0daec91950bbd2442bd6c2fc48424,35,,codex-high@128k.once-refresh#A3
astra_high,GPT-6 Astra high,tool-free,heilbronn_shape-0e86da8665f2,heilbronn_shape,"{""T"": [[411, 7999], [9004, 9890], [3031, 713]], ""n"": 31}",construction,0.0016863811501138092,True,0.0007893815519016632,0.4680920157630972,bench/results/gpt-6-astra-codex-high@128k.once-refresh#A3.jsonl,a18f0ebe067d7736a75b67a3fc11bef120c0daec91950bbd2442bd6c2fc48424,36,,codex-high@128k.once-refresh#A3
astra_high,GPT-6 Astra high,tool-free,heilbronn_shape-4efe4b6d2f48,heilbronn_shape,"{""T"": [[7922, 8793], [9917, 1548], [1510, 3942]], ""n"": 40}",construction,0.0005937004438679532,True,0.00037689271411121703,0.6348196603252716,bench/results/gpt-6-astra-codex-high@128k.once-refresh#A3.jsonl,a18f0ebe067d7736a75b67a3fc11bef120c0daec91950bbd2442bd6c2fc48424,37,,codex-high@128k.once-refresh#A3
astra_high,GPT-6 Astra high,tool-free,heilbronn_shape-7654620d3ab8,heilbronn_shape,"{""T"": [[526, 8526], [8696, 8279], [8084, 1688]], ""n"": 26}",construction,0.003982656623191187,True,0.0008924319746315318,0.22407956775255505,bench/results/gpt-6-astra-codex-high@128k.once-refresh#A3.jsonl,a18f0ebe067d7736a75b67a3fc11bef120c0daec91950bbd2442bd6c2fc48424,38,,codex-high@128k.once-refresh#A3
astra_high,GPT-6 Astra high,tool-free,matmul-ffd9b6a99452,matmul,"{""m"": 4, ""n"": 4, ""p"": 5}",published,61,True,65,0.9384615384615385,bench/results/gpt-6-astra-codex-high@128k.once-refresh#A3.jsonl,a18f0ebe067d7736a75b67a3fc11bef120c0daec91950bbd2442bd6c2fc48424,59,,codex-high@128k.once-refresh#A3
astra_high,GPT-6 Astra high,tool-free,matmul-7c87a93e97c3,matmul,"{""m"": 5, ""n"": 5, ""p"": 5}",published,93,True,109,0.8532110091743119,bench/results/gpt-6-astra-codex-high@128k.once-refresh#A3.jsonl,a18f0ebe067d7736a75b67a3fc11bef120c0daec91950bbd2442bd6c2fc48424,63,,codex-high@128k.once-refresh#A3
astra_high,GPT-6 Astra high,tool-free,degdiam-698a36ec659c,degdiam,"{""d"": 4, ""k"": 5}",published,364,True,203,0.5576923076923077,bench/results/gpt-6-astra-codex-high@128k.once-refresh#A3.jsonl,a18f0ebe067d7736a75b67a3fc11bef120c0daec91950bbd2442bd6c2fc48424,21,,codex-high@128k.once-refresh#A3
astra_high,GPT-6 Astra high,tool-free,degdiam-550afae4f1d9,degdiam,"{""d"": 7, ""k"": 3}",published,168,True,100,0.5952380952380952,bench/results/gpt-6-astra-codex-high@128k.once-refresh#A3.jsonl,a18f0ebe067d7736a75b67a3fc11bef120c0daec91950bbd2442bd6c2fc48424,22,,codex-high@128k.once-refresh#A3
astra_high,GPT-6 Astra high,tool-free,degdiam-1bb88a3f7ec5,degdiam,"{""d"": 4, ""k"": 4}",published,104,True,80,0.7692307692307693,bench/results/gpt-6-astra-codex-high@128k.once-refresh#A3.jsonl,a18f0ebe067d7736a75b67a3fc11bef120c0daec91950bbd2442bd6c2fc48424,24,,codex-high@128k.once-refresh#A3
astra_high,GPT-6 Astra high,tool-free,degdiam-69fe33ce30ae,degdiam,"{""d"": 3, ""k"": 7}",published,196,True,168,0.8571428571428571,bench/results/gpt-6-astra-codex-high@128k.once-refresh#A3.jsonl,a18f0ebe067d7736a75b67a3fc11bef120c0daec91950bbd2442bd6c2fc48424,25,,codex-high@128k.once-refresh#A3
astra_high,GPT-6 Astra high,tool-free,lineq-dbd7ed2a31a1,lineq,"{""a"": 3, ""b"": 4, ""n"": 19044}",construction,630,True,490,0.7777777777777778,bench/results/gpt-6-astra-codex-high@128k.once-refresh#A3.jsonl,a18f0ebe067d7736a75b67a3fc11bef120c0daec91950bbd2442bd6c2fc48424,54,,codex-high@128k.once-refresh#A3
astra_high,GPT-6 Astra high,tool-free,lineq-8e24e186040f,lineq,"{""a"": 2, ""b"": 5, ""n"": 18883}",construction,609,True,960,1.5763546798029557,bench/results/gpt-6-astra-codex-high@128k.once-refresh#A3.jsonl,a18f0ebe067d7736a75b67a3fc11bef120c0daec91950bbd2442bd6c2fc48424,55,,codex-high@128k.once-refresh#A3
astra_high,GPT-6 Astra high,tool-free,lineq-9920caf37ad6,lineq,"{""a"": 2, ""b"": 3, ""n"": 17965}",construction,523,True,375,0.7170172084130019,bench/results/gpt-6-astra-codex-high@128k.once-refresh#A3.jsonl,a18f0ebe067d7736a75b67a3fc11bef120c0daec91950bbd2442bd6c2fc48424,56,,codex-high@128k.once-refresh#A3
astra_high,GPT-6 Astra high,tool-free,lineq-3e1492fbf38e,lineq,"{""a"": 3, ""b"": 4, ""n"": 13312}",construction,512,True,392,0.765625,bench/results/gpt-6-astra-codex-high@128k.once-refresh#A3.jsonl,a18f0ebe067d7736a75b67a3fc11bef120c0daec91950bbd2442bd6c2fc48424,57,,codex-high@128k.once-refresh#A3
astra_high,GPT-6 Astra high,tool-free,lineq-4cf345605795,lineq,"{""a"": 3, ""b"": 4, ""n"": 6248}",construction,349,True,360,1.0315186246418337,bench/results/gpt-6-astra-codex-high@128k.once-refresh#A3.jsonl,a18f0ebe067d7736a75b67a3fc11bef120c0daec91950bbd2442bd6c2fc48424,58,,codex-high@128k.once-refresh#A3
astra_high,GPT-6 Astra high,tool-free,apfree_q-01c7215e28dc,apfree_q,"{""n"": 6, ""q"": 5}",published,649,True,625,0.963020030816641,bench/results/gpt-6-astra-codex-high@128k.once-refresh#A3.jsonl,a18f0ebe067d7736a75b67a3fc11bef120c0daec91950bbd2442bd6c2fc48424,1,,codex-high@128k.once-refresh#A3
astra_high,GPT-6 Astra high,tool-free,apfree_q-ea15a8323290,apfree_q,"{""n"": 5, ""q"": 5}",published,194,True,156,0.8041237113402062,bench/results/gpt-6-astra-codex-high@128k.once-refresh#A3.jsonl,a18f0ebe067d7736a75b67a3fc11bef120c0daec91950bbd2442bd6c2fc48424,2,,codex-high@128k.once-refresh#A3
astra_high,GPT-6 Astra high,tool-free,mols-9f35e847148f,mols,"{""n"": 14}",published,4,True,1,0.25,bench/results/gpt-6-astra-codex-high@128k.once-refresh#A3.jsonl,a18f0ebe067d7736a75b67a3fc11bef120c0daec91950bbd2442bd6c2fc48424,65,,codex-high@128k.once-refresh#A3
astra_high,GPT-6 Astra high,tool-free,mols-7c78ac4f7920,mols,"{""n"": 10}",published,2,True,2,1.0,bench/results/gpt-6-astra-codex-high@128k.once-refresh#A3.jsonl,a18f0ebe067d7736a75b67a3fc11bef120c0daec91950bbd2442bd6c2fc48424,66,,codex-high@128k.once-refresh#A3
astra_high,GPT-6 Astra high,tool-free,mols-934e5656a894,mols,"{""n"": 18}",published,5,True,2,0.4,bench/results/gpt-6-astra-codex-high@128k.once-refresh#A3.jsonl,a18f0ebe067d7736a75b67a3fc11bef120c0daec91950bbd2442bd6c2fc48424,67,,codex-high@128k.once-refresh#A3
astra_high,GPT-6 Astra high,tool-free,capset-253c1b38c406,capset,"{""d"": 9}",published,1082,True,1008,0.9316081330868762,bench/results/gpt-6-astra-codex-high@128k.once-refresh#A3.jsonl,a18f0ebe067d7736a75b67a3fc11bef120c0daec91950bbd2442bd6c2fc48424,12,,codex-high@128k.once-refresh#A3
astra_high,GPT-6 Astra high,tool-free,kissing-a4c5596cf65f,kissing,"{""d"": 13, ""representation"": ""quadratic""}",published,1154,True,1066,0.9237435008665511,bench/results/gpt-6-astra-codex-high@128k.kissing-q3.once#A3.jsonl,2678208bdedaf913f90627f8366ed59bd79532180cd40d49920b41d3e231a844,1,,codex-high@128k.kissing-q3.once#A3
astra_high,GPT-6 Astra high,tool-free,matmul-857618e58878,matmul,"{""m"": 5, ""n"": 4, ""p"": 5}",published,76,True,85,0.8941176470588236,bench/results/gpt-6-astra-codex-high@128k.once-refresh#A3.jsonl,a18f0ebe067d7736a75b67a3fc11bef120c0daec91950bbd2442bd6c2fc48424,64,,codex-high@128k.once-refresh#A3
astra_high,GPT-6 Astra high,tool-free,degdiam-b8f67d96ee68,degdiam,"{""d"": 6, ""k"": 3}",published,111,True,81,0.7297297297297297,bench/results/gpt-6-astra-codex-high@128k.once-refresh#A3.jsonl,a18f0ebe067d7736a75b67a3fc11bef120c0daec91950bbd2442bd6c2fc48424,26,,codex-high@128k.once-refresh#A3
astra_high,GPT-6 Astra high,tool-free,degdiam-708cd938b766,degdiam,"{""d"": 5, ""k"": 4}",published,212,True,170,0.8018867924528302,bench/results/gpt-6-astra-codex-high@128k.once-refresh#A3.jsonl,a18f0ebe067d7736a75b67a3fc11bef120c0daec91950bbd2442bd6c2fc48424,27,,codex-high@128k.once-refresh#A3
astra_high,GPT-6 Astra high,tool-free,degdiam-71d28a377ba1,degdiam,"{""d"": 3, ""k"": 6}",published,132,True,126,0.9545454545454546,bench/results/gpt-6-astra-codex-high@128k.once-refresh#A3.jsonl,a18f0ebe067d7736a75b67a3fc11bef120c0daec91950bbd2442bd6c2fc48424,28,,codex-high@128k.once-refresh#A3
astra_high,GPT-6 Astra high,tool-free,apfree_q-84ab372c1270,apfree_q,"{""n"": 4, ""q"": 7}",construction,103,True,146,1.4174757281553398,bench/results/gpt-6-astra-codex-high@128k.once-refresh#A3.jsonl,a18f0ebe067d7736a75b67a3fc11bef120c0daec91950bbd2442bd6c2fc48424,6,,codex-high@128k.once-refresh#A3
astra_high,GPT-6 Astra high,tool-free,mols-dfb4c3a55793,mols,"{""n"": 15}",published,4,True,2,0.5,bench/results/gpt-6-astra-codex-high@128k.once-refresh#A3.jsonl,a18f0ebe067d7736a75b67a3fc11bef120c0daec91950bbd2442bd6c2fc48424,70,,codex-high@128k.once-refresh#A3
astra_high,GPT-6 Astra high,tool-free,mols-5e98497ace6a,mols,"{""n"": 12}",published,5,True,2,0.4,bench/results/gpt-6-astra-codex-high@128k.once-refresh#A3.jsonl,a18f0ebe067d7736a75b67a3fc11bef120c0daec91950bbd2442bd6c2fc48424,71,,codex-high@128k.once-refresh#A3
astra_high,GPT-6 Astra high,tool-free,mols-0e29c62754e2,mols,"{""n"": 20}",published,4,True,3,0.75,bench/results/gpt-6-astra-codex-high@128k.once-refresh#A3.jsonl,a18f0ebe067d7736a75b67a3fc11bef120c0daec91950bbd2442bd6c2fc48424,72,,codex-high@128k.once-refresh#A3
astra_high,GPT-6 Astra high,tool-free,schur-133b39146db2,schur,"{""k"": 7}",published,1696,True,1201,0.7081367924528302,bench/results/gpt-6-astra-codex-high@128k.once-refresh#A3.jsonl,a18f0ebe067d7736a75b67a3fc11bef120c0daec91950bbd2442bd6c2fc48424,73,,codex-high@128k.once-refresh#A3
astra_high,GPT-6 Astra high,tool-free,schur-4f4fcef4287a,schur,"{""k"": 6}",published,536,True,400,0.746268656716418,bench/results/gpt-6-astra-codex-high@128k.once-refresh#A3.jsonl,a18f0ebe067d7736a75b67a3fc11bef120c0daec91950bbd2442bd6c2fc48424,74,,codex-high@128k.once-refresh#A3
astra_high,GPT-6 Astra high,tool-free,schur-16d4130a2932,schur,"{""k"": 8}",published,5362,True,3960,0.7385303991048117,bench/results/gpt-6-astra-codex-high@128k.once-refresh#A3.jsonl,a18f0ebe067d7736a75b67a3fc11bef120c0daec91950bbd2442bd6c2fc48424,75,,codex-high@128k.once-refresh#A3
astra_high,GPT-6 Astra high,tool-free,covering-96b61f7899e7,covering,"{""k"": 7, ""t"": 4, ""v"": 18}",published,126,True,150,0.84,bench/results/gpt-6-astra-codex-high@128k.once-refresh#A3.jsonl,a18f0ebe067d7736a75b67a3fc11bef120c0daec91950bbd2442bd6c2fc48424,18,,codex-high@128k.once-refresh#A3
astra_high,GPT-6 Astra high,tool-free,covering-551581f999ca,covering,"{""k"": 6, ""t"": 3, ""v"": 30}",published,225,True,275,0.8181818181818182,bench/results/gpt-6-astra-codex-high@128k.once-refresh#A3.jsonl,a18f0ebe067d7736a75b67a3fc11bef120c0daec91950bbd2442bd6c2fc48424,19,,codex-high@128k.once-refresh#A3
astra_high,GPT-6 Astra high,tool-free,covering-e208a41ac8b5,covering,"{""k"": 6, ""t"": 3, ""v"": 24}",published,116,True,117,0.9914529914529915,bench/results/gpt-6-astra-codex-high@128k.once-refresh#A3.jsonl,a18f0ebe067d7736a75b67a3fc11bef120c0daec91950bbd2442bd6c2fc48424,20,,codex-high@128k.once-refresh#A3
astra_high,GPT-6 Astra high,tool-free,shannon-4d7467466a4c,shannon,"{""d"": 24, ""q"": 7}",construction,1941100559147,True,1000000000000,0.515171661399882,bench/results/gpt-6-astra-codex-high@128k.infra-recovery#A3.jsonl,1c9ee2f552fa30fb7db19a9ca0df2b21dfb7e1ccd933ae1502a48e7896fe052b,1,,codex-high@128k.infra-recovery#A3
astra_high,GPT-6 Astra high,tool-free,shannon-dbd709082fa3,shannon,"{""d"": 40, ""q"": 7}",construction,329100478707380211841,True,191581231380566414401,0.5821359851345307,bench/results/gpt-6-astra-codex-high@128k.once#A3.jsonl,a26f9a4333fc464983751769bc19c68262cbd9cb8a3dea2c4a1298b9a3b62224,1,,codex-high@128k.once#A3
astra_high,GPT-6 Astra high,tool-free,shannon-3ba3fb861c12,shannon,"{""d"": 48, ""q"": 9}",construction,3433683820292512484657849089281,True,3433683820292512484657849089281,1.0,bench/results/gpt-6-astra-codex-high@128k.once#A3.jsonl,a26f9a4333fc464983751769bc19c68262cbd9cb8a3dea2c4a1298b9a3b62224,3,,codex-high@128k.once#A3
astra_high,GPT-6 Astra high,tool-free,shannon-feb50364a0a8,shannon,"{""d"": 64, ""q"": 9}",construction,47890060730248079154410960106868188422724,True,47890060730248079154410960106868188422724,1.0,bench/results/gpt-6-astra-codex-high@128k.once#A3.jsonl,a26f9a4333fc464983751769bc19c68262cbd9cb8a3dea2c4a1298b9a3b62224,4,,codex-high@128k.once#A3
astra_high,GPT-6 Astra high,tool-free,trifference-f9a51728af9d,trifference,"{""m"": 1, ""n"": 64, ""representation"": ""certified""}",construction,19683,True,59049,3.0,bench/results/gpt-6-astra-codex-high@128k.once#T1.jsonl,50dd7ecd72bda26dedd1c554877435439d854dce9c4c89ed53b22eeabaf6be87,1,,codex-high@128k.once#T1
astra_high,GPT-6 Astra high,tool-free,trifference-0809543b57d9,trifference,"{""m"": 1, ""n"": 96, ""representation"": ""certified""}",construction,531441,True,531441,1.0,bench/results/gpt-6-astra-codex-high@128k.once#T2.jsonl,0422d4ee25a09c7fa13968acc81325fc9bc88528e543e9af47808051780073e6,1,,codex-high@128k.once#T2
astra_high,GPT-6 Astra high,tool-free,trifference-144e830d3cd7,trifference,"{""m"": 1, ""n"": 144, ""representation"": ""certified""}",construction,387420489,True,387420489,1.0,bench/results/gpt-6-astra-codex-high@128k.once#T3.jsonl,8a3e0885b94b2f07adb64bfb750501974be479c5fe2d0b75bec5d6b73cab5af3,1,,codex-high@128k.once#T3
astra_high,GPT-6 Astra high,tool-free,trifference-2878b90f82e4,trifference,"{""m"": 1, ""n"": 192, ""representation"": ""certified""}",construction,10460353203,True,10460353203,1.0,bench/results/gpt-6-astra-codex-high@128k.once#T4.jsonl,1bdd20b5a08355a36dff0a11f682658bbeabeba8c61d1440af68161553a6e86a,1,,codex-high@128k.once#T4
astra_tools,GPT-6 Astra high + tools,tool-assisted,capset-e561943a0230,capset,"{""d"": 10}",published,2432,True,2432,1.0,bench/results/tool-assisted/astra-high-v1.json,5f1cfaff774d33e5135007d6c4fd5088b5aab1c53469abd7687026b58bb960a8,,/cases/0,
astra_tools,GPT-6 Astra high + tools,tool-assisted,capset-fb287354fb10,capset,"{""d"": 11}",published,5504,True,5232,0.9505813953488372,bench/results/tool-assisted/astra-high-v1.json,5f1cfaff774d33e5135007d6c4fd5088b5aab1c53469abd7687026b58bb960a8,,/cases/1,
astra_tools,GPT-6 Astra high + tools,tool-assisted,labs-8e3bca55269d,labs,"{""N"": 280}",construction,5.577689243027889,True,8.404802744425385,1.506861063464837,bench/results/tool-assisted/astra-high-v1.json,5f1cfaff774d33e5135007d6c4fd5088b5aab1c53469abd7687026b58bb960a8,,/cases/2,
astra_tools,GPT-6 Astra high + tools,tool-assisted,labs-0b0c9e75a95d,labs,"{""N"": 375}",construction,5.919058843336981,True,7.108735213830755,1.2009907997169142,bench/results/tool-assisted/astra-high-v1.json,5f1cfaff774d33e5135007d6c4fd5088b5aab1c53469abd7687026b58bb960a8,,/cases/3,
astra_tools,GPT-6 Astra high + tools,tool-assisted,labs-69bcd35b5eda,labs,"{""N"": 357}",construction,5.862419503219871,True,6.3056105283989705,1.075598654264793,bench/results/tool-assisted/astra-high-v1.json,5f1cfaff774d33e5135007d6c4fd5088b5aab1c53469abd7687026b58bb960a8,,/cases/4,
astra_tools,GPT-6 Astra high + tools,tool-assisted,labs-112648954874,labs,"{""N"": 281}",construction,5.65299255441008,True,8.5752606429192,1.5169417897480453,bench/results/tool-assisted/astra-high-v1.json,5f1cfaff774d33e5135007d6c4fd5088b5aab1c53469abd7687026b58bb960a8,,/cases/5,
astra_tools,GPT-6 Astra high + tools,tool-assisted,labs-824c59888322,labs,"{""N"": 240}",construction,5.858421480878763,True,9.183673469387756,1.5676020408163267,bench/results/tool-assisted/astra-high-v1.json,5f1cfaff774d33e5135007d6c4fd5088b5aab1c53469abd7687026b58bb960a8,,/cases/6,
astra_tools,GPT-6 Astra high + tools,tool-assisted,heilbronn-c4d41ce5a93d,heilbronn,"{""n"": 46}",construction,0.00047375,True,0.001429685,3.0178047493403692,bench/results/tool-assisted/astra-high-v1.json,5f1cfaff774d33e5135007d6c4fd5088b5aab1c53469abd7687026b58bb960a8,,/cases/7,
astra_tools,GPT-6 Astra high + tools,tool-assisted,heilbronn-0c621382b805,heilbronn,"{""n"": 26}",construction,0.002620975,True,0.00589965,2.2509371512509655,bench/results/tool-assisted/astra-high-v1.json,5f1cfaff774d33e5135007d6c4fd5088b5aab1c53469abd7687026b58bb960a8,,/cases/8,
astra_tools,GPT-6 Astra high + tools,tool-assisted,heilbronn-a5c5c8aa2e3f,heilbronn,"{""n"": 40}",construction,0.0006907,True,0.00210789,3.0518169972491673,bench/results/tool-assisted/astra-high-v1.json,5f1cfaff774d33e5135007d6c4fd5088b5aab1c53469abd7687026b58bb960a8,,/cases/9,
astra_tools,GPT-6 Astra high + tools,tool-assisted,heilbronn-d9588eea537f,heilbronn,"{""n"": 50}",construction,0.0002857,True,0.00083716,2.930206510325516,bench/results/tool-assisted/astra-high-v1.json,5f1cfaff774d33e5135007d6c4fd5088b5aab1c53469abd7687026b58bb960a8,,/cases/10,
astra_tools,GPT-6 Astra high + tools,tool-assisted,heilbronn-ce0964a3b547,heilbronn,"{""n"": 48}",construction,0.00037548,True,0.000732945,1.9520214125918827,bench/results/tool-assisted/astra-high-v1.json,5f1cfaff774d33e5135007d6c4fd5088b5aab1c53469abd7687026b58bb960a8,,/cases/11,
astra_tools,GPT-6 Astra high + tools,tool-assisted,kissing-7c7466431087,kissing,"{""d"": 14}",published,1932,True,1932,1.0,bench/results/tool-assisted/astra-high-v1.json,5f1cfaff774d33e5135007d6c4fd5088b5aab1c53469abd7687026b58bb960a8,,/cases/12,
astra_tools,GPT-6 Astra high + tools,tool-assisted,kissing-0e2702baa0cb,kissing,"{""d"": 15}",published,2564,True,2564,1.0,bench/results/tool-assisted/astra-high-v1.json,5f1cfaff774d33e5135007d6c4fd5088b5aab1c53469abd7687026b58bb960a8,,/cases/13,
astra_tools,GPT-6 Astra high + tools,tool-assisted,corners-5c0a651526bb,corners,"{""n"": 138}",construction,3120,True,3364,1.0782051282051281,bench/results/tool-assisted/astra-high-v1.json,5f1cfaff774d33e5135007d6c4fd5088b5aab1c53469abd7687026b58bb960a8,,/cases/14,
astra_tools,GPT-6 Astra high + tools,tool-assisted,corners-df38f45e8b38,corners,"{""n"": 183}",construction,4698,True,5348,1.1383567475521499,bench/results/tool-assisted/astra-high-v1.json,5f1cfaff774d33e5135007d6c4fd5088b5aab1c53469abd7687026b58bb960a8,,/cases/15,
astra_tools,GPT-6 Astra high + tools,tool-assisted,corners-dce415bc82c9,corners,"{""n"": 150}",construction,3504,True,3794,1.0827625570776256,bench/results/tool-assisted/astra-high-v1.json,5f1cfaff774d33e5135007d6c4fd5088b5aab1c53469abd7687026b58bb960a8,,/cases/16,
astra_tools,GPT-6 Astra high + tools,tool-assisted,corners-299b1caf450c,corners,"{""n"": 162}",construction,3888,True,4342,1.116769547325103,bench/results/tool-assisted/astra-high-v1.json,5f1cfaff774d33e5135007d6c4fd5088b5aab1c53469abd7687026b58bb960a8,,/cases/17,
astra_tools,GPT-6 Astra high + tools,tool-assisted,corners-b92c953c9648,corners,"{""n"": 185}",construction,4786,True,5393,1.1268282490597576,bench/results/tool-assisted/astra-high-v1.json,5f1cfaff774d33e5135007d6c4fd5088b5aab1c53469abd7687026b58bb960a8,,/cases/18,
astra_tools,GPT-6 Astra high + tools,tool-assisted,kissing_theta-48ea4a32bea2,kissing_theta,"{""cos100"": 24, ""d"": 12}",construction,28,True,78,2.7857142857142856,bench/results/tool-assisted/astra-high-v1.json,5f1cfaff774d33e5135007d6c4fd5088b5aab1c53469abd7687026b58bb960a8,,/cases/19,
astra_tools,GPT-6 Astra high + tools,tool-assisted,kissing_theta-88cc99fc7fbd,kissing_theta,"{""cos100"": 39, ""d"": 12}",construction,152,True,233,1.5328947368421053,bench/results/tool-assisted/astra-high-v1.json,5f1cfaff774d33e5135007d6c4fd5088b5aab1c53469abd7687026b58bb960a8,,/cases/20,
astra_tools,GPT-6 Astra high + tools,tool-assisted,kissing_theta-18c29aeaf14f,kissing_theta,"{""cos100"": 36, ""d"": 14}",construction,124,True,262,2.1129032258064515,bench/results/tool-assisted/astra-high-v1.json,5f1cfaff774d33e5135007d6c4fd5088b5aab1c53469abd7687026b58bb960a8,,/cases/21,
astra_tools,GPT-6 Astra high + tools,tool-assisted,kissing_theta-6cdc8634ec21,kissing_theta,"{""cos100"": 39, ""d"": 14}",construction,132,True,321,2.4318181818181817,bench/results/tool-assisted/astra-high-v1.json,5f1cfaff774d33e5135007d6c4fd5088b5aab1c53469abd7687026b58bb960a8,,/cases/22,
astra_tools,GPT-6 Astra high + tools,tool-assisted,kissing_theta-5c1803b86d2d,kissing_theta,"{""cos100"": 36, ""d"": 12}",construction,152,True,194,1.2763157894736843,bench/results/tool-assisted/astra-high-v1.json,5f1cfaff774d33e5135007d6c4fd5088b5aab1c53469abd7687026b58bb960a8,,/cases/23,
astra_tools,GPT-6 Astra high + tools,tool-assisted,heilbronn_shape-170f6064b3d7,heilbronn_shape,"{""T"": [[9026, 8197], [1769, 9178], [7298, 1276]], ""n"": 32}",construction,0.0014884960025223,True,0.002415291039546433,1.622638579783655,bench/results/tool-assisted/astra-high-v1.json,5f1cfaff774d33e5135007d6c4fd5088b5aab1c53469abd7687026b58bb960a8,,/cases/24,
astra_tools,GPT-6 Astra high + tools,tool-assisted,heilbronn_shape-0cef36bc9728,heilbronn_shape,"{""T"": [[578, 9933], [8598, 7337], [2075, 588]], ""n"": 34}",construction,0.0010042824240598402,True,0.0017143656137976035,1.7070552791984868,bench/results/tool-assisted/astra-high-v1.json,5f1cfaff774d33e5135007d6c4fd5088b5aab1c53469abd7687026b58bb960a8,,/cases/25,
astra_tools,GPT-6 Astra high + tools,tool-assisted,heilbronn_shape-0e86da8665f2,heilbronn_shape,"{""T"": [[411, 7999], [9004, 9890], [3031, 713]], ""n"": 31}",construction,0.0016863811501138092,True,0.00320848603891555,1.902586517110333,bench/results/tool-assisted/astra-high-v1.json,5f1cfaff774d33e5135007d6c4fd5088b5aab1c53469abd7687026b58bb960a8,,/cases/26,
astra_tools,GPT-6 Astra high + tools,tool-assisted,heilbronn_shape-4efe4b6d2f48,heilbronn_shape,"{""T"": [[7922, 8793], [9917, 1548], [1510, 3942]], ""n"": 40}",construction,0.0005937004438679532,True,0.001015843086786246,1.7110364280141634,bench/results/tool-assisted/astra-high-v1.json,5f1cfaff774d33e5135007d6c4fd5088b5aab1c53469abd7687026b58bb960a8,,/cases/27,
astra_tools,GPT-6 Astra high + tools,tool-assisted,heilbronn_shape-7654620d3ab8,heilbronn_shape,"{""T"": [[526, 8526], [8696, 8279], [8084, 1688]], ""n"": 26}",construction,0.003982656623191187,True,0.0049132555231763235,1.2336628507128176,bench/results/tool-assisted/astra-high-v1.json,5f1cfaff774d33e5135007d6c4fd5088b5aab1c53469abd7687026b58bb960a8,,/cases/28,
astra_tools,GPT-6 Astra high + tools,tool-assisted,matmul-ffd9b6a99452,matmul,"{""m"": 4, ""n"": 4, ""p"": 5}",published,61,True,61,1.0,bench/results/tool-assisted/astra-high-v1.json,5f1cfaff774d33e5135007d6c4fd5088b5aab1c53469abd7687026b58bb960a8,,/cases/29,
astra_tools,GPT-6 Astra high + tools,tool-assisted,matmul-7c87a93e97c3,matmul,"{""m"": 5, ""n"": 5, ""p"": 5}",published,93,True,93,1.0,bench/results/tool-assisted/astra-high-v1.json,5f1cfaff774d33e5135007d6c4fd5088b5aab1c53469abd7687026b58bb960a8,,/cases/30,
astra_tools,GPT-6 Astra high + tools,tool-assisted,degdiam-698a36ec659c,degdiam,"{""d"": 4, ""k"": 5}",published,364,True,364,1.0,bench/results/tool-assisted/astra-high-v1.json,5f1cfaff774d33e5135007d6c4fd5088b5aab1c53469abd7687026b58bb960a8,,/cases/31,
astra_tools,GPT-6 Astra high + tools,tool-assisted,degdiam-550afae4f1d9,degdiam,"{""d"": 7, ""k"": 3}",published,168,True,168,1.0,bench/results/tool-assisted/astra-high-v1.json,5f1cfaff774d33e5135007d6c4fd5088b5aab1c53469abd7687026b58bb960a8,,/cases/32,
astra_tools,GPT-6 Astra high + tools,tool-assisted,degdiam-1bb88a3f7ec5,degdiam,"{""d"": 4, ""k"": 4}",published,104,True,104,1.0,bench/results/tool-assisted/astra-high-v1.json,5f1cfaff774d33e5135007d6c4fd5088b5aab1c53469abd7687026b58bb960a8,,/cases/33,
astra_tools,GPT-6 Astra high + tools,tool-assisted,degdiam-69fe33ce30ae,degdiam,"{""d"": 3, ""k"": 7}",published,196,True,196,1.0,bench/results/tool-assisted/astra-high-v1.json,5f1cfaff774d33e5135007d6c4fd5088b5aab1c53469abd7687026b58bb960a8,,/cases/34,
astra_tools,GPT-6 Astra high + tools,tool-assisted,lineq-dbd7ed2a31a1,lineq,"{""a"": 3, ""b"": 4, ""n"": 19044}",construction,630,True,1010,1.6031746031746033,bench/results/tool-assisted/astra-high-v1.json,5f1cfaff774d33e5135007d6c4fd5088b5aab1c53469abd7687026b58bb960a8,,/cases/35,
astra_tools,GPT-6 Astra high + tools,tool-assisted,lineq-8e24e186040f,lineq,"{""a"": 2, ""b"": 5, ""n"": 18883}",construction,609,True,960,1.5763546798029557,bench/results/tool-assisted/astra-high-v1.json,5f1cfaff774d33e5135007d6c4fd5088b5aab1c53469abd7687026b58bb960a8,,/cases/36,
astra_tools,GPT-6 Astra high + tools,tool-assisted,lineq-9920caf37ad6,lineq,"{""a"": 2, ""b"": 3, ""n"": 17965}",construction,523,True,743,1.4206500956022945,bench/results/tool-assisted/astra-high-v1.json,5f1cfaff774d33e5135007d6c4fd5088b5aab1c53469abd7687026b58bb960a8,,/cases/37,
astra_tools,GPT-6 Astra high + tools,tool-assisted,lineq-3e1492fbf38e,lineq,"{""a"": 3, ""b"": 4, ""n"": 13312}",construction,512,True,740,1.4453125,bench/results/tool-assisted/astra-high-v1.json,5f1cfaff774d33e5135007d6c4fd5088b5aab1c53469abd7687026b58bb960a8,,/cases/38,
astra_tools,GPT-6 Astra high + tools,tool-assisted,lineq-4cf345605795,lineq,"{""a"": 3, ""b"": 4, ""n"": 6248}",construction,349,True,467,1.33810888252149,bench/results/tool-assisted/astra-high-v1.json,5f1cfaff774d33e5135007d6c4fd5088b5aab1c53469abd7687026b58bb960a8,,/cases/39,
astra_tools,GPT-6 Astra high + tools,tool-assisted,apfree_q-01c7215e28dc,apfree_q,"{""n"": 6, ""q"": 5}",published,649,True,649,1.0,bench/results/tool-assisted/astra-high-v1.json,5f1cfaff774d33e5135007d6c4fd5088b5aab1c53469abd7687026b58bb960a8,,/cases/40,
astra_tools,GPT-6 Astra high + tools,tool-assisted,apfree_q-ea15a8323290,apfree_q,"{""n"": 5, ""q"": 5}",published,194,True,194,1.0,bench/results/tool-assisted/astra-high-v1.json,5f1cfaff774d33e5135007d6c4fd5088b5aab1c53469abd7687026b58bb960a8,,/cases/41,
astra_tools,GPT-6 Astra high + tools,tool-assisted,mols-9f35e847148f,mols,"{""n"": 14}",published,4,True,4,1.0,bench/results/tool-assisted/astra-high-v1.json,5f1cfaff774d33e5135007d6c4fd5088b5aab1c53469abd7687026b58bb960a8,,/cases/42,
astra_tools,GPT-6 Astra high + tools,tool-assisted,mols-7c78ac4f7920,mols,"{""n"": 10}",published,2,True,2,1.0,bench/results/tool-assisted/astra-high-v1.json,5f1cfaff774d33e5135007d6c4fd5088b5aab1c53469abd7687026b58bb960a8,,/cases/43,
astra_tools,GPT-6 Astra high + tools,tool-assisted,mols-934e5656a894,mols,"{""n"": 18}",published,5,True,5,1.0,bench/results/tool-assisted/astra-high-v1.json,5f1cfaff774d33e5135007d6c4fd5088b5aab1c53469abd7687026b58bb960a8,,/cases/44,
astra_tools,GPT-6 Astra high + tools,tool-assisted,capset-253c1b38c406,capset,"{""d"": 9}",published,1082,True,1082,1.0,bench/results/tool-assisted/astra-high-v1.json,5f1cfaff774d33e5135007d6c4fd5088b5aab1c53469abd7687026b58bb960a8,,/cases/45,
astra_tools,GPT-6 Astra high + tools,tool-assisted,kissing-a4c5596cf65f,kissing,"{""d"": 13, ""representation"": ""quadratic""}",published,1154,True,1154,1.0,bench/results/tool-assisted/astra-high-v1.json,5f1cfaff774d33e5135007d6c4fd5088b5aab1c53469abd7687026b58bb960a8,,/cases/46,
astra_tools,GPT-6 Astra high + tools,tool-assisted,matmul-857618e58878,matmul,"{""m"": 5, ""n"": 4, ""p"": 5}",published,76,True,76,1.0,bench/results/tool-assisted/astra-high-v1.json,5f1cfaff774d33e5135007d6c4fd5088b5aab1c53469abd7687026b58bb960a8,,/cases/47,
astra_tools,GPT-6 Astra high + tools,tool-assisted,degdiam-b8f67d96ee68,degdiam,"{""d"": 6, ""k"": 3}",published,111,True,111,1.0,bench/results/tool-assisted/astra-high-v1.json,5f1cfaff774d33e5135007d6c4fd5088b5aab1c53469abd7687026b58bb960a8,,/cases/48,
astra_tools,GPT-6 Astra high + tools,tool-assisted,degdiam-708cd938b766,degdiam,"{""d"": 5, ""k"": 4}",published,212,True,212,1.0,bench/results/tool-assisted/astra-high-v1.json,5f1cfaff774d33e5135007d6c4fd5088b5aab1c53469abd7687026b58bb960a8,,/cases/49,
astra_tools,GPT-6 Astra high + tools,tool-assisted,degdiam-71d28a377ba1,degdiam,"{""d"": 3, ""k"": 6}",published,132,True,132,1.0,bench/results/tool-assisted/astra-high-v1.json,5f1cfaff774d33e5135007d6c4fd5088b5aab1c53469abd7687026b58bb960a8,,/cases/50,
astra_tools,GPT-6 Astra high + tools,tool-assisted,apfree_q-84ab372c1270,apfree_q,"{""n"": 4, ""q"": 7}",construction,103,True,155,1.5048543689320388,bench/results/tool-assisted/astra-high-v1.json,5f1cfaff774d33e5135007d6c4fd5088b5aab1c53469abd7687026b58bb960a8,,/cases/51,
astra_tools,GPT-6 Astra high + tools,tool-assisted,mols-dfb4c3a55793,mols,"{""n"": 15}",published,4,True,4,1.0,bench/results/tool-assisted/astra-high-v1.json,5f1cfaff774d33e5135007d6c4fd5088b5aab1c53469abd7687026b58bb960a8,,/cases/52,
astra_tools,GPT-6 Astra high + tools,tool-assisted,mols-5e98497ace6a,mols,"{""n"": 12}",published,5,True,5,1.0,bench/results/tool-assisted/astra-high-v1.json,5f1cfaff774d33e5135007d6c4fd5088b5aab1c53469abd7687026b58bb960a8,,/cases/53,
astra_tools,GPT-6 Astra high + tools,tool-assisted,mols-0e29c62754e2,mols,"{""n"": 20}",published,4,True,4,1.0,bench/results/tool-assisted/astra-high-v1.json,5f1cfaff774d33e5135007d6c4fd5088b5aab1c53469abd7687026b58bb960a8,,/cases/54,
astra_tools,GPT-6 Astra high + tools,tool-assisted,schur-133b39146db2,schur,"{""k"": 7}",published,1696,True,1696,1.0,bench/results/tool-assisted/astra-high-v1.json,5f1cfaff774d33e5135007d6c4fd5088b5aab1c53469abd7687026b58bb960a8,,/cases/55,
astra_tools,GPT-6 Astra high + tools,tool-assisted,schur-4f4fcef4287a,schur,"{""k"": 6}",published,536,True,536,1.0,bench/results/tool-assisted/astra-high-v1.json,5f1cfaff774d33e5135007d6c4fd5088b5aab1c53469abd7687026b58bb960a8,,/cases/56,
astra_tools,GPT-6 Astra high + tools,tool-assisted,schur-16d4130a2932,schur,"{""k"": 8}",published,5362,True,5362,1.0,bench/results/tool-assisted/astra-high-v1.json,5f1cfaff774d33e5135007d6c4fd5088b5aab1c53469abd7687026b58bb960a8,,/cases/57,
astra_tools,GPT-6 Astra high + tools,tool-assisted,covering-96b61f7899e7,covering,"{""k"": 7, ""t"": 4, ""v"": 18}",published,126,True,126,1.0,bench/results/tool-assisted/astra-high-v1.json,5f1cfaff774d33e5135007d6c4fd5088b5aab1c53469abd7687026b58bb960a8,,/cases/58,
astra_tools,GPT-6 Astra high + tools,tool-assisted,covering-551581f999ca,covering,"{""k"": 6, ""t"": 3, ""v"": 30}",published,225,True,225,1.0,bench/results/tool-assisted/astra-high-v1.json,5f1cfaff774d33e5135007d6c4fd5088b5aab1c53469abd7687026b58bb960a8,,/cases/59,
astra_tools,GPT-6 Astra high + tools,tool-assisted,covering-e208a41ac8b5,covering,"{""k"": 6, ""t"": 3, ""v"": 24}",published,116,True,116,1.0,bench/results/tool-assisted/astra-high-v1.json,5f1cfaff774d33e5135007d6c4fd5088b5aab1c53469abd7687026b58bb960a8,,/cases/60,
astra_tools,GPT-6 Astra high + tools,tool-assisted,shannon-4d7467466a4c,shannon,"{""d"": 24, ""q"": 7}",construction,1941100559147,True,1959241685868,1.0093457943925233,bench/results/tool-assisted/astra-high-v1.json,5f1cfaff774d33e5135007d6c4fd5088b5aab1c53469abd7687026b58bb960a8,,/cases/61,
astra_tools,GPT-6 Astra high + tools,tool-assisted,shannon-dbd709082fa3,shannon,"{""d"": 40, ""q"": 7}",construction,329100478707380211841,True,329100478707380211841,1.0,bench/results/tool-assisted/astra-high-v1.json,5f1cfaff774d33e5135007d6c4fd5088b5aab1c53469abd7687026b58bb960a8,,/cases/62,
astra_tools,GPT-6 Astra high + tools,tool-assisted,shannon-3ba3fb861c12,shannon,"{""d"": 48, ""q"": 9}",construction,3433683820292512484657849089281,True,3433683820292512484657849089281,1.0,bench/results/tool-assisted/astra-high-v1.json,5f1cfaff774d33e5135007d6c4fd5088b5aab1c53469abd7687026b58bb960a8,,/cases/63,
astra_tools,GPT-6 Astra high + tools,tool-assisted,shannon-feb50364a0a8,shannon,"{""d"": 64, ""q"": 9}",construction,47890060730248079154410960106868188422724,True,47890060730248079154410960106868188422724,1.0,bench/results/tool-assisted/astra-high-v1.json,5f1cfaff774d33e5135007d6c4fd5088b5aab1c53469abd7687026b58bb960a8,,/cases/64,
astra_tools,GPT-6 Astra high + tools,tool-assisted,trifference-f9a51728af9d,trifference,"{""m"": 1, ""n"": 64, ""representation"": ""certified""}",construction,19683,True,177147,9.0,bench/results/tool-assisted/astra-high-v1.json,5f1cfaff774d33e5135007d6c4fd5088b5aab1c53469abd7687026b58bb960a8,,/cases/65,
astra_tools,GPT-6 Astra high + tools,tool-assisted,trifference-0809543b57d9,trifference,"{""m"": 1, ""n"": 96, ""representation"": ""certified""}",construction,531441,True,531441,1.0,bench/results/tool-assisted/astra-high-v1.json,5f1cfaff774d33e5135007d6c4fd5088b5aab1c53469abd7687026b58bb960a8,,/cases/66,
astra_tools,GPT-6 Astra high + tools,tool-assisted,trifference-144e830d3cd7,trifference,"{""m"": 1, ""n"": 144, ""representation"": ""certified""}",construction,387420489,True,387420489,1.0,bench/results/tool-assisted/astra-high-v1.json,5f1cfaff774d33e5135007d6c4fd5088b5aab1c53469abd7687026b58bb960a8,,/cases/67,
astra_tools,GPT-6 Astra high + tools,tool-assisted,trifference-2878b90f82e4,trifference,"{""m"": 1, ""n"": 192, ""representation"": ""certified""}",construction,10460353203,True,10460353203,1.0,bench/results/tool-assisted/astra-high-v1.json,5f1cfaff774d33e5135007d6c4fd5088b5aab1c53469abd7687026b58bb960a8,,/cases/68,
luna_tools,GPT-5.6 Luna high + tools,tool-assisted,capset-e561943a0230,capset,"{""d"": 10}",published,2432,True,2240,0.9210526315789473,bench/results/tool-assisted/luna-high-v1.json,fdf3f35e11a112b97a1691febe9e9f38622858c0dea3a9a0c5b2b303b92e9706,,/cases/0,
luna_tools,GPT-5.6 Luna high + tools,tool-assisted,capset-fb287354fb10,capset,"{""d"": 11}",published,5504,True,5040,0.9156976744186046,bench/results/tool-assisted/luna-high-v1.json,fdf3f35e11a112b97a1691febe9e9f38622858c0dea3a9a0c5b2b303b92e9706,,/cases/1,
luna_tools,GPT-5.6 Luna high + tools,tool-assisted,labs-8e3bca55269d,labs,"{""N"": 280}",construction,5.577689243027889,True,6.990014265335235,1.2532097004279599,bench/results/tool-assisted/luna-high-v1.json,fdf3f35e11a112b97a1691febe9e9f38622858c0dea3a9a0c5b2b303b92e9706,,/cases/2,
luna_tools,GPT-5.6 Luna high + tools,tool-assisted,labs-0b0c9e75a95d,labs,"{""N"": 375}",construction,5.919058843336981,True,7.001145076172459,1.1828139002290152,bench/results/tool-assisted/luna-high-v1.json,fdf3f35e11a112b97a1691febe9e9f38622858c0dea3a9a0c5b2b303b92e9706,,/cases/3,
luna_tools,GPT-5.6 Luna high + tools,tool-assisted,labs-69bcd35b5eda,labs,"{""N"": 357}",construction,5.862419503219871,True,5.143220338983051,0.8773204196933011,bench/results/tool-assisted/luna-high-v1.json,fdf3f35e11a112b97a1691febe9e9f38622858c0dea3a9a0c5b2b303b92e9706,,/cases/4,
luna_tools,GPT-5.6 Luna high + tools,tool-assisted,labs-112648954874,labs,"{""N"": 281}",construction,5.65299255441008,True,7.505798479087453,1.3277566539923955,bench/results/tool-assisted/luna-high-v1.json,fdf3f35e11a112b97a1691febe9e9f38622858c0dea3a9a0c5b2b303b92e9706,,/cases/5,
luna_tools,GPT-5.6 Luna high + tools,tool-assisted,labs-824c59888322,labs,"{""N"": 240}",construction,5.858421480878763,True,7.651434643995749,1.3060573857598299,bench/results/tool-assisted/luna-high-v1.json,fdf3f35e11a112b97a1691febe9e9f38622858c0dea3a9a0c5b2b303b92e9706,,/cases/6,
luna_tools,GPT-5.6 Luna high + tools,tool-assisted,heilbronn-c4d41ce5a93d,heilbronn,"{""n"": 46}",construction,0.00047375,True,0.00153111,3.2318944591029024,bench/results/tool-assisted/luna-high-v1.json,fdf3f35e11a112b97a1691febe9e9f38622858c0dea3a9a0c5b2b303b92e9706,,/cases/7,
luna_tools,GPT-5.6 Luna high + tools,tool-assisted,heilbronn-0c621382b805,heilbronn,"{""n"": 26}",construction,0.002620975,True,0.00632318,2.4125296883793244,bench/results/tool-assisted/luna-high-v1.json,fdf3f35e11a112b97a1691febe9e9f38622858c0dea3a9a0c5b2b303b92e9706,,/cases/8,
luna_tools,GPT-5.6 Luna high + tools,tool-assisted,heilbronn-a5c5c8aa2e3f,heilbronn,"{""n"": 40}",construction,0.0006907,True,0.00124395,1.8009989865353988,bench/results/tool-assisted/luna-high-v1.json,fdf3f35e11a112b97a1691febe9e9f38622858c0dea3a9a0c5b2b303b92e9706,,/cases/9,
luna_tools,GPT-5.6 Luna high + tools,tool-assisted,heilbronn-d9588eea537f,heilbronn,"{""n"": 50}",construction,0.0002857,True,0.00130617,4.571823591179559,bench/results/tool-assisted/luna-high-v1.json,fdf3f35e11a112b97a1691febe9e9f38622858c0dea3a9a0c5b2b303b92e9706,,/cases/10,
luna_tools,GPT-5.6 Luna high + tools,tool-assisted,heilbronn-ce0964a3b547,heilbronn,"{""n"": 48}",construction,0.00037548,True,7.7815e-05,0.2072413976776393,bench/results/tool-assisted/luna-high-v1.json,fdf3f35e11a112b97a1691febe9e9f38622858c0dea3a9a0c5b2b303b92e9706,,/cases/11,
luna_tools,GPT-5.6 Luna high + tools,tool-assisted,kissing-7c7466431087,kissing,"{""d"": 14}",published,1932,True,1932,1.0,bench/results/tool-assisted/luna-high-v1.json,fdf3f35e11a112b97a1691febe9e9f38622858c0dea3a9a0c5b2b303b92e9706,,/cases/12,
luna_tools,GPT-5.6 Luna high + tools,tool-assisted,kissing-0e2702baa0cb,kissing,"{""d"": 15}",published,2564,True,2564,1.0,bench/results/tool-assisted/luna-high-v1.json,fdf3f35e11a112b97a1691febe9e9f38622858c0dea3a9a0c5b2b303b92e9706,,/cases/13,
luna_tools,GPT-5.6 Luna high + tools,tool-assisted,corners-5c0a651526bb,corners,"{""n"": 138}",construction,3120,True,3300,1.0576923076923077,bench/results/tool-assisted/luna-high-v1.json,fdf3f35e11a112b97a1691febe9e9f38622858c0dea3a9a0c5b2b303b92e9706,,/cases/14,
luna_tools,GPT-5.6 Luna high + tools,tool-assisted,corners-df38f45e8b38,corners,"{""n"": 183}",construction,4698,True,5227,1.1126011068539805,bench/results/tool-assisted/luna-high-v1.json,fdf3f35e11a112b97a1691febe9e9f38622858c0dea3a9a0c5b2b303b92e9706,,/cases/15,
luna_tools,GPT-5.6 Luna high + tools,tool-assisted,corners-dce415bc82c9,corners,"{""n"": 150}",construction,3504,True,3688,1.052511415525114,bench/results/tool-assisted/luna-high-v1.json,fdf3f35e11a112b97a1691febe9e9f38622858c0dea3a9a0c5b2b303b92e9706,,/cases/16,
luna_tools,GPT-5.6 Luna high + tools,tool-assisted,corners-299b1caf450c,corners,"{""n"": 162}",construction,3888,True,4193,1.0784465020576133,bench/results/tool-assisted/luna-high-v1.json,fdf3f35e11a112b97a1691febe9e9f38622858c0dea3a9a0c5b2b303b92e9706,,/cases/17,
luna_tools,GPT-5.6 Luna high + tools,tool-assisted,corners-b92c953c9648,corners,"{""n"": 185}",construction,4786,True,5218,1.0902632678646051,bench/results/tool-assisted/luna-high-v1.json,fdf3f35e11a112b97a1691febe9e9f38622858c0dea3a9a0c5b2b303b92e9706,,/cases/18,
luna_tools,GPT-5.6 Luna high + tools,tool-assisted,kissing_theta-48ea4a32bea2,kissing_theta,"{""cos100"": 24, ""d"": 12}",construction,28,True,77,2.75,bench/results/tool-assisted/luna-high-v1.json,fdf3f35e11a112b97a1691febe9e9f38622858c0dea3a9a0c5b2b303b92e9706,,/cases/19,
luna_tools,GPT-5.6 Luna high + tools,tool-assisted,kissing_theta-88cc99fc7fbd,kissing_theta,"{""cos100"": 39, ""d"": 12}",construction,152,True,152,1.0,bench/results/tool-assisted/luna-high-v1.json,fdf3f35e11a112b97a1691febe9e9f38622858c0dea3a9a0c5b2b303b92e9706,,/cases/20,
luna_tools,GPT-5.6 Luna high + tools,tool-assisted,kissing_theta-18c29aeaf14f,kissing_theta,"{""cos100"": 36, ""d"": 14}",construction,124,True,224,1.8064516129032258,bench/results/tool-assisted/luna-high-v1.json,fdf3f35e11a112b97a1691febe9e9f38622858c0dea3a9a0c5b2b303b92e9706,,/cases/21,
luna_tools,GPT-5.6 Luna high + tools,tool-assisted,kissing_theta-6cdc8634ec21,kissing_theta,"{""cos100"": 39, ""d"": 14}",construction,132,True,224,1.696969696969697,bench/results/tool-assisted/luna-high-v1.json,fdf3f35e11a112b97a1691febe9e9f38622858c0dea3a9a0c5b2b303b92e9706,,/cases/22,
luna_tools,GPT-5.6 Luna high + tools,tool-assisted,kissing_theta-5c1803b86d2d,kissing_theta,"{""cos100"": 36, ""d"": 12}",construction,152,True,168,1.105263157894737,bench/results/tool-assisted/luna-high-v1.json,fdf3f35e11a112b97a1691febe9e9f38622858c0dea3a9a0c5b2b303b92e9706,,/cases/23,
luna_tools,GPT-5.6 Luna high + tools,tool-assisted,heilbronn_shape-170f6064b3d7,heilbronn_shape,"{""T"": [[9026, 8197], [1769, 9178], [7298, 1276]], ""n"": 32}",construction,0.0014884960025223,True,0.003180975509556707,2.137040008281145,bench/results/tool-assisted/luna-high-v1.json,fdf3f35e11a112b97a1691febe9e9f38622858c0dea3a9a0c5b2b303b92e9706,,/cases/24,
luna_tools,GPT-5.6 Luna high + tools,tool-assisted,heilbronn_shape-0cef36bc9728,heilbronn_shape,"{""T"": [[578, 9933], [8598, 7337], [2075, 588]], ""n"": 34}",construction,0.0010042824240598402,True,0.0022557620044433005,2.2461430673299234,bench/results/tool-assisted/luna-high-v1.json,fdf3f35e11a112b97a1691febe9e9f38622858c0dea3a9a0c5b2b303b92e9706,,/cases/25,
luna_tools,GPT-5.6 Luna high + tools,tool-assisted,heilbronn_shape-0e86da8665f2,heilbronn_shape,"{""T"": [[411, 7999], [9004, 9890], [3031, 713]], ""n"": 31}",construction,0.0016863811501138092,True,0.003483858580740132,2.065878511809158,bench/results/tool-assisted/luna-high-v1.json,fdf3f35e11a112b97a1691febe9e9f38622858c0dea3a9a0c5b2b303b92e9706,,/cases/26,
luna_tools,GPT-5.6 Luna high + tools,tool-assisted,heilbronn_shape-4efe4b6d2f48,heilbronn_shape,"{""T"": [[7922, 8793], [9917, 1548], [1510, 3942]], ""n"": 40}",construction,0.0005937004438679532,True,0.0017002571674595648,2.8638300426093743,bench/results/tool-assisted/luna-high-v1.json,fdf3f35e11a112b97a1691febe9e9f38622858c0dea3a9a0c5b2b303b92e9706,,/cases/27,
luna_tools,GPT-5.6 Luna high + tools,tool-assisted,heilbronn_shape-7654620d3ab8,heilbronn_shape,"{""T"": [[526, 8526], [8696, 8279], [8084, 1688]], ""n"": 26}",construction,0.003982656623191187,True,0.004615438689825194,1.1588844147269157,bench/results/tool-assisted/luna-high-v1.json,fdf3f35e11a112b97a1691febe9e9f38622858c0dea3a9a0c5b2b303b92e9706,,/cases/28,
luna_tools,GPT-5.6 Luna high + tools,tool-assisted,matmul-ffd9b6a99452,matmul,"{""m"": 4, ""n"": 4, ""p"": 5}",published,61,True,80,0.7625,bench/results/tool-assisted/luna-high-v1.json,fdf3f35e11a112b97a1691febe9e9f38622858c0dea3a9a0c5b2b303b92e9706,,/cases/29,
luna_tools,GPT-5.6 Luna high + tools,tool-assisted,matmul-7c87a93e97c3,matmul,"{""m"": 5, ""n"": 5, ""p"": 5}",published,93,True,93,1.0,bench/results/tool-assisted/luna-high-v1.json,fdf3f35e11a112b97a1691febe9e9f38622858c0dea3a9a0c5b2b303b92e9706,,/cases/30,
luna_tools,GPT-5.6 Luna high + tools,tool-assisted,degdiam-698a36ec659c,degdiam,"{""d"": 4, ""k"": 5}",published,364,True,364,1.0,bench/results/tool-assisted/luna-high-v1.json,fdf3f35e11a112b97a1691febe9e9f38622858c0dea3a9a0c5b2b303b92e9706,,/cases/31,
luna_tools,GPT-5.6 Luna high + tools,tool-assisted,degdiam-550afae4f1d9,degdiam,"{""d"": 7, ""k"": 3}",published,168,True,168,1.0,bench/results/tool-assisted/luna-high-v1.json,fdf3f35e11a112b97a1691febe9e9f38622858c0dea3a9a0c5b2b303b92e9706,,/cases/32,
luna_tools,GPT-5.6 Luna high + tools,tool-assisted,degdiam-1bb88a3f7ec5,degdiam,"{""d"": 4, ""k"": 4}",published,104,True,104,1.0,bench/results/tool-assisted/luna-high-v1.json,fdf3f35e11a112b97a1691febe9e9f38622858c0dea3a9a0c5b2b303b92e9706,,/cases/33,
luna_tools,GPT-5.6 Luna high + tools,tool-assisted,degdiam-69fe33ce30ae,degdiam,"{""d"": 3, ""k"": 7}",published,196,True,196,1.0,bench/results/tool-assisted/luna-high-v1.json,fdf3f35e11a112b97a1691febe9e9f38622858c0dea3a9a0c5b2b303b92e9706,,/cases/34,
luna_tools,GPT-5.6 Luna high + tools,tool-assisted,lineq-dbd7ed2a31a1,lineq,"{""a"": 3, ""b"": 4, ""n"": 19044}",construction,630,False,0,0,bench/results/tool-assisted/luna-high-v1.json,fdf3f35e11a112b97a1691febe9e9f38622858c0dea3a9a0c5b2b303b92e9706,,/cases/35,
luna_tools,GPT-5.6 Luna high + tools,tool-assisted,lineq-8e24e186040f,lineq,"{""a"": 2, ""b"": 5, ""n"": 18883}",construction,609,True,567,0.9310344827586207,bench/results/tool-assisted/luna-high-v1.json,fdf3f35e11a112b97a1691febe9e9f38622858c0dea3a9a0c5b2b303b92e9706,,/cases/36,
luna_tools,GPT-5.6 Luna high + tools,tool-assisted,lineq-9920caf37ad6,lineq,"{""a"": 2, ""b"": 3, ""n"": 17965}",construction,523,True,542,1.0363288718929253,bench/results/tool-assisted/luna-high-v1.json,fdf3f35e11a112b97a1691febe9e9f38622858c0dea3a9a0c5b2b303b92e9706,,/cases/37,
luna_tools,GPT-5.6 Luna high + tools,tool-assisted,lineq-3e1492fbf38e,lineq,"{""a"": 3, ""b"": 4, ""n"": 13312}",construction,512,False,0,0,bench/results/tool-assisted/luna-high-v1.json,fdf3f35e11a112b97a1691febe9e9f38622858c0dea3a9a0c5b2b303b92e9706,,/cases/38,
luna_tools,GPT-5.6 Luna high + tools,tool-assisted,lineq-4cf345605795,lineq,"{""a"": 3, ""b"": 4, ""n"": 6248}",construction,349,True,356,1.0200573065902578,bench/results/tool-assisted/luna-high-v1.json,fdf3f35e11a112b97a1691febe9e9f38622858c0dea3a9a0c5b2b303b92e9706,,/cases/39,
luna_tools,GPT-5.6 Luna high + tools,tool-assisted,apfree_q-01c7215e28dc,apfree_q,"{""n"": 6, ""q"": 5}",published,649,True,649,1.0,bench/results/tool-assisted/luna-high-v1.json,fdf3f35e11a112b97a1691febe9e9f38622858c0dea3a9a0c5b2b303b92e9706,,/cases/40,
luna_tools,GPT-5.6 Luna high + tools,tool-assisted,apfree_q-ea15a8323290,apfree_q,"{""n"": 5, ""q"": 5}",published,194,True,194,1.0,bench/results/tool-assisted/luna-high-v1.json,fdf3f35e11a112b97a1691febe9e9f38622858c0dea3a9a0c5b2b303b92e9706,,/cases/41,
luna_tools,GPT-5.6 Luna high + tools,tool-assisted,mols-9f35e847148f,mols,"{""n"": 14}",published,4,True,4,1.0,bench/results/tool-assisted/luna-high-v1.json,fdf3f35e11a112b97a1691febe9e9f38622858c0dea3a9a0c5b2b303b92e9706,,/cases/42,
luna_tools,GPT-5.6 Luna high + tools,tool-assisted,mols-7c78ac4f7920,mols,"{""n"": 10}",published,2,True,2,1.0,bench/results/tool-assisted/luna-high-v1.json,fdf3f35e11a112b97a1691febe9e9f38622858c0dea3a9a0c5b2b303b92e9706,,/cases/43,
luna_tools,GPT-5.6 Luna high + tools,tool-assisted,mols-934e5656a894,mols,"{""n"": 18}",published,5,True,5,1.0,bench/results/tool-assisted/luna-high-v1.json,fdf3f35e11a112b97a1691febe9e9f38622858c0dea3a9a0c5b2b303b92e9706,,/cases/44,
luna_tools,GPT-5.6 Luna high + tools,tool-assisted,capset-253c1b38c406,capset,"{""d"": 9}",published,1082,True,1082,1.0,bench/results/tool-assisted/luna-high-v1.json,fdf3f35e11a112b97a1691febe9e9f38622858c0dea3a9a0c5b2b303b92e9706,,/cases/45,
luna_tools,GPT-5.6 Luna high + tools,tool-assisted,kissing-a4c5596cf65f,kissing,"{""d"": 13, ""representation"": ""quadratic""}",published,1154,True,1154,1.0,bench/results/tool-assisted/luna-high-v1.json,fdf3f35e11a112b97a1691febe9e9f38622858c0dea3a9a0c5b2b303b92e9706,,/cases/46,
luna_tools,GPT-5.6 Luna high + tools,tool-assisted,matmul-857618e58878,matmul,"{""m"": 5, ""n"": 4, ""p"": 5}",published,76,True,85,0.8941176470588236,bench/results/tool-assisted/luna-high-v1.json,fdf3f35e11a112b97a1691febe9e9f38622858c0dea3a9a0c5b2b303b92e9706,,/cases/47,
luna_tools,GPT-5.6 Luna high + tools,tool-assisted,degdiam-b8f67d96ee68,degdiam,"{""d"": 6, ""k"": 3}",published,111,True,111,1.0,bench/results/tool-assisted/luna-high-v1.json,fdf3f35e11a112b97a1691febe9e9f38622858c0dea3a9a0c5b2b303b92e9706,,/cases/48,
luna_tools,GPT-5.6 Luna high + tools,tool-assisted,degdiam-708cd938b766,degdiam,"{""d"": 5, ""k"": 4}",published,212,True,212,1.0,bench/results/tool-assisted/luna-high-v1.json,fdf3f35e11a112b97a1691febe9e9f38622858c0dea3a9a0c5b2b303b92e9706,,/cases/49,
luna_tools,GPT-5.6 Luna high + tools,tool-assisted,degdiam-71d28a377ba1,degdiam,"{""d"": 3, ""k"": 6}",published,132,True,132,1.0,bench/results/tool-assisted/luna-high-v1.json,fdf3f35e11a112b97a1691febe9e9f38622858c0dea3a9a0c5b2b303b92e9706,,/cases/50,
luna_tools,GPT-5.6 Luna high + tools,tool-assisted,apfree_q-84ab372c1270,apfree_q,"{""n"": 4, ""q"": 7}",construction,103,True,119,1.1553398058252426,bench/results/tool-assisted/luna-high-v1.json,fdf3f35e11a112b97a1691febe9e9f38622858c0dea3a9a0c5b2b303b92e9706,,/cases/51,
luna_tools,GPT-5.6 Luna high + tools,tool-assisted,mols-dfb4c3a55793,mols,"{""n"": 15}",published,4,True,4,1.0,bench/results/tool-assisted/luna-high-v1.json,fdf3f35e11a112b97a1691febe9e9f38622858c0dea3a9a0c5b2b303b92e9706,,/cases/52,
luna_tools,GPT-5.6 Luna high + tools,tool-assisted,mols-5e98497ace6a,mols,"{""n"": 12}",published,5,True,5,1.0,bench/results/tool-assisted/luna-high-v1.json,fdf3f35e11a112b97a1691febe9e9f38622858c0dea3a9a0c5b2b303b92e9706,,/cases/53,
luna_tools,GPT-5.6 Luna high + tools,tool-assisted,mols-0e29c62754e2,mols,"{""n"": 20}",published,4,True,3,0.75,bench/results/tool-assisted/luna-high-v1.json,fdf3f35e11a112b97a1691febe9e9f38622858c0dea3a9a0c5b2b303b92e9706,,/cases/54,
luna_tools,GPT-5.6 Luna high + tools,tool-assisted,schur-133b39146db2,schur,"{""k"": 7}",published,1696,True,1696,1.0,bench/results/tool-assisted/luna-high-v1.json,fdf3f35e11a112b97a1691febe9e9f38622858c0dea3a9a0c5b2b303b92e9706,,/cases/55,
luna_tools,GPT-5.6 Luna high + tools,tool-assisted,schur-4f4fcef4287a,schur,"{""k"": 6}",published,536,True,536,1.0,bench/results/tool-assisted/luna-high-v1.json,fdf3f35e11a112b97a1691febe9e9f38622858c0dea3a9a0c5b2b303b92e9706,,/cases/56,
luna_tools,GPT-5.6 Luna high + tools,tool-assisted,schur-16d4130a2932,schur,"{""k"": 8}",published,5362,True,5362,1.0,bench/results/tool-assisted/luna-high-v1.json,fdf3f35e11a112b97a1691febe9e9f38622858c0dea3a9a0c5b2b303b92e9706,,/cases/57,
luna_tools,GPT-5.6 Luna high + tools,tool-assisted,covering-96b61f7899e7,covering,"{""k"": 7, ""t"": 4, ""v"": 18}",published,126,True,126,1.0,bench/results/tool-assisted/luna-high-v1.json,fdf3f35e11a112b97a1691febe9e9f38622858c0dea3a9a0c5b2b303b92e9706,,/cases/58,
luna_tools,GPT-5.6 Luna high + tools,tool-assisted,covering-551581f999ca,covering,"{""k"": 6, ""t"": 3, ""v"": 30}",published,225,True,287,0.7839721254355401,bench/results/tool-assisted/luna-high-v1.json,fdf3f35e11a112b97a1691febe9e9f38622858c0dea3a9a0c5b2b303b92e9706,,/cases/59,
luna_tools,GPT-5.6 Luna high + tools,tool-assisted,covering-e208a41ac8b5,covering,"{""k"": 6, ""t"": 3, ""v"": 24}",published,116,True,145,0.8,bench/results/tool-assisted/luna-high-v1.json,fdf3f35e11a112b97a1691febe9e9f38622858c0dea3a9a0c5b2b303b92e9706,,/cases/60,
luna_tools,GPT-5.6 Luna high + tools,tool-assisted,shannon-4d7467466a4c,shannon,"{""d"": 24, ""q"": 7}",construction,1941100559147,True,1922959432426,0.9906542056074766,bench/results/tool-assisted/luna-high-v1.json,fdf3f35e11a112b97a1691febe9e9f38622858c0dea3a9a0c5b2b303b92e9706,,/cases/61,
luna_tools,GPT-5.6 Luna high + tools,tool-assisted,shannon-dbd709082fa3,shannon,"{""d"": 40, ""q"": 7}",construction,329100478707380211841,True,329100478707380211841,1.0,bench/results/tool-assisted/luna-high-v1.json,fdf3f35e11a112b97a1691febe9e9f38622858c0dea3a9a0c5b2b303b92e9706,,/cases/62,
luna_tools,GPT-5.6 Luna high + tools,tool-assisted,shannon-3ba3fb861c12,shannon,"{""d"": 48, ""q"": 9}",construction,3433683820292512484657849089281,True,3433683820292512484657849089281,1.0,bench/results/tool-assisted/luna-high-v1.json,fdf3f35e11a112b97a1691febe9e9f38622858c0dea3a9a0c5b2b303b92e9706,,/cases/63,
luna_tools,GPT-5.6 Luna high + tools,tool-assisted,shannon-feb50364a0a8,shannon,"{""d"": 64, ""q"": 9}",construction,47890060730248079154410960106868188422724,True,47890060730248079154410960106868188422724,1.0,bench/results/tool-assisted/luna-high-v1.json,fdf3f35e11a112b97a1691febe9e9f38622858c0dea3a9a0c5b2b303b92e9706,,/cases/64,
luna_tools,GPT-5.6 Luna high + tools,tool-assisted,trifference-f9a51728af9d,trifference,"{""m"": 1, ""n"": 64, ""representation"": ""certified""}",construction,19683,True,19683,1.0,bench/results/tool-assisted/luna-high-v1.json,fdf3f35e11a112b97a1691febe9e9f38622858c0dea3a9a0c5b2b303b92e9706,,/cases/65,
luna_tools,GPT-5.6 Luna high + tools,tool-assisted,trifference-0809543b57d9,trifference,"{""m"": 1, ""n"": 96, ""representation"": ""certified""}",construction,531441,True,531441,1.0,bench/results/tool-assisted/luna-high-v1.json,fdf3f35e11a112b97a1691febe9e9f38622858c0dea3a9a0c5b2b303b92e9706,,/cases/66,
luna_tools,GPT-5.6 Luna high + tools,tool-assisted,trifference-144e830d3cd7,trifference,"{""m"": 1, ""n"": 144, ""representation"": ""certified""}",construction,387420489,False,0,0,bench/results/tool-assisted/luna-high-v1.json,fdf3f35e11a112b97a1691febe9e9f38622858c0dea3a9a0c5b2b303b92e9706,,/cases/67,
luna_tools,GPT-5.6 Luna high + tools,tool-assisted,trifference-2878b90f82e4,trifference,"{""m"": 1, ""n"": 192, ""representation"": ""certified""}",construction,10460353203,True,10460353203,1.0,bench/results/tool-assisted/luna-high-v1.json,fdf3f35e11a112b97a1691febe9e9f38622858c0dea3a9a0c5b2b303b92e9706,,/cases/68,
opus55_tools,Claude Opus 5.5 high + tools,tool-assisted,capset-e561943a0230,capset,"{""d"": 10}",published,2432,True,2240,0.9210526315789473,bench/results/tool-assisted/opus55-high-v1.json,d602e51035351a446c8ecf2e32995588f3bfff288fb42dacc3a55ee41f4c36f6,,/cases/0,
opus55_tools,Claude Opus 5.5 high + tools,tool-assisted,capset-fb287354fb10,capset,"{""d"": 11}",published,5504,True,5488,0.997093023255814,bench/results/tool-assisted/opus55-high-v1.json,d602e51035351a446c8ecf2e32995588f3bfff288fb42dacc3a55ee41f4c36f6,,/cases/1,
opus55_tools,Claude Opus 5.5 high + tools,tool-assisted,labs-8e3bca55269d,labs,"{""N"": 280}",construction,5.577689243027889,True,6.261980830670926,1.1226837060702874,bench/results/tool-assisted/opus55-high-v1.json,d602e51035351a446c8ecf2e32995588f3bfff288fb42dacc3a55ee41f4c36f6,,/cases/2,
opus55_tools,Claude Opus 5.5 high + tools,tool-assisted,labs-0b0c9e75a95d,labs,"{""N"": 375}",construction,5.919058843336981,True,6.238355070535001,1.0539437494454795,bench/results/tool-assisted/opus55-high-v1.json,d602e51035351a446c8ecf2e32995588f3bfff288fb42dacc3a55ee41f4c36f6,,/cases/3,
opus55_tools,Claude Opus 5.5 high + tools,tool-assisted,labs-69bcd35b5eda,labs,"{""N"": 357}",construction,5.862419503219871,True,6.261004126547455,1.0679897818824915,bench/results/tool-assisted/opus55-high-v1.json,d602e51035351a446c8ecf2e32995588f3bfff288fb42dacc3a55ee41f4c36f6,,/cases/4,
opus55_tools,Claude Opus 5.5 high + tools,tool-assisted,labs-112648954874,labs,"{""N"": 281}",construction,5.65299255441008,True,8.5752606429192,1.5169417897480453,bench/results/tool-assisted/opus55-high-v1.json,d602e51035351a446c8ecf2e32995588f3bfff288fb42dacc3a55ee41f4c36f6,,/cases/5,
opus55_tools,Claude Opus 5.5 high + tools,tool-assisted,labs-824c59888322,labs,"{""N"": 240}",construction,5.858421480878763,True,6.25,1.0668402777777777,bench/results/tool-assisted/opus55-high-v1.json,d602e51035351a446c8ecf2e32995588f3bfff288fb42dacc3a55ee41f4c36f6,,/cases/6,
opus55_tools,Claude Opus 5.5 high + tools,tool-assisted,heilbronn-c4d41ce5a93d,heilbronn,"{""n"": 46}",construction,0.00047375,True,0.00097898,2.066448548812665,bench/results/tool-assisted/opus55-high-v1.json,d602e51035351a446c8ecf2e32995588f3bfff288fb42dacc3a55ee41f4c36f6,,/cases/7,
opus55_tools,Claude Opus 5.5 high + tools,tool-assisted,heilbronn-0c621382b805,heilbronn,"{""n"": 26}",construction,0.002620975,True,0.00756784,2.8874140348534416,bench/results/tool-assisted/opus55-high-v1.json,d602e51035351a446c8ecf2e32995588f3bfff288fb42dacc3a55ee41f4c36f6,,/cases/8,
opus55_tools,Claude Opus 5.5 high + tools,tool-assisted,heilbronn-a5c5c8aa2e3f,heilbronn,"{""n"": 40}",construction,0.0006907,True,0.0012384,1.7929636600550165,bench/results/tool-assisted/opus55-high-v1.json,d602e51035351a446c8ecf2e32995588f3bfff288fb42dacc3a55ee41f4c36f6,,/cases/9,
opus55_tools,Claude Opus 5.5 high + tools,tool-assisted,heilbronn-d9588eea537f,heilbronn,"{""n"": 50}",construction,0.0002857,True,0.001699965,5.9501750087504375,bench/results/tool-assisted/opus55-high-v1.json,d602e51035351a446c8ecf2e32995588f3bfff288fb42dacc3a55ee41f4c36f6,,/cases/10,
opus55_tools,Claude Opus 5.5 high + tools,tool-assisted,heilbronn-ce0964a3b547,heilbronn,"{""n"": 48}",construction,0.00037548,True,0.00167845,4.470144881218707,bench/results/tool-assisted/opus55-high-v1.json,d602e51035351a446c8ecf2e32995588f3bfff288fb42dacc3a55ee41f4c36f6,,/cases/11,
opus55_tools,Claude Opus 5.5 high + tools,tool-assisted,kissing-7c7466431087,kissing,"{""d"": 14}",published,1932,True,1932,1.0,bench/results/tool-assisted/opus55-high-v1.json,d602e51035351a446c8ecf2e32995588f3bfff288fb42dacc3a55ee41f4c36f6,,/cases/12,
opus55_tools,Claude Opus 5.5 high + tools,tool-assisted,kissing-0e2702baa0cb,kissing,"{""d"": 15}",published,2564,True,2564,1.0,bench/results/tool-assisted/opus55-high-v1.json,d602e51035351a446c8ecf2e32995588f3bfff288fb42dacc3a55ee41f4c36f6,,/cases/13,
opus55_tools,Claude Opus 5.5 high + tools,tool-assisted,corners-5c0a651526bb,corners,"{""n"": 138}",construction,3120,True,3364,1.0782051282051281,bench/results/tool-assisted/opus55-high-v1.json,d602e51035351a446c8ecf2e32995588f3bfff288fb42dacc3a55ee41f4c36f6,,/cases/14,
opus55_tools,Claude Opus 5.5 high + tools,tool-assisted,corners-df38f45e8b38,corners,"{""n"": 183}",construction,4698,True,5377,1.1445295870583228,bench/results/tool-assisted/opus55-high-v1.json,d602e51035351a446c8ecf2e32995588f3bfff288fb42dacc3a55ee41f4c36f6,,/cases/15,
opus55_tools,Claude Opus 5.5 high + tools,tool-assisted,corners-dce415bc82c9,corners,"{""n"": 150}",construction,3504,True,3845,1.0973173515981736,bench/results/tool-assisted/opus55-high-v1.json,d602e51035351a446c8ecf2e32995588f3bfff288fb42dacc3a55ee41f4c36f6,,/cases/16,
opus55_tools,Claude Opus 5.5 high + tools,tool-assisted,corners-299b1caf450c,corners,"{""n"": 162}",construction,3888,True,4358,1.1208847736625513,bench/results/tool-assisted/opus55-high-v1.json,d602e51035351a446c8ecf2e32995588f3bfff288fb42dacc3a55ee41f4c36f6,,/cases/17,
opus55_tools,Claude Opus 5.5 high + tools,tool-assisted,corners-b92c953c9648,corners,"{""n"": 185}",construction,4786,True,5467,1.142290012536565,bench/results/tool-assisted/opus55-high-v1.json,d602e51035351a446c8ecf2e32995588f3bfff288fb42dacc3a55ee41f4c36f6,,/cases/18,
opus55_tools,Claude Opus 5.5 high + tools,tool-assisted,kissing_theta-48ea4a32bea2,kissing_theta,"{""cos100"": 24, ""d"": 12}",construction,28,True,72,2.5714285714285716,bench/results/tool-assisted/opus55-high-v1.json,d602e51035351a446c8ecf2e32995588f3bfff288fb42dacc3a55ee41f4c36f6,,/cases/19,
opus55_tools,Claude Opus 5.5 high + tools,tool-assisted,kissing_theta-88cc99fc7fbd,kissing_theta,"{""cos100"": 39, ""d"": 12}",construction,152,True,231,1.519736842105263,bench/results/tool-assisted/opus55-high-v1.json,d602e51035351a446c8ecf2e32995588f3bfff288fb42dacc3a55ee41f4c36f6,,/cases/20,
opus55_tools,Claude Opus 5.5 high + tools,tool-assisted,kissing_theta-18c29aeaf14f,kissing_theta,"{""cos100"": 36, ""d"": 14}",construction,124,True,343,2.7661290322580645,bench/results/tool-assisted/opus55-high-v1.json,d602e51035351a446c8ecf2e32995588f3bfff288fb42dacc3a55ee41f4c36f6,,/cases/21,
opus55_tools,Claude Opus 5.5 high + tools,tool-assisted,kissing_theta-6cdc8634ec21,kissing_theta,"{""cos100"": 39, ""d"": 14}",construction,132,True,420,3.1818181818181817,bench/results/tool-assisted/opus55-high-v1.json,d602e51035351a446c8ecf2e32995588f3bfff288fb42dacc3a55ee41f4c36f6,,/cases/22,
opus55_tools,Claude Opus 5.5 high + tools,tool-assisted,kissing_theta-5c1803b86d2d,kissing_theta,"{""cos100"": 36, ""d"": 12}",construction,152,True,187,1.230263157894737,bench/results/tool-assisted/opus55-high-v1.json,d602e51035351a446c8ecf2e32995588f3bfff288fb42dacc3a55ee41f4c36f6,,/cases/23,
opus55_tools,Claude Opus 5.5 high + tools,tool-assisted,heilbronn_shape-170f6064b3d7,heilbronn_shape,"{""T"": [[9026, 8197], [1769, 9178], [7298, 1276]], ""n"": 32}",construction,0.0014884960025223,True,0.0029664374813478164,1.992909269706537,bench/results/tool-assisted/opus55-high-v1.json,d602e51035351a446c8ecf2e32995588f3bfff288fb42dacc3a55ee41f4c36f6,,/cases/24,
opus55_tools,Claude Opus 5.5 high + tools,tool-assisted,heilbronn_shape-0cef36bc9728,heilbronn_shape,"{""T"": [[578, 9933], [8598, 7337], [2075, 588]], ""n"": 34}",construction,0.0010042824240598402,True,0.0028589084304953536,2.846717578644994,bench/results/tool-assisted/opus55-high-v1.json,d602e51035351a446c8ecf2e32995588f3bfff288fb42dacc3a55ee41f4c36f6,,/cases/25,
opus55_tools,Claude Opus 5.5 high + tools,tool-assisted,heilbronn_shape-0e86da8665f2,heilbronn_shape,"{""T"": [[411, 7999], [9004, 9890], [3031, 713]], ""n"": 31}",construction,0.0016863811501138092,True,0.002748426661461452,1.6297778596943926,bench/results/tool-assisted/opus55-high-v1.json,d602e51035351a446c8ecf2e32995588f3bfff288fb42dacc3a55ee41f4c36f6,,/cases/26,
opus55_tools,Claude Opus 5.5 high + tools,tool-assisted,heilbronn_shape-4efe4b6d2f48,heilbronn_shape,"{""T"": [[7922, 8793], [9917, 1548], [1510, 3942]], ""n"": 40}",construction,0.0005937004438679532,True,0.0026567230838859747,4.474854467982956,bench/results/tool-assisted/opus55-high-v1.json,d602e51035351a446c8ecf2e32995588f3bfff288fb42dacc3a55ee41f4c36f6,,/cases/27,
opus55_tools,Claude Opus 5.5 high + tools,tool-assisted,heilbronn_shape-7654620d3ab8,heilbronn_shape,"{""T"": [[526, 8526], [8696, 8279], [8084, 1688]], ""n"": 26}",construction,0.003982656623191187,True,0.004985700458636442,1.2518529540318606,bench/results/tool-assisted/opus55-high-v1.json,d602e51035351a446c8ecf2e32995588f3bfff288fb42dacc3a55ee41f4c36f6,,/cases/28,
opus55_tools,Claude Opus 5.5 high + tools,tool-assisted,matmul-ffd9b6a99452,matmul,"{""m"": 4, ""n"": 4, ""p"": 5}",published,61,True,61,1.0,bench/results/tool-assisted/opus55-high-v1.json,d602e51035351a446c8ecf2e32995588f3bfff288fb42dacc3a55ee41f4c36f6,,/cases/29,
opus55_tools,Claude Opus 5.5 high + tools,tool-assisted,matmul-7c87a93e97c3,matmul,"{""m"": 5, ""n"": 5, ""p"": 5}",published,93,True,93,1.0,bench/results/tool-assisted/opus55-high-v1.json,d602e51035351a446c8ecf2e32995588f3bfff288fb42dacc3a55ee41f4c36f6,,/cases/30,
opus55_tools,Claude Opus 5.5 high + tools,tool-assisted,degdiam-698a36ec659c,degdiam,"{""d"": 4, ""k"": 5}",published,364,True,364,1.0,bench/results/tool-assisted/opus55-high-v1.json,d602e51035351a446c8ecf2e32995588f3bfff288fb42dacc3a55ee41f4c36f6,,/cases/31,
opus55_tools,Claude Opus 5.5 high + tools,tool-assisted,degdiam-550afae4f1d9,degdiam,"{""d"": 7, ""k"": 3}",published,168,True,168,1.0,bench/results/tool-assisted/opus55-high-v1.json,d602e51035351a446c8ecf2e32995588f3bfff288fb42dacc3a55ee41f4c36f6,,/cases/32,
opus55_tools,Claude Opus 5.5 high + tools,tool-assisted,degdiam-1bb88a3f7ec5,degdiam,"{""d"": 4, ""k"": 4}",published,104,True,99,0.9519230769230769,bench/results/tool-assisted/opus55-high-v1.json,d602e51035351a446c8ecf2e32995588f3bfff288fb42dacc3a55ee41f4c36f6,,/cases/33,
opus55_tools,Claude Opus 5.5 high + tools,tool-assisted,degdiam-69fe33ce30ae,degdiam,"{""d"": 3, ""k"": 7}",published,196,True,196,1.0,bench/results/tool-assisted/opus55-high-v1.json,d602e51035351a446c8ecf2e32995588f3bfff288fb42dacc3a55ee41f4c36f6,,/cases/34,
opus55_tools,Claude Opus 5.5 high + tools,tool-assisted,lineq-dbd7ed2a31a1,lineq,"{""a"": 3, ""b"": 4, ""n"": 19044}",construction,630,True,775,1.2301587301587302,bench/results/tool-assisted/opus55-high-v1.json,d602e51035351a446c8ecf2e32995588f3bfff288fb42dacc3a55ee41f4c36f6,,/cases/35,
opus55_tools,Claude Opus 5.5 high + tools,tool-assisted,lineq-8e24e186040f,lineq,"{""a"": 2, ""b"": 5, ""n"": 18883}",construction,609,True,976,1.6026272577996716,bench/results/tool-assisted/opus55-high-v1.json,d602e51035351a446c8ecf2e32995588f3bfff288fb42dacc3a55ee41f4c36f6,,/cases/36,
opus55_tools,Claude Opus 5.5 high + tools,tool-assisted,lineq-9920caf37ad6,lineq,"{""a"": 2, ""b"": 3, ""n"": 17965}",construction,523,True,744,1.4225621414913958,bench/results/tool-assisted/opus55-high-v1.json,d602e51035351a446c8ecf2e32995588f3bfff288fb42dacc3a55ee41f4c36f6,,/cases/37,
opus55_tools,Claude Opus 5.5 high + tools,tool-assisted,lineq-3e1492fbf38e,lineq,"{""a"": 3, ""b"": 4, ""n"": 13312}",construction,512,True,639,1.248046875,bench/results/tool-assisted/opus55-high-v1.json,d602e51035351a446c8ecf2e32995588f3bfff288fb42dacc3a55ee41f4c36f6,,/cases/38,
opus55_tools,Claude Opus 5.5 high + tools,tool-assisted,lineq-4cf345605795,lineq,"{""a"": 3, ""b"": 4, ""n"": 6248}",construction,349,True,500,1.4326647564469914,bench/results/tool-assisted/opus55-high-v1.json,d602e51035351a446c8ecf2e32995588f3bfff288fb42dacc3a55ee41f4c36f6,,/cases/39,
opus55_tools,Claude Opus 5.5 high + tools,tool-assisted,apfree_q-01c7215e28dc,apfree_q,"{""n"": 6, ""q"": 5}",published,649,True,649,1.0,bench/results/tool-assisted/opus55-high-v1.json,d602e51035351a446c8ecf2e32995588f3bfff288fb42dacc3a55ee41f4c36f6,,/cases/40,
opus55_tools,Claude Opus 5.5 high + tools,tool-assisted,apfree_q-ea15a8323290,apfree_q,"{""n"": 5, ""q"": 5}",published,194,True,193,0.9948453608247423,bench/results/tool-assisted/opus55-high-v1.json,d602e51035351a446c8ecf2e32995588f3bfff288fb42dacc3a55ee41f4c36f6,,/cases/41,
opus55_tools,Claude Opus 5.5 high + tools,tool-assisted,mols-9f35e847148f,mols,"{""n"": 14}",published,4,True,4,1.0,bench/results/tool-assisted/opus55-high-v1.json,d602e51035351a446c8ecf2e32995588f3bfff288fb42dacc3a55ee41f4c36f6,,/cases/42,
opus55_tools,Claude Opus 5.5 high + tools,tool-assisted,mols-7c78ac4f7920,mols,"{""n"": 10}",published,2,True,2,1.0,bench/results/tool-assisted/opus55-high-v1.json,d602e51035351a446c8ecf2e32995588f3bfff288fb42dacc3a55ee41f4c36f6,,/cases/43,
opus55_tools,Claude Opus 5.5 high + tools,tool-assisted,mols-934e5656a894,mols,"{""n"": 18}",published,5,True,5,1.0,bench/results/tool-assisted/opus55-high-v1.json,d602e51035351a446c8ecf2e32995588f3bfff288fb42dacc3a55ee41f4c36f6,,/cases/44,
opus55_tools,Claude Opus 5.5 high + tools,tool-assisted,capset-253c1b38c406,capset,"{""d"": 9}",published,1082,True,1024,0.9463955637707948,bench/results/tool-assisted/opus55-high-v1.json,d602e51035351a446c8ecf2e32995588f3bfff288fb42dacc3a55ee41f4c36f6,,/cases/45,
opus55_tools,Claude Opus 5.5 high + tools,tool-assisted,kissing-a4c5596cf65f,kissing,"{""d"": 13, ""representation"": ""quadratic""}",published,1154,True,1154,1.0,bench/results/tool-assisted/opus55-high-v1.json,d602e51035351a446c8ecf2e32995588f3bfff288fb42dacc3a55ee41f4c36f6,,/cases/46,
opus55_tools,Claude Opus 5.5 high + tools,tool-assisted,matmul-857618e58878,matmul,"{""m"": 5, ""n"": 4, ""p"": 5}",published,76,True,76,1.0,bench/results/tool-assisted/opus55-high-v1.json,d602e51035351a446c8ecf2e32995588f3bfff288fb42dacc3a55ee41f4c36f6,,/cases/47,
opus55_tools,Claude Opus 5.5 high + tools,tool-assisted,degdiam-b8f67d96ee68,degdiam,"{""d"": 6, ""k"": 3}",published,111,True,111,1.0,bench/results/tool-assisted/opus55-high-v1.json,d602e51035351a446c8ecf2e32995588f3bfff288fb42dacc3a55ee41f4c36f6,,/cases/48,
opus55_tools,Claude Opus 5.5 high + tools,tool-assisted,degdiam-708cd938b766,degdiam,"{""d"": 5, ""k"": 4}",published,212,True,210,0.9905660377358491,bench/results/tool-assisted/opus55-high-v1.json,d602e51035351a446c8ecf2e32995588f3bfff288fb42dacc3a55ee41f4c36f6,,/cases/49,
opus55_tools,Claude Opus 5.5 high + tools,tool-assisted,degdiam-71d28a377ba1,degdiam,"{""d"": 3, ""k"": 6}",published,132,True,132,1.0,bench/results/tool-assisted/opus55-high-v1.json,d602e51035351a446c8ecf2e32995588f3bfff288fb42dacc3a55ee41f4c36f6,,/cases/50,
opus55_tools,Claude Opus 5.5 high + tools,tool-assisted,apfree_q-84ab372c1270,apfree_q,"{""n"": 4, ""q"": 7}",construction,103,True,175,1.6990291262135921,bench/results/tool-assisted/opus55-high-v1.json,d602e51035351a446c8ecf2e32995588f3bfff288fb42dacc3a55ee41f4c36f6,,/cases/51,
opus55_tools,Claude Opus 5.5 high + tools,tool-assisted,mols-dfb4c3a55793,mols,"{""n"": 15}",published,4,True,4,1.0,bench/results/tool-assisted/opus55-high-v1.json,d602e51035351a446c8ecf2e32995588f3bfff288fb42dacc3a55ee41f4c36f6,,/cases/52,
opus55_tools,Claude Opus 5.5 high + tools,tool-assisted,mols-5e98497ace6a,mols,"{""n"": 12}",published,5,True,5,1.0,bench/results/tool-assisted/opus55-high-v1.json,d602e51035351a446c8ecf2e32995588f3bfff288fb42dacc3a55ee41f4c36f6,,/cases/53,
opus55_tools,Claude Opus 5.5 high + tools,tool-assisted,mols-0e29c62754e2,mols,"{""n"": 20}",published,4,True,3,0.75,bench/results/tool-assisted/opus55-high-v1.json,d602e51035351a446c8ecf2e32995588f3bfff288fb42dacc3a55ee41f4c36f6,,/cases/54,
opus55_tools,Claude Opus 5.5 high + tools,tool-assisted,schur-133b39146db2,schur,"{""k"": 7}",published,1696,True,1696,1.0,bench/results/tool-assisted/opus55-high-v1.json,d602e51035351a446c8ecf2e32995588f3bfff288fb42dacc3a55ee41f4c36f6,,/cases/55,
opus55_tools,Claude Opus 5.5 high + tools,tool-assisted,schur-4f4fcef4287a,schur,"{""k"": 6}",published,536,True,536,1.0,bench/results/tool-assisted/opus55-high-v1.json,d602e51035351a446c8ecf2e32995588f3bfff288fb42dacc3a55ee41f4c36f6,,/cases/56,
opus55_tools,Claude Opus 5.5 high + tools,tool-assisted,schur-16d4130a2932,schur,"{""k"": 8}",published,5362,True,5362,1.0,bench/results/tool-assisted/opus55-high-v1.json,d602e51035351a446c8ecf2e32995588f3bfff288fb42dacc3a55ee41f4c36f6,,/cases/57,
opus55_tools,Claude Opus 5.5 high + tools,tool-assisted,covering-96b61f7899e7,covering,"{""k"": 7, ""t"": 4, ""v"": 18}",published,126,True,126,1.0,bench/results/tool-assisted/opus55-high-v1.json,d602e51035351a446c8ecf2e32995588f3bfff288fb42dacc3a55ee41f4c36f6,,/cases/58,
opus55_tools,Claude Opus 5.5 high + tools,tool-assisted,covering-551581f999ca,covering,"{""k"": 6, ""t"": 3, ""v"": 30}",published,225,True,225,1.0,bench/results/tool-assisted/opus55-high-v1.json,d602e51035351a446c8ecf2e32995588f3bfff288fb42dacc3a55ee41f4c36f6,,/cases/59,
opus55_tools,Claude Opus 5.5 high + tools,tool-assisted,covering-e208a41ac8b5,covering,"{""k"": 6, ""t"": 3, ""v"": 24}",published,116,True,116,1.0,bench/results/tool-assisted/opus55-high-v1.json,d602e51035351a446c8ecf2e32995588f3bfff288fb42dacc3a55ee41f4c36f6,,/cases/60,
opus55_tools,Claude Opus 5.5 high + tools,tool-assisted,shannon-4d7467466a4c,shannon,"{""d"": 24, ""q"": 7}",construction,1941100559147,True,1959241685868,1.0093457943925233,bench/results/tool-assisted/opus55-high-v1.json,d602e51035351a446c8ecf2e32995588f3bfff288fb42dacc3a55ee41f4c36f6,,/cases/61,
opus55_tools,Claude Opus 5.5 high + tools,tool-assisted,shannon-dbd709082fa3,shannon,"{""d"": 40, ""q"": 7}",construction,329100478707380211841,True,329100478707380211841,1.0,bench/results/tool-assisted/opus55-high-v1.json,d602e51035351a446c8ecf2e32995588f3bfff288fb42dacc3a55ee41f4c36f6,,/cases/62,
opus55_tools,Claude Opus 5.5 high + tools,tool-assisted,shannon-3ba3fb861c12,shannon,"{""d"": 48, ""q"": 9}",construction,3433683820292512484657849089281,True,3433683820292512484657849089281,1.0,bench/results/tool-assisted/opus55-high-v1.json,d602e51035351a446c8ecf2e32995588f3bfff288fb42dacc3a55ee41f4c36f6,,/cases/63,
opus55_tools,Claude Opus 5.5 high + tools,tool-assisted,shannon-feb50364a0a8,shannon,"{""d"": 64, ""q"": 9}",construction,47890060730248079154410960106868188422724,True,47890060730248079154410960106868188422724,1.0,bench/results/tool-assisted/opus55-high-v1.json,d602e51035351a446c8ecf2e32995588f3bfff288fb42dacc3a55ee41f4c36f6,,/cases/64,
opus55_tools,Claude Opus 5.5 high + tools,tool-assisted,trifference-f9a51728af9d,trifference,"{""m"": 1, ""n"": 64, ""representation"": ""certified""}",construction,19683,True,531441,27.0,bench/results/tool-assisted/opus55-high-v1.json,d602e51035351a446c8ecf2e32995588f3bfff288fb42dacc3a55ee41f4c36f6,,/cases/65,
opus55_tools,Claude Opus 5.5 high + tools,tool-assisted,trifference-0809543b57d9,trifference,"{""m"": 1, ""n"": 96, ""representation"": ""certified""}",construction,531441,True,531441,1.0,bench/results/tool-assisted/opus55-high-v1.json,d602e51035351a446c8ecf2e32995588f3bfff288fb42dacc3a55ee41f4c36f6,,/cases/66,
opus55_tools,Claude Opus 5.5 high + tools,tool-assisted,trifference-144e830d3cd7,trifference,"{""m"": 1, ""n"": 144, ""representation"": ""certified""}",construction,387420489,True,387420489,1.0,bench/results/tool-assisted/opus55-high-v1.json,d602e51035351a446c8ecf2e32995588f3bfff288fb42dacc3a55ee41f4c36f6,,/cases/67,
opus55_tools,Claude Opus 5.5 high + tools,tool-assisted,trifference-2878b90f82e4,trifference,"{""m"": 1, ""n"": 192, ""representation"": ""certified""}",construction,10460353203,True,10460353203,1.0,bench/results/tool-assisted/opus55-high-v1.json,d602e51035351a446c8ecf2e32995588f3bfff288fb42dacc3a55ee41f4c36f6,,/cases/68,
